{"level":"info","message":"server running --- from server.ts","timestamp":"2025-01-01T18:34:52.313Z"}
{"level":"info","message":"server running --- from server.ts","timestamp":"2025-01-01T18:35:02.055Z"}
{"level":"info","message":"server running --- from server.ts","timestamp":"2025-01-01T18:35:10.983Z"}
{"level":"info","message":"server running --- from server.ts","timestamp":"2025-01-01T18:37:23.224Z"}
{"level":"info","message":"server running --- from server.ts","timestamp":"2025-01-01T18:37:34.616Z"}
{"level":"info","message":"GET URL REQ => http://localhost:6201/api/v1/attendance/report","timestamp":"2025-01-01T18:38:01.762Z"}
{"level":"info","message":"server running --- from server.ts","timestamp":"2025-01-01T18:45:06.916Z"}
{"level":"info","message":"server running --- from server.ts","timestamp":"2025-01-01T18:45:15.193Z"}
{"level":"info","message":"server running --- from server.ts","timestamp":"2025-01-01T18:46:10.866Z"}
{"level":"info","message":"server running --- from server.ts","timestamp":"2025-01-01T18:47:09.933Z"}
{"level":"info","message":"server running --- from server.ts","timestamp":"2025-01-01T18:47:20.006Z"}
{"level":"info","message":"server running --- from server.ts","timestamp":"2025-01-01T18:47:36.950Z"}
{"level":"info","message":"GET URL REQ => http://localhost:6201/api/v1/attendance/report","timestamp":"2025-01-01T18:47:42.798Z"}
{"level":"info","message":"GET URL REQ => http://localhost:6201/api/v1/attendance/report","timestamp":"2025-01-01T18:48:28.049Z"}
{"level":"info","message":"server running --- from server.ts","timestamp":"2025-01-01T18:56:11.528Z"}
{"level":"info","message":"server running --- from server.ts","timestamp":"2025-01-01T18:56:16.843Z"}
{"level":"info","message":"server running --- from server.ts","timestamp":"2025-01-01T18:56:26.520Z"}
{"level":"info","message":"server running --- from server.ts","timestamp":"2025-01-01T18:56:45.738Z"}
{"level":"info","message":"server running --- from server.ts","timestamp":"2025-01-01T18:56:58.476Z"}
{"level":"info","message":"server running --- from server.ts","timestamp":"2025-01-01T18:57:10.769Z"}
{"level":"info","message":"GET URL REQ => http://localhost:6201/api/v1/attendance/report","timestamp":"2025-01-01T18:57:23.929Z"}
{"level":"info","message":"server running --- from server.ts","timestamp":"2025-01-01T18:58:02.891Z"}
{"level":"info","message":"server running --- from server.ts","timestamp":"2025-01-01T18:58:21.433Z"}
{"level":"info","message":"GET URL REQ => http://localhost:6201/api/v1/attendance/report","timestamp":"2025-01-01T18:58:24.789Z"}
{"level":"info","message":"server running --- from server.ts","timestamp":"2025-01-01T19:00:42.176Z"}
{"level":"info","message":"server running --- from server.ts","timestamp":"2025-01-01T19:01:19.073Z"}
{"level":"info","message":"server running --- from server.ts","timestamp":"2025-01-01T19:01:27.020Z"}
{"level":"info","message":"server running --- from server.ts","timestamp":"2025-01-01T19:01:46.320Z"}
{"level":"info","message":"GET URL REQ => http://localhost:6201/api/v1/attendance/report","timestamp":"2025-01-01T19:01:49.628Z"}
{"level":"info","message":"server running --- from server.ts","timestamp":"2025-01-01T19:03:57.822Z"}
{"level":"info","message":"server running --- from server.ts","timestamp":"2025-01-01T19:04:02.886Z"}
{"level":"info","message":"server running --- from server.ts","timestamp":"2025-01-01T19:04:10.516Z"}
{"level":"info","message":"server running --- from server.ts","timestamp":"2025-01-01T19:04:17.766Z"}
{"level":"info","message":"server running --- from server.ts","timestamp":"2025-01-01T19:04:32.724Z"}
{"level":"info","message":"server running --- from server.ts","timestamp":"2025-01-01T19:04:44.252Z"}
{"level":"info","message":"server running --- from server.ts","timestamp":"2025-01-01T19:05:01.555Z"}
{"level":"info","message":"GET URL REQ => http://localhost:6201/api/v1/attendance/report","timestamp":"2025-01-01T19:05:11.074Z"}
{"level":"info","message":"GET URL REQ => http://localhost:6201/api/v1/attendance/report","timestamp":"2025-01-01T19:05:51.873Z"}
{"level":"info","message":"GET URL REQ => http://localhost:6201/api/v1/attendance/report","timestamp":"2025-01-01T19:06:36.446Z"}
{"level":"info","message":"GET URL REQ => http://localhost:6201/api/v1/attendance/report","timestamp":"2025-01-01T19:06:52.926Z"}
{"level":"info","message":"server running --- from server.ts","timestamp":"2025-01-01T19:07:16.407Z"}
{"level":"info","message":"server running --- from server.ts","timestamp":"2025-01-01T19:07:46.850Z"}
{"level":"info","message":"GET URL REQ => http://localhost:6201/api/v1/users/login","timestamp":"2025-01-01T19:09:20.430Z"}
{"level":"info","message":"GET URL REQ => http://localhost:6201/api/v1/staff/dashBoard","timestamp":"2025-01-01T19:09:22.356Z"}
{"level":"info","message":"Router-----store Register Form Data","timestamp":"2025-01-01T19:09:22.367Z"}
{"level":"info","message":"GET URL REQ => http://localhost:6201/api/v1/validateTokenData","timestamp":"2025-01-01T19:09:22.368Z"}
{"level":"info","message":"GET URL REQ => http://localhost:6201/api/v1/staff/dashBoard","timestamp":"2025-01-01T19:09:22.376Z"}
{"level":"info","message":"Router-----store Register Form Data","timestamp":"2025-01-01T19:09:22.381Z"}
{"level":"info","message":"GET URL REQ => http://localhost:6201/api/v1/validateTokenData","timestamp":"2025-01-01T19:09:22.381Z"}
{"level":"info","message":"Router-----store Register Form Data","timestamp":"2025-01-01T19:15:44.169Z"}
{"level":"info","message":"GET URL REQ => http://localhost:6201/api/v1/validateTokenData","timestamp":"2025-01-01T19:15:44.170Z"}
{"level":"info","message":"GET URL REQ => http://localhost:6201/api/v1/attendance/overView","timestamp":"2025-01-01T19:15:44.176Z"}
{"level":"info","message":"Router-----store Register Form Data","timestamp":"2025-01-01T19:15:44.185Z"}
{"level":"info","message":"GET URL REQ => http://localhost:6201/api/v1/validateTokenData","timestamp":"2025-01-01T19:15:44.186Z"}
{"level":"info","message":"GET URL REQ => http://localhost:6201/api/v1/attendance/overView","timestamp":"2025-01-01T19:15:44.190Z"}
{"level":"info","message":"GET URL REQ => http://localhost:6201/api/v1/attendance/session","timestamp":"2025-01-01T19:15:46.549Z"}
{"level":"info","message":"GET URL REQ => http://localhost:6201/api/v1/attendance/session","timestamp":"2025-01-01T19:15:46.560Z"}
{"level":"info","message":"GET URL REQ => http://localhost:6201/api/v1/attendance/reportOptions","timestamp":"2025-01-01T19:21:33.240Z"}
{"level":"info","message":"GET URL REQ => http://localhost:6201/api/v1/attendance/reportOptions","timestamp":"2025-01-01T19:23:31.906Z"}
{"level":"info","message":"GET URL REQ => http://localhost:6201/api/v1/attendance/reportOptions","timestamp":"2025-01-01T19:25:47.261Z"}
{"level":"info","message":"GET URL REQ => http://localhost:6201/api/v1/attendance/reportOptions","timestamp":"2025-01-01T19:25:57.154Z"}
{"level":"info","message":"GET URL REQ => http://localhost:6201/api/v1/attendance/reportOptions","timestamp":"2025-01-01T19:25:58.490Z"}
{"level":"info","message":"GET URL REQ => http://localhost:6201/api/v1/attendance/reportOptions","timestamp":"2025-01-01T19:26:12.721Z"}
{"level":"info","message":"GET URL REQ => http://localhost:6201/api/v1/attendance/reportOptions","timestamp":"2025-01-01T19:26:21.220Z"}
{"level":"info","message":"GET URL REQ => http://localhost:6201/api/v1/attendance/reportOptions","timestamp":"2025-01-01T19:26:22.279Z"}
{"level":"info","message":"GET URL REQ => http://localhost:6201/api/v1/attendance/reportOptions","timestamp":"2025-01-01T19:26:23.087Z"}
{"level":"info","message":"GET URL REQ => http://localhost:6201/api/v1/attendance/reportOptions","timestamp":"2025-01-01T19:26:34.807Z"}
{"level":"info","message":"GET URL REQ => http://localhost:6201/api/v1/attendance/reportOptions","timestamp":"2025-01-01T19:26:36.815Z"}
{"level":"info","message":"GET URL REQ => http://localhost:6201/api/v1/attendance/reportOptions","timestamp":"2025-01-01T19:26:40.876Z"}
{"level":"info","message":"GET URL REQ => http://localhost:6201/api/v1/attendance/reportOptions","timestamp":"2025-01-01T19:26:47.360Z"}
{"level":"info","message":"GET URL REQ => http://localhost:6201/api/v1/attendance/reportOptions","timestamp":"2025-01-01T19:26:48.348Z"}
{"level":"info","message":"GET URL REQ => http://localhost:6201/api/v1/attendance/reportOptions","timestamp":"2025-01-01T19:26:51.141Z"}
{"level":"info","message":"GET URL REQ => http://localhost:6201/api/v1/attendance/reportOptions","timestamp":"2025-01-01T19:27:01.121Z"}
{"level":"info","message":"GET URL REQ => http://localhost:6201/api/v1/attendance/reportOptions","timestamp":"2025-01-01T19:27:25.338Z"}
{"level":"info","message":"GET URL REQ => http://localhost:6201/api/v1/attendance/reportOptions","timestamp":"2025-01-01T19:27:32.715Z"}
{"level":"info","message":"GET URL REQ => http://localhost:6201/api/v1/attendance/reportOptions","timestamp":"2025-01-01T19:27:33.859Z"}
{"level":"info","message":"GET URL REQ => http://localhost:6201/api/v1/attendance/reportOptions","timestamp":"2025-01-01T19:27:38.951Z"}
{"level":"info","message":"GET URL REQ => http://localhost:6201/api/v1/attendance/reportOptions","timestamp":"2025-01-01T19:27:43.000Z"}
{"level":"info","message":"GET URL REQ => http://localhost:6201/api/v1/attendance/reportOptions","timestamp":"2025-01-01T19:27:46.048Z"}
{"level":"info","message":"GET URL REQ => http://localhost:6201/api/v1/attendance/reportOptions","timestamp":"2025-01-01T19:28:14.128Z"}
{"level":"info","message":"Router-----store Register Form Data","timestamp":"2025-01-01T19:29:14.339Z"}
{"level":"info","message":"GET URL REQ => http://localhost:6201/api/v1/validateTokenData","timestamp":"2025-01-01T19:29:14.340Z"}
{"level":"info","message":"GET URL REQ => http://localhost:6201/api/v1/attendance/overView","timestamp":"2025-01-01T19:29:14.345Z"}
{"level":"info","message":"Router-----store Register Form Data","timestamp":"2025-01-01T19:29:14.349Z"}
{"level":"info","message":"GET URL REQ => http://localhost:6201/api/v1/validateTokenData","timestamp":"2025-01-01T19:29:14.351Z"}
{"level":"info","message":"GET URL REQ => http://localhost:6201/api/v1/attendance/overView","timestamp":"2025-01-01T19:29:14.353Z"}
{"level":"info","message":"GET URL REQ => http://localhost:6201/api/v1/attendance/session","timestamp":"2025-01-01T19:30:01.182Z"}
{"level":"info","message":"GET URL REQ => http://localhost:6201/api/v1/attendance/session","timestamp":"2025-01-01T19:30:01.195Z"}
{"level":"info","message":"GET URL REQ => http://localhost:6201/api/v1/attendance/reportOptions","timestamp":"2025-01-01T19:30:15.193Z"}
{"level":"info","message":"GET URL REQ => http://localhost:6201/api/v1/attendance/reportOptions","timestamp":"2025-01-01T19:30:25.868Z"}
{"level":"info","message":"GET URL REQ => http://localhost:6201/api/v1/attendance/reportOptions","timestamp":"2025-01-01T19:30:54.023Z"}
{"level":"info","message":"GET URL REQ => http://localhost:6201/api/v1/attendance/reportOptions","timestamp":"2025-01-01T19:31:01.497Z"}
{"level":"info","message":"GET URL REQ => http://localhost:6201/api/v1/attendance/reportOptions","timestamp":"2025-01-01T19:31:22.133Z"}
{"level":"info","message":"GET URL REQ => http://localhost:6201/api/v1/attendance/reportOptions","timestamp":"2025-01-01T19:31:26.139Z"}
{"level":"info","message":"GET URL REQ => http://localhost:6201/api/v1/attendance/reportOptions","timestamp":"2025-01-01T19:31:33.991Z"}
{"level":"info","message":"GET URL REQ => http://localhost:6201/api/v1/attendance/reportOptions","timestamp":"2025-01-01T19:31:53.251Z"}
{"level":"info","message":"Router-----store Register Form Data","timestamp":"2025-01-01T19:33:18.935Z"}
{"level":"info","message":"GET URL REQ => http://localhost:6201/api/v1/validateTokenData","timestamp":"2025-01-01T19:33:18.936Z"}
{"level":"info","message":"GET URL REQ => http://localhost:6201/api/v1/attendance/overView","timestamp":"2025-01-01T19:33:18.942Z"}
{"level":"info","message":"Router-----store Register Form Data","timestamp":"2025-01-01T19:33:18.949Z"}
{"level":"info","message":"GET URL REQ => http://localhost:6201/api/v1/validateTokenData","timestamp":"2025-01-01T19:33:18.950Z"}
{"level":"info","message":"GET URL REQ => http://localhost:6201/api/v1/attendance/overView","timestamp":"2025-01-01T19:33:18.956Z"}
{"level":"info","message":"GET URL REQ => http://localhost:6201/api/v1/attendance/session","timestamp":"2025-01-01T19:37:36.247Z"}
{"level":"info","message":"GET URL REQ => http://localhost:6201/api/v1/attendance/session","timestamp":"2025-01-01T19:37:36.257Z"}
{"level":"info","message":"GET URL REQ => http://localhost:6201/api/v1/attendance/reportOptions","timestamp":"2025-01-01T19:38:03.820Z"}
{"level":"info","message":"GET URL REQ => http://localhost:6201/api/v1/attendance/reportOptions","timestamp":"2025-01-01T19:38:09.772Z"}
{"level":"info","message":"GET URL REQ => http://localhost:6201/api/v1/attendance/reportOptions","timestamp":"2025-01-01T19:38:16.027Z"}
{"level":"info","message":"GET URL REQ => http://localhost:6201/api/v1/attendance/reportOptions","timestamp":"2025-01-01T19:38:18.057Z"}
{"level":"info","message":"GET URL REQ => http://localhost:6201/api/v1/attendance/reportOptions","timestamp":"2025-01-01T19:38:20.383Z"}
{"level":"info","message":"GET URL REQ => http://localhost:6201/api/v1/attendance/reportOptions","timestamp":"2025-01-01T19:38:56.105Z"}
{"level":"info","message":"GET URL REQ => http://localhost:6201/api/v1/attendance/reportOptions","timestamp":"2025-01-01T19:38:58.131Z"}
{"level":"info","message":"GET URL REQ => http://localhost:6201/api/v1/attendance/reportOptions","timestamp":"2025-01-01T19:39:00.689Z"}
{"level":"info","message":"GET URL REQ => http://localhost:6201/api/v1/attendance/reportOptions","timestamp":"2025-01-01T19:39:51.335Z"}
{"level":"info","message":"GET URL REQ => http://localhost:6201/api/v1/attendance/reportOptions","timestamp":"2025-01-01T19:39:53.708Z"}
{"level":"info","message":"GET URL REQ => http://localhost:6201/api/v1/attendance/reportOptions","timestamp":"2025-01-01T19:40:25.083Z"}
{"level":"info","message":"GET URL REQ => http://localhost:6201/api/v1/attendance/reportOptions","timestamp":"2025-01-01T19:40:32.145Z"}
{"level":"info","message":"GET URL REQ => http://localhost:6201/api/v1/attendance/reportOptions","timestamp":"2025-01-01T19:41:02.373Z"}
{"level":"info","message":"GET URL REQ => http://localhost:6201/api/v1/attendance/reportOptions","timestamp":"2025-01-01T19:41:11.866Z"}
{"level":"info","message":"GET URL REQ => http://localhost:6201/api/v1/attendance/reportOptions","timestamp":"2025-01-01T19:41:46.857Z"}
{"level":"info","message":"GET URL REQ => http://localhost:6201/api/v1/attendance/reportOptions","timestamp":"2025-01-01T19:44:17.465Z"}
{"level":"info","message":"server running --- from server.ts","timestamp":"2025-01-01T19:46:17.273Z"}
{"level":"info","message":"server running --- from server.ts","timestamp":"2025-01-01T19:46:36.403Z"}
{"level":"info","message":"server running --- from server.ts","timestamp":"2025-01-01T19:54:33.852Z"}
{"level":"info","message":"server running --- from server.ts","timestamp":"2025-01-01T19:55:02.794Z"}
{"level":"info","message":"server running --- from server.ts","timestamp":"2025-01-01T19:55:20.159Z"}
{"level":"info","message":"server running --- from server.ts","timestamp":"2025-01-01T19:55:29.396Z"}
{"level":"info","message":"server running --- from server.ts","timestamp":"2025-01-01T19:57:25.906Z"}
{"level":"info","message":"server running --- from server.ts","timestamp":"2025-01-01T19:57:55.823Z"}
{"level":"info","message":"server running --- from server.ts","timestamp":"2025-01-01T19:58:02.055Z"}
{"level":"info","message":"server running --- from server.ts","timestamp":"2025-01-01T19:58:08.184Z"}
{"level":"info","message":"server running --- from server.ts","timestamp":"2025-01-01T19:58:36.677Z"}
{"level":"info","message":"server running --- from server.ts","timestamp":"2025-01-01T19:59:06.219Z"}
{"level":"info","message":"server running --- from server.ts","timestamp":"2025-01-01T19:59:30.514Z"}
{"level":"info","message":"server running --- from server.ts","timestamp":"2025-01-01T19:59:37.619Z"}
{"level":"info","message":"server running --- from server.ts","timestamp":"2025-01-01T20:00:09.664Z"}
{"level":"info","message":"server running --- from server.ts","timestamp":"2025-01-01T20:01:17.932Z"}
{"level":"info","message":"server running --- from server.ts","timestamp":"2025-01-01T20:01:30.629Z"}
{"level":"info","message":"server running --- from server.ts","timestamp":"2025-01-01T20:02:35.573Z"}
{"level":"info","message":"server running --- from server.ts","timestamp":"2025-01-01T20:03:36.262Z"}
{"level":"info","message":"server running --- from server.ts","timestamp":"2025-01-01T20:04:17.784Z"}
{"level":"info","message":"server running --- from server.ts","timestamp":"2025-01-01T20:04:34.059Z"}
{"level":"info","message":"server running --- from server.ts","timestamp":"2025-01-01T20:05:17.352Z"}
{"level":"info","message":"GET URL REQ => http://localhost:6201/api/v1/users/login","timestamp":"2025-01-01T20:08:54.502Z"}
{"level":"info","message":"GET URL REQ => http://localhost:6201/api/v1/staff/dashBoard","timestamp":"2025-01-01T20:08:56.512Z"}
{"level":"info","message":"Router-----store Register Form Data","timestamp":"2025-01-01T20:08:56.522Z"}
{"level":"info","message":"GET URL REQ => http://localhost:6201/api/v1/validateTokenData","timestamp":"2025-01-01T20:08:56.523Z"}
{"level":"info","message":"GET URL REQ => http://localhost:6201/api/v1/staff/dashBoard","timestamp":"2025-01-01T20:08:56.530Z"}
{"level":"info","message":"Router-----store Register Form Data","timestamp":"2025-01-01T20:08:56.537Z"}
{"level":"info","message":"GET URL REQ => http://localhost:6201/api/v1/validateTokenData","timestamp":"2025-01-01T20:08:56.538Z"}
{"level":"info","message":"Router-----store Register Form Data","timestamp":"2025-01-01T20:08:57.833Z"}
{"level":"info","message":"GET URL REQ => http://localhost:6201/api/v1/validateTokenData","timestamp":"2025-01-01T20:08:57.835Z"}
{"level":"info","message":"GET URL REQ => http://localhost:6201/api/v1/attendance/overView","timestamp":"2025-01-01T20:08:57.840Z"}
{"level":"info","message":"Router-----store Register Form Data","timestamp":"2025-01-01T20:08:57.853Z"}
{"level":"info","message":"GET URL REQ => http://localhost:6201/api/v1/validateTokenData","timestamp":"2025-01-01T20:08:57.854Z"}
{"level":"info","message":"GET URL REQ => http://localhost:6201/api/v1/attendance/overView","timestamp":"2025-01-01T20:08:57.858Z"}
{"level":"info","message":"GET URL REQ => http://localhost:6201/api/v1/attendance/session","timestamp":"2025-01-01T20:08:58.875Z"}
{"level":"info","message":"GET URL REQ => http://localhost:6201/api/v1/attendance/session","timestamp":"2025-01-01T20:08:58.887Z"}
{"level":"info","message":"server running --- from server.ts","timestamp":"2025-01-01T20:11:50.462Z"}
{"level":"info","message":"server running --- from server.ts","timestamp":"2025-01-01T20:12:59.651Z"}
{"level":"info","message":"server running --- from server.ts","timestamp":"2025-01-01T20:13:40.659Z"}
{"level":"info","message":"server running --- from server.ts","timestamp":"2025-01-01T20:14:17.508Z"}
{"level":"info","message":"Router-----store Register Form Data","timestamp":"2025-01-01T20:16:08.583Z"}
{"level":"info","message":"GET URL REQ => http://localhost:6201/api/v1/validateTokenData","timestamp":"2025-01-01T20:16:08.585Z"}
{"level":"info","message":"Router-----store Register Form Data","timestamp":"2025-01-01T20:16:08.597Z"}
{"level":"info","message":"GET URL REQ => http://localhost:6201/api/v1/validateTokenData","timestamp":"2025-01-01T20:16:08.598Z"}
{"level":"info","message":"GET URL REQ => http://localhost:6201/api/v1/director/offerStructure","timestamp":"2025-01-01T20:16:11.007Z"}
{"level":"info","message":"GET URL REQ => http://localhost:6201/api/v1/director/offerStructure","timestamp":"2025-01-01T20:16:11.013Z"}
{"level":"info","message":"GET URL REQ => http://localhost:6201/api/v1/settings/package/timingData","timestamp":"2025-01-01T20:16:13.770Z"}
{"level":"info","message":"GET URL REQ => http://localhost:6201/api/v1/settings/Section/branch","timestamp":"2025-01-01T20:16:13.777Z"}
{"level":"info","message":"GET URL REQ => http://localhost:6201/api/v1/settings/package/Data","timestamp":"2025-01-01T20:16:13.785Z"}
{"level":"info","message":"GET URL REQ => http://localhost:6201/api/v1/settings/Section/branch","timestamp":"2025-01-01T20:16:13.790Z"}
{"level":"info","message":"GET URL REQ => http://localhost:6201/api/v1/settings/package/timingData","timestamp":"2025-01-01T20:16:13.795Z"}
{"level":"info","message":"GET URL REQ => http://localhost:6201/api/v1/settings/package/Data","timestamp":"2025-01-01T20:16:13.801Z"}
{"level":"info","message":"GET URL REQ => http://localhost:6201/api/v1/settings/package/timingData","timestamp":"2025-01-01T20:16:13.873Z"}
{"level":"info","message":"GET URL REQ => http://localhost:6201/api/v1/settings/package/Data","timestamp":"2025-01-01T20:16:13.878Z"}
{"level":"info","message":"GET URL REQ => http://localhost:6201/api/v1/settings/package/addOptions","timestamp":"2025-01-01T20:16:15.821Z"}
{"level":"info","message":"Router-----store Register Form Data","timestamp":"2025-01-01T20:25:52.493Z"}
{"level":"info","message":"GET URL REQ => http://localhost:6201/api/v1/validateTokenData","timestamp":"2025-01-01T20:25:52.494Z"}
{"level":"info","message":"GET URL REQ => http://localhost:6201/api/v1/attendance/overView","timestamp":"2025-01-01T20:25:52.506Z"}
{"level":"info","message":"Router-----store Register Form Data","timestamp":"2025-01-01T20:25:52.548Z"}
{"level":"info","message":"GET URL REQ => http://localhost:6201/api/v1/validateTokenData","timestamp":"2025-01-01T20:25:52.550Z"}
{"level":"info","message":"GET URL REQ => http://localhost:6201/api/v1/attendance/overView","timestamp":"2025-01-01T20:25:52.554Z"}
{"level":"info","message":"GET URL REQ => http://localhost:6201/api/v1/attendance/session","timestamp":"2025-01-01T20:25:53.503Z"}
{"level":"info","message":"GET URL REQ => http://localhost:6201/api/v1/attendance/session","timestamp":"2025-01-01T20:25:53.514Z"}
{"level":"info","message":"GET URL REQ => http://localhost:6201/api/v1/attendance/reportOptions","timestamp":"2025-01-01T20:26:16.899Z"}
{"level":"info","message":"GET URL REQ => http://localhost:6201/api/v1/attendance/reportOptions","timestamp":"2025-01-01T20:26:44.723Z"}
{"level":"info","message":"server running --- from server.ts","timestamp":"2025-01-01T20:28:15.598Z"}
{"level":"info","message":"server running --- from server.ts","timestamp":"2025-01-01T20:28:25.115Z"}
{"level":"info","message":"server running --- from server.ts","timestamp":"2025-01-01T20:28:38.969Z"}
{"level":"info","message":"server running --- from server.ts","timestamp":"2025-01-01T20:28:45.404Z"}
{"level":"info","message":"server running --- from server.ts","timestamp":"2025-01-01T20:28:57.873Z"}
{"level":"info","message":"server running --- from server.ts","timestamp":"2025-01-01T20:29:11.082Z"}
{"level":"info","message":"GET URL REQ => http://localhost:6201/api/v1/attendance/reportOptions","timestamp":"2025-01-01T20:29:19.484Z"}
{"level":"info","message":"server running --- from server.ts","timestamp":"2025-01-01T20:30:02.101Z"}
{"level":"info","message":"server running --- from server.ts","timestamp":"2025-01-01T20:30:20.247Z"}
{"level":"info","message":"GET URL REQ => http://localhost:6201/api/v1/attendance/reportOptions","timestamp":"2025-01-01T20:30:37.805Z"}
{"level":"info","message":"server running --- from server.ts","timestamp":"2025-01-01T20:31:45.153Z"}
{"level":"info","message":"GET URL REQ => http://localhost:6201/api/v1/attendance/reportOptions","timestamp":"2025-01-01T20:31:50.073Z"}
{"level":"info","message":"GET URL REQ => http://localhost:6201/api/v1/attendance/reportOptions","timestamp":"2025-01-01T20:32:43.878Z"}
{"level":"info","message":"GET URL REQ => http://localhost:6201/api/v1/attendance/reportOptions","timestamp":"2025-01-01T20:32:48.729Z"}
{"level":"info","message":"GET URL REQ => http://localhost:6201/api/v1/attendance/reportOptions","timestamp":"2025-01-01T20:32:58.166Z"}
{"level":"info","message":"GET URL REQ => http://localhost:6201/api/v1/attendance/reportOptions","timestamp":"2025-01-01T20:33:02.966Z"}
{"level":"info","message":"GET URL REQ => http://localhost:6201/api/v1/attendance/reportOptions","timestamp":"2025-01-01T20:33:15.667Z"}
{"level":"info","message":"GET URL REQ => http://localhost:6201/api/v1/attendance/reportOptions","timestamp":"2025-01-01T20:37:51.223Z"}
{"level":"info","message":"GET URL REQ => http://localhost:6201/api/v1/attendance/reportOptions","timestamp":"2025-01-01T20:37:53.453Z"}
{"level":"info","message":"GET URL REQ => http://localhost:6201/api/v1/attendance/reportOptions","timestamp":"2025-01-01T20:37:55.528Z"}
{"level":"info","message":"GET URL REQ => http://localhost:6201/api/v1/attendance/reportOptions","timestamp":"2025-01-01T20:37:58.623Z"}
{"level":"info","message":"GET URL REQ => http://localhost:6201/api/v1/attendance/reportOptions","timestamp":"2025-01-01T20:38:46.116Z"}
{"level":"info","message":"GET URL REQ => http://localhost:6201/api/v1/attendance/reportOptions","timestamp":"2025-01-01T20:39:16.603Z"}
{"level":"info","message":"GET URL REQ => http://localhost:6201/api/v1/attendance/reportOptions","timestamp":"2025-01-01T20:39:20.215Z"}
{"level":"info","message":"GET URL REQ => http://localhost:6201/api/v1/attendance/reportOptions","timestamp":"2025-01-01T20:39:23.915Z"}
{"level":"info","message":"GET URL REQ => http://localhost:6201/api/v1/attendance/reportOptions","timestamp":"2025-01-01T20:39:55.196Z"}
{"level":"info","message":"GET URL REQ => http://localhost:6201/api/v1/attendance/reportOptions","timestamp":"2025-01-01T20:39:56.575Z"}
{"level":"info","message":"GET URL REQ => http://localhost:6201/api/v1/attendance/reportOptions","timestamp":"2025-01-01T20:39:59.818Z"}
{"level":"info","message":"GET URL REQ => http://localhost:6201/api/v1/attendance/report","timestamp":"2025-01-01T20:40:06.863Z"}
{"level":"info","message":"GET URL REQ => http://localhost:6201/api/v1/attendance/report","timestamp":"2025-01-01T20:40:08.243Z"}
{"level":"info","message":"GET URL REQ => http://localhost:6201/api/v1/attendance/reportOptions","timestamp":"2025-01-01T20:40:27.705Z"}
{"level":"info","message":"GET URL REQ => http://localhost:6201/api/v1/attendance/reportOptions","timestamp":"2025-01-01T20:40:41.021Z"}
{"level":"info","message":"GET URL REQ => http://localhost:6201/api/v1/attendance/reportOptions","timestamp":"2025-01-01T20:40:43.220Z"}
{"level":"info","message":"GET URL REQ => http://localhost:6201/api/v1/attendance/reportOptions","timestamp":"2025-01-01T20:40:48.572Z"}
{"level":"info","message":"GET URL REQ => http://localhost:6201/api/v1/attendance/reportOptions","timestamp":"2025-01-01T20:40:52.908Z"}
{"level":"info","message":"GET URL REQ => http://localhost:6201/api/v1/attendance/reportOptions","timestamp":"2025-01-01T20:40:54.617Z"}
{"level":"info","message":"GET URL REQ => http://localhost:6201/api/v1/attendance/reportOptions","timestamp":"2025-01-01T20:41:01.180Z"}
{"level":"info","message":"GET URL REQ => http://localhost:6201/api/v1/attendance/reportOptions","timestamp":"2025-01-01T20:41:04.908Z"}
{"level":"info","message":"GET URL REQ => http://localhost:6201/api/v1/attendance/report","timestamp":"2025-01-01T20:41:07.601Z"}
{"level":"info","message":"GET URL REQ => http://localhost:6201/api/v1/attendance/reportOptions","timestamp":"2025-01-01T20:41:27.456Z"}
{"level":"info","message":"GET URL REQ => http://localhost:6201/api/v1/attendance/reportOptions","timestamp":"2025-01-01T20:42:32.741Z"}
{"level":"info","message":"GET URL REQ => http://localhost:6201/api/v1/attendance/reportOptions","timestamp":"2025-01-01T20:43:20.972Z"}
{"level":"info","message":"GET URL REQ => http://localhost:6201/api/v1/attendance/reportOptions","timestamp":"2025-01-01T20:43:44.175Z"}
{"level":"info","message":"GET URL REQ => http://localhost:6201/api/v1/attendance/reportOptions","timestamp":"2025-01-01T20:44:19.239Z"}
{"level":"info","message":"server running --- from server.ts","timestamp":"2025-01-01T20:45:11.081Z"}
{"level":"info","message":"GET URL REQ => http://localhost:6201/api/v1/attendance/reportOptions","timestamp":"2025-01-01T20:45:31.894Z"}
{"level":"info","message":"GET URL REQ => http://localhost:6201/api/v1/attendance/report","timestamp":"2025-01-01T20:45:40.094Z"}
{"level":"info","message":"server running --- from server.ts","timestamp":"2025-01-01T20:47:08.481Z"}
{"level":"info","message":"GET URL REQ => http://localhost:6201/api/v1/attendance/report","timestamp":"2025-01-01T20:47:13.979Z"}
{"level":"info","message":"server running --- from server.ts","timestamp":"2025-01-01T20:48:23.122Z"}
{"level":"info","message":"GET URL REQ => http://localhost:6201/api/v1/attendance/report","timestamp":"2025-01-01T20:48:25.907Z"}
{"level":"info","message":"server running --- from server.ts","timestamp":"2025-01-01T20:49:47.072Z"}
{"level":"info","message":"GET URL REQ => http://localhost:6201/api/v1/attendance/report","timestamp":"2025-01-01T20:49:50.726Z"}
{"level":"info","message":"server running --- from server.ts","timestamp":"2025-01-01T20:50:10.507Z"}
{"level":"info","message":"GET URL REQ => http://localhost:6201/api/v1/attendance/report","timestamp":"2025-01-01T20:50:12.678Z"}
{"level":"info","message":"GET URL REQ => http://localhost:6201/api/v1/users/login","timestamp":"2025-01-01T20:52:26.727Z"}
{"level":"info","message":"GET URL REQ => http://localhost:6201/api/v1/staff/dashBoard","timestamp":"2025-01-01T20:52:28.640Z"}
{"level":"info","message":"Router-----store Register Form Data","timestamp":"2025-01-01T20:52:28.649Z"}
{"level":"info","message":"GET URL REQ => http://localhost:6201/api/v1/validateTokenData","timestamp":"2025-01-01T20:52:28.650Z"}
{"level":"info","message":"GET URL REQ => http://localhost:6201/api/v1/staff/dashBoard","timestamp":"2025-01-01T20:52:28.654Z"}
{"level":"info","message":"Router-----store Register Form Data","timestamp":"2025-01-01T20:52:28.657Z"}
{"level":"info","message":"GET URL REQ => http://localhost:6201/api/v1/validateTokenData","timestamp":"2025-01-01T20:52:28.658Z"}
{"level":"info","message":"Router-----store Register Form Data","timestamp":"2025-01-01T20:52:29.966Z"}
{"level":"info","message":"GET URL REQ => http://localhost:6201/api/v1/validateTokenData","timestamp":"2025-01-01T20:52:29.968Z"}
{"level":"info","message":"GET URL REQ => http://localhost:6201/api/v1/attendance/overView","timestamp":"2025-01-01T20:52:29.973Z"}
{"level":"info","message":"Router-----store Register Form Data","timestamp":"2025-01-01T20:52:29.983Z"}
{"level":"info","message":"GET URL REQ => http://localhost:6201/api/v1/validateTokenData","timestamp":"2025-01-01T20:52:29.984Z"}
{"level":"info","message":"GET URL REQ => http://localhost:6201/api/v1/attendance/overView","timestamp":"2025-01-01T20:52:29.988Z"}
{"level":"info","message":"GET URL REQ => http://localhost:6201/api/v1/attendance/session","timestamp":"2025-01-01T20:52:33.427Z"}
{"level":"info","message":"GET URL REQ => http://localhost:6201/api/v1/attendance/session","timestamp":"2025-01-01T20:52:33.440Z"}
{"level":"info","message":"GET URL REQ => http://localhost:6201/api/v1/attendance/reportOptions","timestamp":"2025-01-01T20:52:45.983Z"}
{"level":"info","message":"GET URL REQ => http://localhost:6201/api/v1/attendance/report","timestamp":"2025-01-01T20:52:55.197Z"}
{"level":"info","message":"server running --- from server.ts","timestamp":"2025-01-01T20:53:56.820Z"}
{"level":"info","message":"GET URL REQ => http://localhost:6201/api/v1/attendance/reportOptions","timestamp":"2025-01-01T20:54:16.592Z"}
{"level":"info","message":"GET URL REQ => http://localhost:6201/api/v1/attendance/reportOptions","timestamp":"2025-01-01T20:54:16.737Z"}
{"level":"info","message":"GET URL REQ => http://localhost:6201/api/v1/attendance/reportOptions","timestamp":"2025-01-01T20:54:31.700Z"}
{"level":"info","message":"GET URL REQ => http://localhost:6201/api/v1/attendance/reportOptions","timestamp":"2025-01-01T20:54:38.637Z"}
{"level":"info","message":"GET URL REQ => http://localhost:6201/api/v1/attendance/reportOptions","timestamp":"2025-01-01T20:58:19.538Z"}
{"level":"info","message":"GET URL REQ => http://localhost:6201/api/v1/attendance/report","timestamp":"2025-01-01T20:58:25.762Z"}
{"level":"info","message":"GET URL REQ => http://localhost:6201/api/v1/attendance/reportOptions","timestamp":"2025-01-01T20:59:51.630Z"}
{"level":"info","message":"GET URL REQ => http://localhost:6201/api/v1/attendance/reportOptions","timestamp":"2025-01-01T21:00:12.611Z"}
{"level":"info","message":"GET URL REQ => http://localhost:6201/api/v1/attendance/reportOptions","timestamp":"2025-01-01T21:00:19.008Z"}
{"level":"info","message":"GET URL REQ => http://localhost:6201/api/v1/attendance/reportOptions","timestamp":"2025-01-01T21:00:31.291Z"}
{"level":"info","message":"GET URL REQ => http://localhost:6201/api/v1/attendance/reportOptions","timestamp":"2025-01-01T21:00:37.216Z"}
{"level":"info","message":"GET URL REQ => http://localhost:6201/api/v1/attendance/reportOptions","timestamp":"2025-01-01T21:00:41.210Z"}
{"level":"info","message":"GET URL REQ => http://localhost:6201/api/v1/attendance/reportOptions","timestamp":"2025-01-01T21:00:53.646Z"}
{"level":"info","message":"GET URL REQ => http://localhost:6201/api/v1/attendance/reportOptions","timestamp":"2025-01-01T21:00:56.181Z"}
{"level":"info","message":"GET URL REQ => http://localhost:6201/api/v1/attendance/reportOptions","timestamp":"2025-01-01T21:01:00.224Z"}
{"level":"info","message":"GET URL REQ => http://localhost:6201/api/v1/attendance/reportOptions","timestamp":"2025-01-01T21:01:09.180Z"}
{"level":"info","message":"GET URL REQ => http://localhost:6201/api/v1/attendance/reportOptions","timestamp":"2025-01-01T21:01:11.462Z"}
{"level":"info","message":"Router-----store Register Form Data","timestamp":"2025-01-01T21:02:11.691Z"}
{"level":"info","message":"GET URL REQ => http://localhost:6201/api/v1/validateTokenData","timestamp":"2025-01-01T21:02:11.692Z"}
{"level":"info","message":"GET URL REQ => http://localhost:6201/api/v1/attendance/overView","timestamp":"2025-01-01T21:02:11.699Z"}
{"level":"info","message":"Router-----store Register Form Data","timestamp":"2025-01-01T21:02:11.738Z"}
{"level":"info","message":"GET URL REQ => http://localhost:6201/api/v1/validateTokenData","timestamp":"2025-01-01T21:02:11.739Z"}
{"level":"info","message":"GET URL REQ => http://localhost:6201/api/v1/attendance/overView","timestamp":"2025-01-01T21:02:11.743Z"}
{"level":"info","message":"GET URL REQ => http://localhost:6201/api/v1/attendance/session","timestamp":"2025-01-01T21:03:14.301Z"}
{"level":"info","message":"GET URL REQ => http://localhost:6201/api/v1/attendance/session","timestamp":"2025-01-01T21:03:14.313Z"}
{"level":"info","message":"GET URL REQ => http://localhost:6201/api/v1/attendance/reportOptions","timestamp":"2025-01-01T21:03:24.082Z"}
{"level":"info","message":"GET URL REQ => http://localhost:6201/api/v1/attendance/report","timestamp":"2025-01-01T21:03:26.890Z"}
{"level":"info","message":"GET URL REQ => http://localhost:6201/api/v1/attendance/report","timestamp":"2025-01-01T21:03:31.062Z"}
{"level":"info","message":"GET URL REQ => http://localhost:6201/api/v1/attendance/reportOptions","timestamp":"2025-01-01T21:03:55.192Z"}
{"level":"info","message":"GET URL REQ => http://localhost:6201/api/v1/attendance/report","timestamp":"2025-01-01T21:03:56.737Z"}
{"level":"info","message":"GET URL REQ => http://localhost:6201/api/v1/attendance/reportOptions","timestamp":"2025-01-01T21:04:43.428Z"}
{"level":"info","message":"GET URL REQ => http://localhost:6201/api/v1/attendance/report","timestamp":"2025-01-01T21:04:45.976Z"}
{"level":"info","message":"GET URL REQ => http://localhost:6201/api/v1/attendance/reportOptions","timestamp":"2025-01-01T21:05:02.430Z"}
{"level":"info","message":"GET URL REQ => http://localhost:6201/api/v1/attendance/reportOptions","timestamp":"2025-01-01T21:05:17.692Z"}
{"level":"info","message":"GET URL REQ => http://localhost:6201/api/v1/attendance/reportOptions","timestamp":"2025-01-01T21:05:23.343Z"}
{"level":"info","message":"GET URL REQ => http://localhost:6201/api/v1/attendance/reportOptions","timestamp":"2025-01-01T21:05:24.773Z"}
{"level":"info","message":"GET URL REQ => http://localhost:6201/api/v1/attendance/reportOptions","timestamp":"2025-01-01T21:05:26.452Z"}
{"level":"info","message":"GET URL REQ => http://localhost:6201/api/v1/attendance/reportOptions","timestamp":"2025-01-01T21:05:32.824Z"}
{"level":"info","message":"GET URL REQ => http://localhost:6201/api/v1/attendance/reportOptions","timestamp":"2025-01-01T21:05:37.443Z"}
{"level":"info","message":"GET URL REQ => http://localhost:6201/api/v1/attendance/reportOptions","timestamp":"2025-01-01T21:05:40.548Z"}
{"level":"info","message":"GET URL REQ => http://localhost:6201/api/v1/attendance/reportOptions","timestamp":"2025-01-01T21:06:01.221Z"}
{"level":"info","message":"GET URL REQ => http://localhost:6201/api/v1/attendance/reportOptions","timestamp":"2025-01-01T21:06:17.196Z"}
{"level":"info","message":"GET URL REQ => http://localhost:6201/api/v1/attendance/reportOptions","timestamp":"2025-01-01T21:06:41.421Z"}
{"level":"info","message":"GET URL REQ => http://localhost:6201/api/v1/attendance/reportOptions","timestamp":"2025-01-01T21:06:43.780Z"}
{"level":"info","message":"GET URL REQ => http://localhost:6201/api/v1/attendance/reportOptions","timestamp":"2025-01-01T21:07:26.762Z"}
{"level":"info","message":"GET URL REQ => http://localhost:6201/api/v1/attendance/reportOptions","timestamp":"2025-01-01T21:07:29.790Z"}
{"level":"info","message":"GET URL REQ => http://localhost:6201/api/v1/attendance/reportOptions","timestamp":"2025-01-01T21:07:31.470Z"}
{"level":"info","message":"GET URL REQ => http://localhost:6201/api/v1/attendance/reportOptions","timestamp":"2025-01-01T21:10:01.933Z"}
{"level":"info","message":"GET URL REQ => http://localhost:6201/api/v1/attendance/reportOptions","timestamp":"2025-01-01T21:13:13.143Z"}
{"level":"info","message":"Router-----store Register Form Data","timestamp":"2025-01-01T21:13:31.735Z"}
{"level":"info","message":"GET URL REQ => http://localhost:6201/api/v1/validateTokenData","timestamp":"2025-01-01T21:13:31.735Z"}
{"level":"info","message":"GET URL REQ => http://localhost:6201/api/v1/attendance/overView","timestamp":"2025-01-01T21:13:31.741Z"}
{"level":"info","message":"Router-----store Register Form Data","timestamp":"2025-01-01T21:13:31.747Z"}
{"level":"info","message":"GET URL REQ => http://localhost:6201/api/v1/validateTokenData","timestamp":"2025-01-01T21:13:31.748Z"}
{"level":"info","message":"GET URL REQ => http://localhost:6201/api/v1/attendance/overView","timestamp":"2025-01-01T21:13:31.753Z"}
{"level":"info","message":"GET URL REQ => http://localhost:6201/api/v1/attendance/session","timestamp":"2025-01-01T21:13:52.138Z"}
{"level":"info","message":"GET URL REQ => http://localhost:6201/api/v1/attendance/session","timestamp":"2025-01-01T21:13:52.151Z"}
{"level":"info","message":"GET URL REQ => http://localhost:6201/api/v1/attendance/reportOptions","timestamp":"2025-01-01T21:14:03.153Z"}
{"level":"info","message":"GET URL REQ => http://localhost:6201/api/v1/attendance/report","timestamp":"2025-01-01T21:14:06.745Z"}
{"level":"info","message":"Router-----store Register Form Data","timestamp":"2025-01-01T21:14:34.272Z"}
{"level":"info","message":"GET URL REQ => http://localhost:6201/api/v1/validateTokenData","timestamp":"2025-01-01T21:14:34.273Z"}
{"level":"info","message":"GET URL REQ => http://localhost:6201/api/v1/attendance/overView","timestamp":"2025-01-01T21:14:34.280Z"}
{"level":"info","message":"Router-----store Register Form Data","timestamp":"2025-01-01T21:14:34.288Z"}
{"level":"info","message":"GET URL REQ => http://localhost:6201/api/v1/validateTokenData","timestamp":"2025-01-01T21:14:34.288Z"}
{"level":"info","message":"GET URL REQ => http://localhost:6201/api/v1/attendance/overView","timestamp":"2025-01-01T21:14:34.294Z"}
{"level":"info","message":"GET URL REQ => http://localhost:6201/api/v1/attendance/session","timestamp":"2025-01-01T21:14:43.002Z"}
{"level":"info","message":"GET URL REQ => http://localhost:6201/api/v1/attendance/session","timestamp":"2025-01-01T21:14:43.014Z"}
{"level":"info","message":"GET URL REQ => http://localhost:6201/api/v1/attendance/reportOptions","timestamp":"2025-01-01T21:14:54.288Z"}
{"level":"info","message":"GET URL REQ => http://localhost:6201/api/v1/attendance/report","timestamp":"2025-01-01T21:14:57.411Z"}
{"level":"info","message":"GET URL REQ => http://localhost:6201/api/v1/attendance/reportOptions","timestamp":"2025-01-01T21:16:08.887Z"}
{"level":"info","message":"GET URL REQ => http://localhost:6201/api/v1/attendance/reportOptions","timestamp":"2025-01-01T21:16:14.385Z"}
{"level":"info","message":"server running --- from server.ts","timestamp":"2025-01-01T21:18:27.184Z"}
{"level":"info","message":"server running --- from server.ts","timestamp":"2025-01-01T21:18:45.931Z"}
{"level":"info","message":"server running --- from server.ts","timestamp":"2025-01-01T21:25:37.784Z"}
{"level":"info","message":"server running --- from server.ts","timestamp":"2025-01-01T21:25:47.464Z"}
{"level":"info","message":"server running --- from server.ts","timestamp":"2025-01-01T21:25:56.362Z"}
{"level":"info","message":"server running --- from server.ts","timestamp":"2025-01-01T21:34:56.214Z"}
{"level":"info","message":"server running --- from server.ts","timestamp":"2025-01-01T21:35:03.404Z"}
{"level":"info","message":"server running --- from server.ts","timestamp":"2025-01-01T21:35:34.185Z"}
{"level":"info","message":"server running --- from server.ts","timestamp":"2025-01-01T21:35:45.979Z"}
{"level":"info","message":"server running --- from server.ts","timestamp":"2025-01-01T21:36:11.748Z"}
{"level":"info","message":"server running --- from server.ts","timestamp":"2025-01-01T21:36:28.493Z"}
{"level":"info","message":"server running --- from server.ts","timestamp":"2025-01-01T21:36:37.016Z"}
{"level":"info","message":"server running --- from server.ts","timestamp":"2025-01-01T21:36:45.343Z"}
{"level":"info","message":"server running --- from server.ts","timestamp":"2025-01-01T21:37:12.824Z"}
{"level":"info","message":"server running --- from server.ts","timestamp":"2025-01-01T21:38:21.134Z"}
{"level":"info","message":"GET URL REQ => http://localhost:6201/api/v1/users/login","timestamp":"2025-01-01T21:38:40.625Z"}
{"level":"info","message":"GET URL REQ => http://localhost:6201/api/v1/staff/dashBoard","timestamp":"2025-01-01T21:38:42.667Z"}
{"level":"info","message":"Router-----store Register Form Data","timestamp":"2025-01-01T21:38:42.677Z"}
{"level":"info","message":"GET URL REQ => http://localhost:6201/api/v1/validateTokenData","timestamp":"2025-01-01T21:38:42.678Z"}
{"level":"info","message":"GET URL REQ => http://localhost:6201/api/v1/staff/dashBoard","timestamp":"2025-01-01T21:38:42.683Z"}
{"level":"info","message":"Router-----store Register Form Data","timestamp":"2025-01-01T21:38:42.689Z"}
{"level":"info","message":"GET URL REQ => http://localhost:6201/api/v1/validateTokenData","timestamp":"2025-01-01T21:38:42.691Z"}
{"level":"info","message":"Router-----store Register Form Data","timestamp":"2025-01-01T21:38:45.132Z"}
{"level":"info","message":"GET URL REQ => http://localhost:6201/api/v1/validateTokenData","timestamp":"2025-01-01T21:38:45.135Z"}
{"level":"info","message":"Router-----store Register Form Data","timestamp":"2025-01-01T21:38:45.140Z"}
{"level":"info","message":"GET URL REQ => http://localhost:6201/api/v1/validateTokenData","timestamp":"2025-01-01T21:38:45.141Z"}
{"level":"info","message":"GET URL REQ => http://localhost:6201/api/v1/attendance/overView","timestamp":"2025-01-01T21:38:45.144Z"}
{"level":"info","message":"GET URL REQ => http://localhost:6201/api/v1/attendance/overView","timestamp":"2025-01-01T21:38:45.149Z"}
{"level":"info","message":"GET URL REQ => http://localhost:6201/api/v1/attendance/session","timestamp":"2025-01-01T21:38:46.667Z"}
{"level":"info","message":"GET URL REQ => http://localhost:6201/api/v1/attendance/session","timestamp":"2025-01-01T21:38:46.677Z"}
{"level":"info","message":"GET URL REQ => http://localhost:6201/api/v1/attendance/reportOptions","timestamp":"2025-01-01T21:38:57.164Z"}
{"level":"info","message":"GET URL REQ => http://localhost:6201/api/v1/attendance/reportOptions","timestamp":"2025-01-01T21:40:10.138Z"}
{"level":"info","message":"GET URL REQ => http://localhost:6201/api/v1/attendance/reportOptions","timestamp":"2025-01-01T21:40:35.183Z"}
{"level":"info","message":"GET URL REQ => http://localhost:6201/api/v1/attendance/reportOptions","timestamp":"2025-01-01T21:40:37.370Z"}
{"level":"info","message":"GET URL REQ => http://localhost:6201/api/v1/attendance/reportOptions","timestamp":"2025-01-01T21:40:51.865Z"}
{"level":"info","message":"GET URL REQ => http://localhost:6201/api/v1/attendance/reportOptions","timestamp":"2025-01-01T21:41:04.764Z"}
{"level":"info","message":"GET URL REQ => http://localhost:6201/api/v1/attendance/reportOptions","timestamp":"2025-01-01T21:41:32.927Z"}
{"level":"info","message":"GET URL REQ => http://localhost:6201/api/v1/attendance/reportOptions","timestamp":"2025-01-01T21:41:56.057Z"}
{"level":"info","message":"GET URL REQ => http://localhost:6201/api/v1/attendance/reportOptions","timestamp":"2025-01-01T21:42:03.145Z"}
{"level":"info","message":"GET URL REQ => http://localhost:6201/api/v1/attendance/reportOptions","timestamp":"2025-01-01T21:42:33.886Z"}
{"level":"info","message":"GET URL REQ => http://localhost:6201/api/v1/attendance/reportOptions","timestamp":"2025-01-01T21:42:38.853Z"}
{"level":"info","message":"GET URL REQ => http://localhost:6201/api/v1/attendance/reportOptions","timestamp":"2025-01-01T21:43:25.383Z"}
{"level":"info","message":"server running --- from server.ts","timestamp":"2025-01-01T21:44:30.207Z"}
{"level":"info","message":"GET URL REQ => http://localhost:6201/api/v1/attendance/reportOptions","timestamp":"2025-01-01T21:44:32.779Z"}
{"level":"info","message":"GET URL REQ => http://localhost:6201/api/v1/attendance/report","timestamp":"2025-01-01T21:44:53.461Z"}
{"level":"info","message":"server running --- from server.ts","timestamp":"2025-01-01T21:45:58.892Z"}
{"level":"info","message":"GET URL REQ => http://localhost:6201/api/v1/attendance/reportOptions","timestamp":"2025-01-01T21:46:09.822Z"}
{"level":"info","message":"GET URL REQ => http://localhost:6201/api/v1/attendance/report","timestamp":"2025-01-01T21:46:15.928Z"}
{"level":"info","message":"server running --- from server.ts","timestamp":"2025-01-01T22:06:38.492Z"}
{"level":"info","message":"server running --- from server.ts","timestamp":"2025-01-01T22:06:51.929Z"}
{"level":"info","message":"server running --- from server.ts","timestamp":"2025-01-01T22:06:58.856Z"}
{"level":"info","message":"server running --- from server.ts","timestamp":"2025-01-01T22:08:07.961Z"}
{"level":"info","message":"server running --- from server.ts","timestamp":"2025-01-01T22:08:14.408Z"}
{"level":"info","message":"GET URL REQ => http://localhost:6201/api/v1/attendance/report","timestamp":"2025-01-01T22:08:29.909Z"}
{"level":"info","message":"server running --- from server.ts","timestamp":"2025-01-01T22:09:16.657Z"}
{"level":"info","message":"server running --- from server.ts","timestamp":"2025-01-01T22:09:27.936Z"}
{"level":"info","message":"GET URL REQ => http://localhost:6201/api/v1/attendance/report","timestamp":"2025-01-01T22:09:31.269Z"}
{"level":"info","message":"server running --- from server.ts","timestamp":"2025-01-01T22:11:39.904Z"}
{"level":"info","message":"server running --- from server.ts","timestamp":"2025-01-01T22:12:03.731Z"}
{"level":"info","message":"server running --- from server.ts","timestamp":"2025-01-01T22:12:28.315Z"}
{"level":"info","message":"GET URL REQ => http://localhost:6201/api/v1/attendance/report","timestamp":"2025-01-01T22:12:36.063Z"}
{"level":"info","message":"server running --- from server.ts","timestamp":"2025-01-01T22:13:07.121Z"}
{"level":"info","message":"GET URL REQ => http://localhost:6201/api/v1/attendance/report","timestamp":"2025-01-01T22:13:09.562Z"}
{"level":"info","message":"server running --- from server.ts","timestamp":"2025-01-01T22:14:48.211Z"}
{"level":"info","message":"GET URL REQ => http://localhost:6201/api/v1/attendance/report","timestamp":"2025-01-01T22:14:49.929Z"}
{"level":"info","message":"server running --- from server.ts","timestamp":"2025-01-01T22:15:10.062Z"}
{"level":"info","message":"GET URL REQ => http://localhost:6201/api/v1/attendance/report","timestamp":"2025-01-01T22:15:14.309Z"}
{"level":"info","message":"server running --- from server.ts","timestamp":"2025-01-01T22:18:10.812Z"}
{"level":"info","message":"GET URL REQ => http://localhost:6201/api/v1/attendance/report","timestamp":"2025-01-01T22:18:33.166Z"}
{"level":"info","message":"server running --- from server.ts","timestamp":"2025-01-01T22:20:40.955Z"}
{"level":"info","message":"server running --- from server.ts","timestamp":"2025-01-01T22:22:05.447Z"}
{"level":"info","message":"server running --- from server.ts","timestamp":"2025-01-01T22:22:16.779Z"}
{"level":"info","message":"server running --- from server.ts","timestamp":"2025-01-01T22:22:35.327Z"}
{"level":"info","message":"GET URL REQ => http://localhost:6201/api/v1/attendance/report","timestamp":"2025-01-01T22:22:39.003Z"}
{"level":"info","message":"server running --- from server.ts","timestamp":"2025-01-01T22:24:11.879Z"}
{"level":"info","message":"GET URL REQ => http://localhost:6201/api/v1/attendance/report","timestamp":"2025-01-01T22:24:26.916Z"}
{"level":"info","message":"server running --- from server.ts","timestamp":"2025-01-01T22:25:02.759Z"}
{"level":"info","message":"server running --- from server.ts","timestamp":"2025-01-01T22:25:43.483Z"}
{"level":"info","message":"server running --- from server.ts","timestamp":"2025-01-01T22:25:48.916Z"}
{"level":"info","message":"GET URL REQ => http://localhost:6201/api/v1/attendance/report","timestamp":"2025-01-01T22:25:52.788Z"}
{"level":"info","message":"server running --- from server.ts","timestamp":"2025-01-01T22:29:09.811Z"}
{"level":"info","message":"GET URL REQ => http://localhost:6201/api/v1/attendance/report","timestamp":"2025-01-01T22:29:13.976Z"}
{"level":"info","message":"server running --- from server.ts","timestamp":"2025-01-01T22:29:38.509Z"}
{"level":"info","message":"GET URL REQ => http://localhost:6201/api/v1/attendance/report","timestamp":"2025-01-01T22:29:48.615Z"}
{"level":"info","message":"server running --- from server.ts","timestamp":"2025-01-01T22:30:41.905Z"}
{"level":"info","message":"GET URL REQ => http://localhost:6201/api/v1/attendance/report","timestamp":"2025-01-01T22:30:42.065Z"}
{"level":"info","message":"server running --- from server.ts","timestamp":"2025-01-01T22:31:13.318Z"}
{"level":"info","message":"GET URL REQ => http://localhost:6201/api/v1/attendance/report","timestamp":"2025-01-01T22:31:16.567Z"}
{"level":"info","message":"server running --- from server.ts","timestamp":"2025-01-01T22:33:35.916Z"}
{"level":"info","message":"GET URL REQ => http://localhost:6201/api/v1/attendance/report","timestamp":"2025-01-01T22:33:38.431Z"}
{"level":"info","message":"server running --- from server.ts","timestamp":"2025-01-01T22:35:59.412Z"}
{"level":"info","message":"GET URL REQ => http://localhost:6201/api/v1/attendance/report","timestamp":"2025-01-01T22:36:02.391Z"}
{"level":"info","message":"server running --- from server.ts","timestamp":"2025-01-01T22:40:07.099Z"}
{"level":"info","message":"server running --- from server.ts","timestamp":"2025-01-01T22:40:21.595Z"}
{"level":"info","message":"GET URL REQ => http://localhost:6201/api/v1/attendance/report","timestamp":"2025-01-01T22:40:24.151Z"}
{"level":"info","message":"server running --- from server.ts","timestamp":"2025-01-01T22:41:35.063Z"}
{"level":"info","message":"server running --- from server.ts","timestamp":"2025-01-01T22:42:12.016Z"}
{"level":"info","message":"server running --- from server.ts","timestamp":"2025-01-01T22:42:32.533Z"}
{"level":"info","message":"GET URL REQ => http://localhost:6201/api/v1/attendance/report","timestamp":"2025-01-01T22:42:35.731Z"}
{"level":"info","message":"server running --- from server.ts","timestamp":"2025-01-01T22:44:05.194Z"}
{"level":"info","message":"GET URL REQ => http://localhost:6201/api/v1/attendance/report","timestamp":"2025-01-01T22:44:11.691Z"}
{"level":"info","message":"server running --- from server.ts","timestamp":"2025-01-01T22:44:34.856Z"}
{"level":"info","message":"GET URL REQ => http://localhost:6201/api/v1/attendance/report","timestamp":"2025-01-01T22:44:37.953Z"}
{"level":"info","message":"server running --- from server.ts","timestamp":"2025-01-01T22:46:26.261Z"}
{"level":"info","message":"server running --- from server.ts","timestamp":"2025-01-01T22:55:10.995Z"}
{"level":"info","message":"GET URL REQ => http://localhost:6201/api/v1/attendance/report","timestamp":"2025-01-01T22:55:21.958Z"}
{"level":"info","message":"server running --- from server.ts","timestamp":"2025-01-01T22:56:53.878Z"}
{"level":"info","message":"GET URL REQ => http://localhost:6201/api/v1/attendance/report","timestamp":"2025-01-01T22:56:56.948Z"}
{"level":"info","message":"server running --- from server.ts","timestamp":"2025-01-01T22:57:49.988Z"}
{"level":"info","message":"server running --- from server.ts","timestamp":"2025-01-01T22:57:58.307Z"}
{"level":"info","message":"GET URL REQ => http://localhost:6201/api/v1/attendance/report","timestamp":"2025-01-01T22:58:01.983Z"}
{"level":"info","message":"server running --- from server.ts","timestamp":"2025-01-01T22:58:35.611Z"}
{"level":"info","message":"server running --- from server.ts","timestamp":"2025-01-01T22:58:43.845Z"}
{"level":"info","message":"GET URL REQ => http://localhost:6201/api/v1/attendance/report","timestamp":"2025-01-01T22:58:51.437Z"}
{"level":"info","message":"server running --- from server.ts","timestamp":"2025-01-01T22:59:11.201Z"}
{"level":"info","message":"GET URL REQ => http://localhost:6201/api/v1/attendance/report","timestamp":"2025-01-01T22:59:15.468Z"}
{"level":"info","message":"server running --- from server.ts","timestamp":"2025-01-01T23:01:52.535Z"}
{"level":"info","message":"server running --- from server.ts","timestamp":"2025-01-01T23:02:41.899Z"}
{"level":"info","message":"GET URL REQ => http://localhost:6201/api/v1/attendance/report","timestamp":"2025-01-01T23:02:48.966Z"}
{"level":"info","message":"server running --- from server.ts","timestamp":"2025-01-01T23:03:55.596Z"}
{"level":"info","message":"GET URL REQ => http://localhost:6201/api/v1/attendance/report","timestamp":"2025-01-01T23:03:58.229Z"}
{"level":"info","message":"server running --- from server.ts","timestamp":"2025-01-01T23:04:51.859Z"}
{"level":"info","message":"GET URL REQ => http://localhost:6201/api/v1/attendance/report","timestamp":"2025-01-01T23:04:56.448Z"}
{"level":"info","message":"GET URL REQ => http://localhost:6201/api/v1/users/login","timestamp":"2025-01-01T23:07:29.296Z"}
{"level":"info","message":"GET URL REQ => http://localhost:6201/api/v1/staff/dashBoard","timestamp":"2025-01-01T23:07:31.171Z"}
{"level":"info","message":"Router-----store Register Form Data","timestamp":"2025-01-01T23:07:31.179Z"}
{"level":"info","message":"GET URL REQ => http://localhost:6201/api/v1/validateTokenData","timestamp":"2025-01-01T23:07:31.180Z"}
{"level":"info","message":"GET URL REQ => http://localhost:6201/api/v1/staff/dashBoard","timestamp":"2025-01-01T23:07:31.189Z"}
{"level":"info","message":"Router-----store Register Form Data","timestamp":"2025-01-01T23:07:31.194Z"}
{"level":"info","message":"GET URL REQ => http://localhost:6201/api/v1/validateTokenData","timestamp":"2025-01-01T23:07:31.195Z"}
{"level":"info","message":"Router-----store Register Form Data","timestamp":"2025-01-01T23:07:33.520Z"}
{"level":"info","message":"GET URL REQ => http://localhost:6201/api/v1/validateTokenData","timestamp":"2025-01-01T23:07:33.521Z"}
{"level":"info","message":"GET URL REQ => http://localhost:6201/api/v1/attendance/overView","timestamp":"2025-01-01T23:07:33.526Z"}
{"level":"info","message":"Router-----store Register Form Data","timestamp":"2025-01-01T23:07:33.533Z"}
{"level":"info","message":"GET URL REQ => http://localhost:6201/api/v1/validateTokenData","timestamp":"2025-01-01T23:07:33.534Z"}
{"level":"info","message":"GET URL REQ => http://localhost:6201/api/v1/attendance/overView","timestamp":"2025-01-01T23:07:33.538Z"}
{"level":"info","message":"GET URL REQ => http://localhost:6201/api/v1/attendance/session","timestamp":"2025-01-01T23:07:34.921Z"}
{"level":"info","message":"GET URL REQ => http://localhost:6201/api/v1/attendance/session","timestamp":"2025-01-01T23:07:34.932Z"}
{"level":"info","message":"GET URL REQ => http://localhost:6201/api/v1/attendance/reportOptions","timestamp":"2025-01-01T23:07:45.200Z"}
{"level":"info","message":"Router-----store Register Form Data","timestamp":"2025-01-01T23:08:24.075Z"}
{"level":"info","message":"GET URL REQ => http://localhost:6201/api/v1/validateTokenData","timestamp":"2025-01-01T23:08:24.076Z"}
{"level":"info","message":"Router-----store Register Form Data","timestamp":"2025-01-01T23:08:24.082Z"}
{"level":"info","message":"GET URL REQ => http://localhost:6201/api/v1/validateTokenData","timestamp":"2025-01-01T23:08:24.083Z"}
{"level":"info","message":"GET URL REQ => http://localhost:6201/api/v1/settings/Section/branch","timestamp":"2025-01-01T23:08:26.045Z"}
{"level":"info","message":"GET URL REQ => http://localhost:6201/api/v1/settings/package/Data","timestamp":"2025-01-01T23:08:26.050Z"}
{"level":"info","message":"GET URL REQ => http://localhost:6201/api/v1/settings/package/timingData","timestamp":"2025-01-01T23:08:26.055Z"}
{"level":"info","message":"GET URL REQ => http://localhost:6201/api/v1/settings/Section/branch","timestamp":"2025-01-01T23:08:26.063Z"}
{"level":"info","message":"GET URL REQ => http://localhost:6201/api/v1/settings/package/timingData","timestamp":"2025-01-01T23:08:26.068Z"}
{"level":"info","message":"GET URL REQ => http://localhost:6201/api/v1/settings/package/Data","timestamp":"2025-01-01T23:08:26.074Z"}
{"level":"info","message":"GET URL REQ => http://localhost:6201/api/v1/settings/package/timingData","timestamp":"2025-01-01T23:08:26.231Z"}
{"level":"info","message":"GET URL REQ => http://localhost:6201/api/v1/settings/package/Data","timestamp":"2025-01-01T23:08:26.236Z"}
{"level":"info","message":"GET URL REQ => http://localhost:6201/api/v1/settings/package/editTiming","timestamp":"2025-01-01T23:08:37.006Z"}
{"level":"info","message":"GET URL REQ => http://localhost:6201/api/v1/settings/package/timingData","timestamp":"2025-01-01T23:08:37.420Z"}
{"level":"info","message":"Router-----store Register Form Data","timestamp":"2025-01-01T23:08:42.018Z"}
{"level":"info","message":"GET URL REQ => http://localhost:6201/api/v1/validateTokenData","timestamp":"2025-01-01T23:08:42.019Z"}
{"level":"info","message":"GET URL REQ => http://localhost:6201/api/v1/attendance/overView","timestamp":"2025-01-01T23:08:42.024Z"}
{"level":"info","message":"Router-----store Register Form Data","timestamp":"2025-01-01T23:08:42.030Z"}
{"level":"info","message":"GET URL REQ => http://localhost:6201/api/v1/validateTokenData","timestamp":"2025-01-01T23:08:42.031Z"}
{"level":"info","message":"GET URL REQ => http://localhost:6201/api/v1/attendance/overView","timestamp":"2025-01-01T23:08:42.036Z"}
{"level":"info","message":"GET URL REQ => http://localhost:6201/api/v1/attendance/session","timestamp":"2025-01-01T23:08:43.544Z"}
{"level":"info","message":"GET URL REQ => http://localhost:6201/api/v1/attendance/session","timestamp":"2025-01-01T23:08:43.556Z"}
{"level":"info","message":"GET URL REQ => http://localhost:6201/api/v1/attendance/session","timestamp":"2025-01-01T23:08:45.456Z"}
{"level":"info","message":"GET URL REQ => http://localhost:6201/api/v1/attendance/session","timestamp":"2025-01-01T23:08:45.468Z"}
{"level":"info","message":"GET URL REQ => http://localhost:6201/api/v1/attendance/reportOptions","timestamp":"2025-01-01T23:08:59.154Z"}
{"level":"info","message":"GET URL REQ => http://localhost:6201/api/v1/attendance/report","timestamp":"2025-01-01T23:09:06.962Z"}
{"level":"info","message":"server running --- from server.ts","timestamp":"2025-01-02T03:43:57.805Z"}
{"level":"info","message":"server running --- from server.ts","timestamp":"2025-01-02T03:45:42.238Z"}
{"level":"info","message":"server running --- from server.ts","timestamp":"2025-01-02T03:47:38.569Z"}
{"level":"info","message":"GET URL REQ => http://localhost:6201/api/v1/users/login","timestamp":"2025-01-02T03:47:50.256Z"}
{"level":"info","message":"GET URL REQ => http://localhost:6201/api/v1/staff/dashBoard","timestamp":"2025-01-02T03:47:56.205Z"}
{"level":"info","message":"Router-----store Register Form Data","timestamp":"2025-01-02T03:47:56.214Z"}
{"level":"info","message":"GET URL REQ => http://localhost:6201/api/v1/validateTokenData","timestamp":"2025-01-02T03:47:56.215Z"}
{"level":"info","message":"GET URL REQ => http://localhost:6201/api/v1/staff/dashBoard","timestamp":"2025-01-02T03:47:56.221Z"}
{"level":"info","message":"Router-----store Register Form Data","timestamp":"2025-01-02T03:47:56.225Z"}
{"level":"info","message":"GET URL REQ => http://localhost:6201/api/v1/validateTokenData","timestamp":"2025-01-02T03:47:56.226Z"}
{"level":"info","message":"Router-----store Register Form Data","timestamp":"2025-01-02T03:47:58.728Z"}
{"level":"info","message":"GET URL REQ => http://localhost:6201/api/v1/validateTokenData","timestamp":"2025-01-02T03:47:58.732Z"}
{"level":"info","message":"Router-----store Register Form Data","timestamp":"2025-01-02T03:47:58.738Z"}
{"level":"info","message":"GET URL REQ => http://localhost:6201/api/v1/validateTokenData","timestamp":"2025-01-02T03:47:58.739Z"}
{"level":"info","message":"GET URL REQ => http://localhost:6201/api/v1/attendance/overView","timestamp":"2025-01-02T03:47:58.754Z"}
{"level":"info","message":"GET URL REQ => http://localhost:6201/api/v1/attendance/overView","timestamp":"2025-01-02T03:47:58.767Z"}
{"level":"info","message":"GET URL REQ => http://localhost:6201/api/v1/attendance/session","timestamp":"2025-01-02T03:48:03.436Z"}
{"level":"info","message":"GET URL REQ => http://localhost:6201/api/v1/attendance/session","timestamp":"2025-01-02T03:48:03.444Z"}
{"level":"info","message":"GET URL REQ => http://localhost:6201/api/v1/attendance/reportOptions","timestamp":"2025-01-02T03:48:17.883Z"}
{"level":"info","message":"GET URL REQ => http://localhost:6201/api/v1/attendance/report","timestamp":"2025-01-02T03:48:45.601Z"}
{"level":"info","message":"server running --- from server.ts","timestamp":"2025-01-02T03:49:21.601Z"}
{"level":"info","message":"GET URL REQ => http://localhost:6201/api/v1/attendance/report","timestamp":"2025-01-02T03:49:24.723Z"}
{"level":"info","message":"server running --- from server.ts","timestamp":"2025-01-02T03:49:47.723Z"}
{"level":"info","message":"GET URL REQ => http://localhost:6201/api/v1/attendance/report","timestamp":"2025-01-02T03:49:51.028Z"}
{"level":"info","message":"server running --- from server.ts","timestamp":"2025-01-02T03:51:11.964Z"}
{"level":"info","message":"GET URL REQ => http://localhost:6201/api/v1/attendance/report","timestamp":"2025-01-02T03:51:18.799Z"}
{"level":"info","message":"server running --- from server.ts","timestamp":"2025-01-02T03:51:42.564Z"}
{"level":"info","message":"GET URL REQ => http://localhost:6201/api/v1/attendance/report","timestamp":"2025-01-02T03:51:42.715Z"}
{"level":"info","message":"server running --- from server.ts","timestamp":"2025-01-02T03:52:56.038Z"}
{"level":"info","message":"GET URL REQ => http://localhost:6201/api/v1/attendance/report","timestamp":"2025-01-02T03:53:00.254Z"}
{"level":"info","message":"GET URL REQ => http://localhost:6201/api/v1/attendance/reportOptions","timestamp":"2025-01-02T03:54:29.674Z"}
{"level":"info","message":"GET URL REQ => http://localhost:6201/api/v1/attendance/report","timestamp":"2025-01-02T03:54:38.589Z"}
{"level":"info","message":"GET URL REQ => http://localhost:6201/api/v1/attendance/reportOptions","timestamp":"2025-01-02T03:55:07.988Z"}
{"level":"info","message":"GET URL REQ => http://localhost:6201/api/v1/attendance/report","timestamp":"2025-01-02T03:55:15.149Z"}
{"level":"info","message":"server running --- from server.ts","timestamp":"2025-01-02T03:55:40.023Z"}
{"level":"info","message":"server running --- from server.ts","timestamp":"2025-01-02T03:55:45.788Z"}
{"level":"info","message":"server running --- from server.ts","timestamp":"2025-01-02T03:55:53.395Z"}
{"level":"info","message":"GET URL REQ => http://localhost:6201/api/v1/attendance/report","timestamp":"2025-01-02T03:55:55.691Z"}
{"level":"info","message":"server running --- from server.ts","timestamp":"2025-01-02T03:56:55.722Z"}
{"level":"info","message":"GET URL REQ => http://localhost:6201/api/v1/attendance/report","timestamp":"2025-01-02T03:57:17.509Z"}
{"level":"info","message":"server running --- from server.ts","timestamp":"2025-01-02T03:59:29.894Z"}
{"level":"info","message":"server running --- from server.ts","timestamp":"2025-01-02T04:06:26.194Z"}
{"level":"info","message":"server running --- from server.ts","timestamp":"2025-01-02T04:06:42.826Z"}
{"level":"info","message":"server running --- from server.ts","timestamp":"2025-01-02T04:07:05.525Z"}
{"level":"info","message":"server running --- from server.ts","timestamp":"2025-01-02T04:07:14.870Z"}
{"level":"info","message":"server running --- from server.ts","timestamp":"2025-01-02T04:07:35.634Z"}
{"level":"info","message":"server running --- from server.ts","timestamp":"2025-01-02T04:07:45.814Z"}
{"level":"info","message":"GET URL REQ => http://localhost:6201/api/v1/users/login","timestamp":"2025-01-02T04:09:26.769Z"}
{"level":"info","message":"GET URL REQ => http://localhost:6201/api/v1/staff/dashBoard","timestamp":"2025-01-02T04:09:28.514Z"}
{"level":"info","message":"Router-----store Register Form Data","timestamp":"2025-01-02T04:09:28.526Z"}
{"level":"info","message":"GET URL REQ => http://localhost:6201/api/v1/validateTokenData","timestamp":"2025-01-02T04:09:28.527Z"}
{"level":"info","message":"GET URL REQ => http://localhost:6201/api/v1/staff/dashBoard","timestamp":"2025-01-02T04:09:28.539Z"}
{"level":"info","message":"Router-----store Register Form Data","timestamp":"2025-01-02T04:09:28.543Z"}
{"level":"info","message":"GET URL REQ => http://localhost:6201/api/v1/validateTokenData","timestamp":"2025-01-02T04:09:28.545Z"}
{"level":"info","message":"Router-----store Register Form Data","timestamp":"2025-01-02T04:09:30.321Z"}
{"level":"info","message":"GET URL REQ => http://localhost:6201/api/v1/validateTokenData","timestamp":"2025-01-02T04:09:30.324Z"}
{"level":"info","message":"GET URL REQ => http://localhost:6201/api/v1/attendance/overView","timestamp":"2025-01-02T04:09:30.333Z"}
{"level":"info","message":"Router-----store Register Form Data","timestamp":"2025-01-02T04:09:30.342Z"}
{"level":"info","message":"GET URL REQ => http://localhost:6201/api/v1/validateTokenData","timestamp":"2025-01-02T04:09:30.345Z"}
{"level":"info","message":"GET URL REQ => http://localhost:6201/api/v1/attendance/overView","timestamp":"2025-01-02T04:09:30.352Z"}
{"level":"info","message":"GET URL REQ => http://localhost:6201/api/v1/attendance/session","timestamp":"2025-01-02T04:09:31.675Z"}
{"level":"info","message":"GET URL REQ => http://localhost:6201/api/v1/attendance/session","timestamp":"2025-01-02T04:09:31.687Z"}
{"level":"info","message":"GET URL REQ => http://localhost:6201/api/v1/attendance/reportOptions","timestamp":"2025-01-02T04:09:43.178Z"}
{"level":"info","message":"GET URL REQ => http://localhost:6201/api/v1/attendance/report","timestamp":"2025-01-02T04:10:01.636Z"}
{"level":"info","message":"GET URL REQ => http://localhost:6201/api/v1/attendance/reportOptions","timestamp":"2025-01-02T04:11:19.920Z"}
{"level":"info","message":"GET URL REQ => http://localhost:6201/api/v1/attendance/report","timestamp":"2025-01-02T04:11:25.984Z"}
{"level":"info","message":"GET URL REQ => http://localhost:6201/api/v1/attendance/reportOptions","timestamp":"2025-01-02T04:12:52.550Z"}
{"level":"info","message":"GET URL REQ => http://localhost:6201/api/v1/attendance/reportOptions","timestamp":"2025-01-02T04:12:59.608Z"}
{"level":"info","message":"GET URL REQ => http://localhost:6201/api/v1/attendance/report","timestamp":"2025-01-02T04:13:14.713Z"}
{"level":"info","message":"GET URL REQ => http://localhost:6201/api/v1/attendance/reportOptions","timestamp":"2025-01-02T04:17:02.867Z"}
{"level":"info","message":"GET URL REQ => http://localhost:6201/api/v1/attendance/reportOptions","timestamp":"2025-01-02T04:17:09.133Z"}
{"level":"info","message":"GET URL REQ => http://localhost:6201/api/v1/attendance/report","timestamp":"2025-01-02T04:17:12.315Z"}
{"level":"info","message":"server running --- from server.ts","timestamp":"2025-01-02T04:31:22.171Z"}
{"level":"info","message":"server running --- from server.ts","timestamp":"2025-01-02T04:31:52.666Z"}
{"level":"info","message":"GET URL REQ => http://localhost:6201/api/v1/attendance/report","timestamp":"2025-01-02T04:32:15.038Z"}
{"level":"info","message":"server running --- from server.ts","timestamp":"2025-01-02T04:37:47.392Z"}
{"level":"info","message":"GET URL REQ => http://localhost:6201/api/v1/attendance/report","timestamp":"2025-01-02T04:37:50.805Z"}
{"level":"info","message":"server running --- from server.ts","timestamp":"2025-01-02T04:38:52.716Z"}
{"level":"info","message":"server running --- from server.ts","timestamp":"2025-01-02T04:39:43.898Z"}
{"level":"info","message":"GET URL REQ => http://localhost:6201/api/v1/attendance/report","timestamp":"2025-01-02T04:39:47.093Z"}
{"level":"info","message":"GET URL REQ => http://localhost:6201/api/v1/users/login","timestamp":"2025-01-02T04:41:17.750Z"}
{"level":"info","message":"GET URL REQ => http://localhost:6201/api/v1/staff/dashBoard","timestamp":"2025-01-02T04:41:19.483Z"}
{"level":"info","message":"Router-----store Register Form Data","timestamp":"2025-01-02T04:41:19.493Z"}
{"level":"info","message":"GET URL REQ => http://localhost:6201/api/v1/validateTokenData","timestamp":"2025-01-02T04:41:19.494Z"}
{"level":"info","message":"GET URL REQ => http://localhost:6201/api/v1/staff/dashBoard","timestamp":"2025-01-02T04:41:19.501Z"}
{"level":"info","message":"Router-----store Register Form Data","timestamp":"2025-01-02T04:41:19.511Z"}
{"level":"info","message":"GET URL REQ => http://localhost:6201/api/v1/validateTokenData","timestamp":"2025-01-02T04:41:19.512Z"}
{"level":"info","message":"Router-----store Register Form Data","timestamp":"2025-01-02T04:41:34.845Z"}
{"level":"info","message":"GET URL REQ => http://localhost:6201/api/v1/validateTokenData","timestamp":"2025-01-02T04:41:34.846Z"}
{"level":"info","message":"Router-----store Register Form Data","timestamp":"2025-01-02T04:41:34.860Z"}
{"level":"info","message":"GET URL REQ => http://localhost:6201/api/v1/validateTokenData","timestamp":"2025-01-02T04:41:34.862Z"}
{"level":"info","message":"GET URL REQ => http://localhost:6201/api/v1/attendance/overView","timestamp":"2025-01-02T04:41:34.869Z"}
{"level":"info","message":"GET URL REQ => http://localhost:6201/api/v1/attendance/overView","timestamp":"2025-01-02T04:41:34.882Z"}
{"level":"info","message":"GET URL REQ => http://localhost:6201/api/v1/attendance/session","timestamp":"2025-01-02T04:41:37.204Z"}
{"level":"info","message":"GET URL REQ => http://localhost:6201/api/v1/attendance/session","timestamp":"2025-01-02T04:41:37.217Z"}
{"level":"info","message":"GET URL REQ => http://localhost:6201/api/v1/attendance/reportOptions","timestamp":"2025-01-02T04:41:46.982Z"}
{"level":"info","message":"GET URL REQ => http://localhost:6201/api/v1/attendance/report","timestamp":"2025-01-02T04:42:06.010Z"}
{"level":"info","message":"GET URL REQ => http://localhost:6201/api/v1/attendance/report","timestamp":"2025-01-02T04:42:14.494Z"}
{"level":"info","message":"GET URL REQ => http://localhost:6201/api/v1/attendance/reportOptions","timestamp":"2025-01-02T04:42:30.875Z"}
{"level":"info","message":"GET URL REQ => http://localhost:6201/api/v1/attendance/report","timestamp":"2025-01-02T04:42:34.463Z"}
{"level":"info","message":"server running --- from server.ts","timestamp":"2025-01-02T04:52:14.098Z"}
{"level":"info","message":"server running --- from server.ts","timestamp":"2025-01-02T04:52:19.776Z"}
{"level":"info","message":"server running --- from server.ts","timestamp":"2025-01-02T04:55:35.296Z"}
{"level":"info","message":"server running --- from server.ts","timestamp":"2025-01-02T04:55:43.702Z"}
{"level":"info","message":"server running --- from server.ts","timestamp":"2025-01-02T04:56:38.212Z"}
{"level":"info","message":"server running --- from server.ts","timestamp":"2025-01-02T04:57:33.001Z"}
{"level":"info","message":"server running --- from server.ts","timestamp":"2025-01-02T04:57:58.612Z"}
{"level":"info","message":"server running --- from server.ts","timestamp":"2025-01-02T04:58:49.709Z"}
{"level":"info","message":"GET URL REQ => http://localhost:6201/api/v1/attendance/reportOptions","timestamp":"2025-01-02T04:59:16.200Z"}
{"level":"info","message":"GET URL REQ => http://localhost:6201/api/v1/attendance/report","timestamp":"2025-01-02T04:59:29.193Z"}
{"level":"info","message":"server running --- from server.ts","timestamp":"2025-01-02T05:00:07.342Z"}
{"level":"info","message":"GET URL REQ => http://localhost:6201/api/v1/attendance/report","timestamp":"2025-01-02T05:00:17.665Z"}
{"level":"info","message":"server running --- from server.ts","timestamp":"2025-01-02T05:00:39.328Z"}
{"level":"info","message":"server running --- from server.ts","timestamp":"2025-01-02T05:01:17.122Z"}
{"level":"info","message":"GET URL REQ => http://localhost:6201/api/v1/attendance/report","timestamp":"2025-01-02T05:01:17.230Z"}
{"level":"info","message":"server running --- from server.ts","timestamp":"2025-01-02T05:01:58.277Z"}
{"level":"info","message":"GET URL REQ => http://localhost:6201/api/v1/users/login","timestamp":"2025-01-02T05:03:07.231Z"}
{"level":"info","message":"GET URL REQ => http://localhost:6201/api/v1/staff/dashBoard","timestamp":"2025-01-02T05:03:09.442Z"}
{"level":"info","message":"Router-----store Register Form Data","timestamp":"2025-01-02T05:03:09.453Z"}
{"level":"info","message":"GET URL REQ => http://localhost:6201/api/v1/validateTokenData","timestamp":"2025-01-02T05:03:09.455Z"}
{"level":"info","message":"GET URL REQ => http://localhost:6201/api/v1/staff/dashBoard","timestamp":"2025-01-02T05:03:09.462Z"}
{"level":"info","message":"Router-----store Register Form Data","timestamp":"2025-01-02T05:03:09.469Z"}
{"level":"info","message":"GET URL REQ => http://localhost:6201/api/v1/validateTokenData","timestamp":"2025-01-02T05:03:09.472Z"}
{"level":"info","message":"server running --- from server.ts","timestamp":"2025-01-02T05:03:33.525Z"}
{"level":"info","message":"Router-----store Register Form Data","timestamp":"2025-01-02T05:05:18.550Z"}
{"level":"info","message":"GET URL REQ => http://localhost:6201/api/v1/validateTokenData","timestamp":"2025-01-02T05:05:18.552Z"}
{"level":"info","message":"GET URL REQ => http://localhost:6201/api/v1/attendance/overView","timestamp":"2025-01-02T05:05:18.568Z"}
{"level":"info","message":"Router-----store Register Form Data","timestamp":"2025-01-02T05:05:18.644Z"}
{"level":"info","message":"GET URL REQ => http://localhost:6201/api/v1/validateTokenData","timestamp":"2025-01-02T05:05:18.646Z"}
{"level":"info","message":"GET URL REQ => http://localhost:6201/api/v1/attendance/overView","timestamp":"2025-01-02T05:05:18.652Z"}
{"level":"info","message":"GET URL REQ => http://localhost:6201/api/v1/attendance/session","timestamp":"2025-01-02T05:05:25.247Z"}
{"level":"info","message":"GET URL REQ => http://localhost:6201/api/v1/attendance/session","timestamp":"2025-01-02T05:05:25.257Z"}
{"level":"info","message":"GET URL REQ => http://localhost:6201/api/v1/attendance/reportOptions","timestamp":"2025-01-02T05:05:41.283Z"}
{"level":"info","message":"GET URL REQ => http://localhost:6201/api/v1/attendance/report","timestamp":"2025-01-02T05:05:57.949Z"}
{"level":"info","message":"GET URL REQ => http://localhost:6201/api/v1/attendance/report","timestamp":"2025-01-02T05:06:02.525Z"}
{"level":"info","message":"server running --- from server.ts","timestamp":"2025-01-02T05:07:12.736Z"}
{"level":"info","message":"GET URL REQ => http://localhost:6201/api/v1/attendance/report","timestamp":"2025-01-02T05:07:12.842Z"}
{"level":"info","message":"GET URL REQ => http://localhost:6201/api/v1/attendance/reportOptions","timestamp":"2025-01-02T05:07:55.535Z"}
{"level":"info","message":"GET URL REQ => http://localhost:6201/api/v1/attendance/reportOptions","timestamp":"2025-01-02T05:08:02.838Z"}
{"level":"info","message":"GET URL REQ => http://localhost:6201/api/v1/attendance/report","timestamp":"2025-01-02T05:08:12.753Z"}
{"level":"info","message":"server running --- from server.ts","timestamp":"2025-01-02T05:18:47.728Z"}
{"level":"info","message":"server running --- from server.ts","timestamp":"2025-01-02T05:19:03.269Z"}
{"level":"info","message":"server running --- from server.ts","timestamp":"2025-01-02T05:19:11.366Z"}
{"level":"info","message":"server running --- from server.ts","timestamp":"2025-01-02T05:19:24.659Z"}
{"level":"info","message":"server running --- from server.ts","timestamp":"2025-01-02T05:19:34.479Z"}
{"level":"info","message":"server running --- from server.ts","timestamp":"2025-01-02T05:20:27.032Z"}
{"level":"info","message":"GET URL REQ => http://localhost:6201/api/v1/attendance/reportOptions","timestamp":"2025-01-02T05:23:36.780Z"}
{"level":"info","message":"GET URL REQ => http://localhost:6201/api/v1/attendance/reportOptions","timestamp":"2025-01-02T05:23:46.715Z"}
{"level":"info","message":"GET URL REQ => http://localhost:6201/api/v1/attendance/reportOptions","timestamp":"2025-01-02T05:23:47.989Z"}
{"level":"info","message":"GET URL REQ => http://localhost:6201/api/v1/attendance/reportOptions","timestamp":"2025-01-02T05:24:25.797Z"}
{"level":"info","message":"GET URL REQ => http://localhost:6201/api/v1/attendance/reportOptions","timestamp":"2025-01-02T05:24:51.179Z"}
{"level":"info","message":"GET URL REQ => http://localhost:6201/api/v1/attendance/reportOptions","timestamp":"2025-01-02T05:25:07.676Z"}
{"level":"info","message":"GET URL REQ => http://localhost:6201/api/v1/attendance/report","timestamp":"2025-01-02T05:25:11.159Z"}
{"level":"info","message":"GET URL REQ => http://localhost:6201/api/v1/users/login","timestamp":"2025-01-02T05:26:29.181Z"}
{"level":"info","message":"GET URL REQ => http://localhost:6201/api/v1/staff/dashBoard","timestamp":"2025-01-02T05:26:30.797Z"}
{"level":"info","message":"Router-----store Register Form Data","timestamp":"2025-01-02T05:26:30.809Z"}
{"level":"info","message":"GET URL REQ => http://localhost:6201/api/v1/validateTokenData","timestamp":"2025-01-02T05:26:30.810Z"}
{"level":"info","message":"GET URL REQ => http://localhost:6201/api/v1/staff/dashBoard","timestamp":"2025-01-02T05:26:30.814Z"}
{"level":"info","message":"Router-----store Register Form Data","timestamp":"2025-01-02T05:26:30.821Z"}
{"level":"info","message":"GET URL REQ => http://localhost:6201/api/v1/validateTokenData","timestamp":"2025-01-02T05:26:30.822Z"}
{"level":"info","message":"Router-----store Register Form Data","timestamp":"2025-01-02T05:26:33.332Z"}
{"level":"info","message":"GET URL REQ => http://localhost:6201/api/v1/validateTokenData","timestamp":"2025-01-02T05:26:33.335Z"}
{"level":"info","message":"GET URL REQ => http://localhost:6201/api/v1/attendance/overView","timestamp":"2025-01-02T05:26:33.349Z"}
{"level":"info","message":"Router-----store Register Form Data","timestamp":"2025-01-02T05:26:33.368Z"}
{"level":"info","message":"GET URL REQ => http://localhost:6201/api/v1/validateTokenData","timestamp":"2025-01-02T05:26:33.371Z"}
{"level":"info","message":"GET URL REQ => http://localhost:6201/api/v1/attendance/overView","timestamp":"2025-01-02T05:26:33.379Z"}
{"level":"info","message":"GET URL REQ => http://localhost:6201/api/v1/attendance/session","timestamp":"2025-01-02T05:26:35.440Z"}
{"level":"info","message":"GET URL REQ => http://localhost:6201/api/v1/attendance/session","timestamp":"2025-01-02T05:26:35.453Z"}
{"level":"info","message":"Router-----store Register Form Data","timestamp":"2025-01-02T05:28:02.161Z"}
{"level":"info","message":"GET URL REQ => http://localhost:6201/api/v1/validateTokenData","timestamp":"2025-01-02T05:28:02.162Z"}
{"level":"info","message":"GET URL REQ => http://localhost:6201/api/v1/attendance/overView","timestamp":"2025-01-02T05:28:02.171Z"}
{"level":"info","message":"Router-----store Register Form Data","timestamp":"2025-01-02T05:28:02.177Z"}
{"level":"info","message":"GET URL REQ => http://localhost:6201/api/v1/validateTokenData","timestamp":"2025-01-02T05:28:02.178Z"}
{"level":"info","message":"GET URL REQ => http://localhost:6201/api/v1/attendance/overView","timestamp":"2025-01-02T05:28:02.183Z"}
{"level":"info","message":"GET URL REQ => http://localhost:6201/api/v1/attendance/session","timestamp":"2025-01-02T05:28:04.457Z"}
{"level":"info","message":"GET URL REQ => http://localhost:6201/api/v1/attendance/session","timestamp":"2025-01-02T05:28:04.469Z"}
{"level":"info","message":"GET URL REQ => http://localhost:6201/api/v1/attendance/reportOptions","timestamp":"2025-01-02T05:29:00.079Z"}
{"level":"info","message":"GET URL REQ => http://localhost:6201/api/v1/attendance/report","timestamp":"2025-01-02T05:29:03.403Z"}
{"level":"info","message":"GET URL REQ => http://localhost:6201/api/v1/attendance/reportOptions","timestamp":"2025-01-02T05:29:14.835Z"}
{"level":"info","message":"GET URL REQ => http://localhost:6201/api/v1/attendance/reportOptions","timestamp":"2025-01-02T05:29:32.628Z"}
{"level":"info","message":"GET URL REQ => http://localhost:6201/api/v1/attendance/reportOptions","timestamp":"2025-01-02T05:29:36.823Z"}
{"level":"info","message":"GET URL REQ => http://localhost:6201/api/v1/attendance/reportOptions","timestamp":"2025-01-02T05:29:41.104Z"}
{"level":"info","message":"GET URL REQ => http://localhost:6201/api/v1/attendance/reportOptions","timestamp":"2025-01-02T05:30:11.512Z"}
{"level":"info","message":"GET URL REQ => http://localhost:6201/api/v1/attendance/reportOptions","timestamp":"2025-01-02T05:30:21.909Z"}
{"level":"info","message":"GET URL REQ => http://localhost:6201/api/v1/attendance/report","timestamp":"2025-01-02T05:30:24.833Z"}
{"level":"info","message":"GET URL REQ => http://localhost:6201/api/v1/attendance/report","timestamp":"2025-01-02T05:30:28.103Z"}
{"level":"info","message":"GET URL REQ => http://localhost:6201/api/v1/attendance/report","timestamp":"2025-01-02T05:30:37.900Z"}
{"level":"info","message":"server running --- from server.ts","timestamp":"2025-01-02T05:43:21.488Z"}
{"level":"info","message":"server running --- from server.ts","timestamp":"2025-01-02T05:43:45.148Z"}
{"level":"info","message":"server running --- from server.ts","timestamp":"2025-01-02T05:49:15.228Z"}
{"level":"info","message":"GET URL REQ => http://localhost:6201/api/v1/users/login","timestamp":"2025-01-02T05:49:31.409Z"}
{"level":"info","message":"GET URL REQ => http://localhost:6201/api/v1/staff/dashBoard","timestamp":"2025-01-02T05:49:33.238Z"}
{"level":"info","message":"GET URL REQ => http://localhost:6201/api/v1/staff/dashBoard","timestamp":"2025-01-02T05:49:33.249Z"}
{"level":"info","message":"Router-----store Register Form Data","timestamp":"2025-01-02T05:49:33.254Z"}
{"level":"info","message":"GET URL REQ => http://localhost:6201/api/v1/validateTokenData","timestamp":"2025-01-02T05:49:33.255Z"}
{"level":"info","message":"Router-----store Register Form Data","timestamp":"2025-01-02T05:49:33.263Z"}
{"level":"info","message":"GET URL REQ => http://localhost:6201/api/v1/validateTokenData","timestamp":"2025-01-02T05:49:33.264Z"}
{"level":"info","message":"Router-----store Register Form Data","timestamp":"2025-01-02T05:49:36.445Z"}
{"level":"info","message":"GET URL REQ => http://localhost:6201/api/v1/validateTokenData","timestamp":"2025-01-02T05:49:36.449Z"}
{"level":"info","message":"GET URL REQ => http://localhost:6201/api/v1/attendance/overView","timestamp":"2025-01-02T05:49:36.456Z"}
{"level":"info","message":"Router-----store Register Form Data","timestamp":"2025-01-02T05:49:36.466Z"}
{"level":"info","message":"GET URL REQ => http://localhost:6201/api/v1/validateTokenData","timestamp":"2025-01-02T05:49:36.467Z"}
{"level":"info","message":"GET URL REQ => http://localhost:6201/api/v1/attendance/overView","timestamp":"2025-01-02T05:49:36.475Z"}
{"level":"info","message":"GET URL REQ => http://localhost:6201/api/v1/attendance/session","timestamp":"2025-01-02T05:50:19.585Z"}
{"level":"info","message":"GET URL REQ => http://localhost:6201/api/v1/attendance/session","timestamp":"2025-01-02T05:50:19.597Z"}
{"level":"info","message":"GET URL REQ => http://localhost:6201/api/v1/attendance/reportOptions","timestamp":"2025-01-02T05:51:09.601Z"}
{"level":"info","message":"GET URL REQ => http://localhost:6201/api/v1/attendance/report","timestamp":"2025-01-02T05:51:15.865Z"}
{"level":"info","message":"GET URL REQ => http://localhost:6201/api/v1/attendance/report","timestamp":"2025-01-02T05:59:34.216Z"}
{"level":"info","message":"server running --- from server.ts","timestamp":"2025-01-02T06:00:44.374Z"}
{"level":"info","message":"GET URL REQ => http://localhost:6201/api/v1/attendance/report","timestamp":"2025-01-02T06:00:57.514Z"}
{"level":"info","message":"server running --- from server.ts","timestamp":"2025-01-02T06:02:53.357Z"}
{"level":"info","message":"GET URL REQ => http://localhost:6201/api/v1/attendance/report","timestamp":"2025-01-02T06:02:58.556Z"}
{"level":"info","message":"server running --- from server.ts","timestamp":"2025-01-02T06:05:37.136Z"}
{"level":"info","message":"GET URL REQ => http://localhost:6201/api/v1/attendance/report","timestamp":"2025-01-02T06:05:41.631Z"}
{"level":"info","message":"server running --- from server.ts","timestamp":"2025-01-02T06:05:51.144Z"}
{"level":"info","message":"GET URL REQ => http://localhost:6201/api/v1/attendance/report","timestamp":"2025-01-02T06:05:54.118Z"}
{"level":"info","message":"server running --- from server.ts","timestamp":"2025-01-02T06:06:05.845Z"}
{"level":"info","message":"server running --- from server.ts","timestamp":"2025-01-02T06:06:13.043Z"}
{"level":"info","message":"GET URL REQ => http://localhost:6201/api/v1/attendance/report","timestamp":"2025-01-02T06:06:15.516Z"}
{"level":"info","message":"server running --- from server.ts","timestamp":"2025-01-02T06:06:32.130Z"}
{"level":"info","message":"GET URL REQ => http://localhost:6201/api/v1/attendance/report","timestamp":"2025-01-02T06:06:34.119Z"}
{"level":"info","message":"GET URL REQ => http://localhost:6201/api/v1/attendance/reportOptions","timestamp":"2025-01-02T06:07:15.760Z"}
{"level":"info","message":"GET URL REQ => http://localhost:6201/api/v1/attendance/reportOptions","timestamp":"2025-01-02T06:07:18.199Z"}
{"level":"info","message":"GET URL REQ => http://localhost:6201/api/v1/attendance/reportOptions","timestamp":"2025-01-02T06:07:19.880Z"}
{"level":"info","message":"GET URL REQ => http://localhost:6201/api/v1/attendance/reportOptions","timestamp":"2025-01-02T06:07:26.008Z"}
{"level":"info","message":"GET URL REQ => http://localhost:6201/api/v1/attendance/reportOptions","timestamp":"2025-01-02T06:07:27.536Z"}
{"level":"info","message":"GET URL REQ => http://localhost:6201/api/v1/attendance/reportOptions","timestamp":"2025-01-02T06:07:30.698Z"}
{"level":"info","message":"GET URL REQ => http://localhost:6201/api/v1/attendance/reportOptions","timestamp":"2025-01-02T06:07:32.646Z"}
{"level":"info","message":"GET URL REQ => http://localhost:6201/api/v1/attendance/report","timestamp":"2025-01-02T06:07:43.001Z"}
{"level":"info","message":"GET URL REQ => http://localhost:6201/api/v1/attendance/report","timestamp":"2025-01-02T06:08:32.763Z"}
{"level":"info","message":"server running --- from server.ts","timestamp":"2025-01-02T06:13:01.719Z"}
{"level":"info","message":"server running --- from server.ts","timestamp":"2025-01-02T06:13:24.327Z"}
{"level":"info","message":"server running --- from server.ts","timestamp":"2025-01-02T06:13:30.934Z"}
{"level":"info","message":"server running --- from server.ts","timestamp":"2025-01-02T06:13:38.350Z"}
{"level":"info","message":"GET URL REQ => http://localhost:6201/api/v1/attendance/report","timestamp":"2025-01-02T06:13:46.111Z"}
{"level":"info","message":"server running --- from server.ts","timestamp":"2025-01-02T06:20:27.380Z"}
{"level":"info","message":"server running --- from server.ts","timestamp":"2025-01-02T06:20:41.044Z"}
{"level":"info","message":"server running --- from server.ts","timestamp":"2025-01-02T06:21:02.512Z"}
{"level":"info","message":"server running --- from server.ts","timestamp":"2025-01-02T06:21:06.827Z"}
{"level":"info","message":"server running --- from server.ts","timestamp":"2025-01-02T06:21:20.911Z"}
{"level":"info","message":"GET URL REQ => http://localhost:6201/api/v1/users/login","timestamp":"2025-01-02T06:21:36.051Z"}
{"level":"info","message":"Router-----store Register Form Data","timestamp":"2025-01-02T06:21:37.472Z"}
{"level":"info","message":"GET URL REQ => http://localhost:6201/api/v1/validateTokenData","timestamp":"2025-01-02T06:21:37.475Z"}
{"level":"info","message":"GET URL REQ => http://localhost:6201/api/v1/staff/dashBoard","timestamp":"2025-01-02T06:21:37.482Z"}
{"level":"info","message":"GET URL REQ => http://localhost:6201/api/v1/staff/dashBoard","timestamp":"2025-01-02T06:21:37.486Z"}
{"level":"info","message":"Router-----store Register Form Data","timestamp":"2025-01-02T06:21:37.492Z"}
{"level":"info","message":"GET URL REQ => http://localhost:6201/api/v1/validateTokenData","timestamp":"2025-01-02T06:21:37.493Z"}
{"level":"info","message":"Router-----store Register Form Data","timestamp":"2025-01-02T06:21:40.185Z"}
{"level":"info","message":"GET URL REQ => http://localhost:6201/api/v1/validateTokenData","timestamp":"2025-01-02T06:21:40.190Z"}
{"level":"info","message":"GET URL REQ => http://localhost:6201/api/v1/attendance/overView","timestamp":"2025-01-02T06:21:40.197Z"}
{"level":"info","message":"Router-----store Register Form Data","timestamp":"2025-01-02T06:21:40.202Z"}
{"level":"info","message":"GET URL REQ => http://localhost:6201/api/v1/validateTokenData","timestamp":"2025-01-02T06:21:40.204Z"}
{"level":"info","message":"GET URL REQ => http://localhost:6201/api/v1/attendance/overView","timestamp":"2025-01-02T06:21:40.209Z"}
{"level":"info","message":"GET URL REQ => http://localhost:6201/api/v1/attendance/session","timestamp":"2025-01-02T06:21:41.889Z"}
{"level":"info","message":"GET URL REQ => http://localhost:6201/api/v1/attendance/session","timestamp":"2025-01-02T06:21:41.906Z"}
{"level":"info","message":"GET URL REQ => http://localhost:6201/api/v1/attendance/reportOptions","timestamp":"2025-01-02T06:21:54.585Z"}
{"level":"info","message":"GET URL REQ => http://localhost:6201/api/v1/attendance/report","timestamp":"2025-01-02T06:22:03.968Z"}
{"level":"info","message":"GET URL REQ => http://localhost:6201/api/v1/attendance/report","timestamp":"2025-01-02T06:23:04.271Z"}
{"level":"info","message":"GET URL REQ => http://localhost:6201/api/v1/attendance/report","timestamp":"2025-01-02T06:23:41.488Z"}
{"level":"info","message":"server running --- from server.ts","timestamp":"2025-01-02T06:24:13.195Z"}
{"level":"info","message":"server running --- from server.ts","timestamp":"2025-01-02T06:24:20.535Z"}
{"level":"info","message":"server running --- from server.ts","timestamp":"2025-01-02T06:24:35.363Z"}
{"level":"info","message":"server running --- from server.ts","timestamp":"2025-01-02T06:27:31.878Z"}
{"level":"info","message":"server running --- from server.ts","timestamp":"2025-01-02T06:28:28.142Z"}
{"level":"info","message":"server running --- from server.ts","timestamp":"2025-01-02T06:28:45.879Z"}
{"level":"info","message":"GET URL REQ => http://localhost:6201/api/v1/users/login","timestamp":"2025-01-02T06:51:08.598Z"}
{"level":"info","message":"GET URL REQ => http://localhost:6201/api/v1/staff/dashBoard","timestamp":"2025-01-02T06:51:10.142Z"}
{"level":"info","message":"Router-----store Register Form Data","timestamp":"2025-01-02T06:51:10.155Z"}
{"level":"info","message":"GET URL REQ => http://localhost:6201/api/v1/validateTokenData","timestamp":"2025-01-02T06:51:10.156Z"}
{"level":"info","message":"GET URL REQ => http://localhost:6201/api/v1/staff/dashBoard","timestamp":"2025-01-02T06:51:10.160Z"}
{"level":"info","message":"Router-----store Register Form Data","timestamp":"2025-01-02T06:51:10.165Z"}
{"level":"info","message":"GET URL REQ => http://localhost:6201/api/v1/validateTokenData","timestamp":"2025-01-02T06:51:10.167Z"}
{"level":"info","message":"Router-----store Register Form Data","timestamp":"2025-01-02T06:51:17.117Z"}
{"level":"info","message":"GET URL REQ => http://localhost:6201/api/v1/validateTokenData","timestamp":"2025-01-02T06:51:17.119Z"}
{"level":"info","message":"Router-----store Register Form Data","timestamp":"2025-01-02T06:51:17.128Z"}
{"level":"info","message":"GET URL REQ => http://localhost:6201/api/v1/validateTokenData","timestamp":"2025-01-02T06:51:17.129Z"}
{"level":"info","message":"GET URL REQ => http://localhost:6201/api/v1/therapist/approvalData","timestamp":"2025-01-02T06:51:17.241Z"}
{"level":"info","message":"GET URL REQ => http://localhost:6201/api/v1/therapist/approvalData","timestamp":"2025-01-02T06:51:17.248Z"}
{"level":"info","message":"GET URL REQ => http://localhost:6201/api/v1/director/userData","timestamp":"2025-01-02T06:51:20.373Z"}
{"level":"info","message":"GET URL REQ line 1133=> http://localhost:6201/api/v1/user/profileData","timestamp":"2025-01-02T06:51:20.505Z"}
{"level":"info","message":"GET URL REQ line 1133=> http://localhost:6201/api/v1/user/profileData","timestamp":"2025-01-02T06:51:20.514Z"}
{"level":"info","message":"GET URL REQ => http://localhost:6201/api/v1/profile/passRegisterData","timestamp":"2025-01-02T06:51:20.518Z"}
{"level":"info","message":"GET URL REQ => http://localhost:6201/api/v1/profile/passRegisterData","timestamp":"2025-01-02T06:51:20.525Z"}
{"level":"info","message":"GET URL REQ => http://localhost:6201/api/v1/profile/MemberList","timestamp":"2025-01-02T06:51:33.545Z"}
{"level":"info","message":"GET URL REQ => http://localhost:6201/api/v1/director/userData","timestamp":"2025-01-02T06:51:38.158Z"}
{"level":"info","message":"GET URL REQ line 1133=> http://localhost:6201/api/v1/user/profileData","timestamp":"2025-01-02T06:51:38.234Z"}
{"level":"info","message":"GET URL REQ => http://localhost:6201/api/v1/profile/passRegisterData","timestamp":"2025-01-02T06:51:38.241Z"}
{"level":"info","message":"GET URL REQ => http://localhost:6201/api/v1/profile/passRegisterData","timestamp":"2025-01-02T06:51:38.246Z"}
{"level":"info","message":"GET URL REQ line 1133=> http://localhost:6201/api/v1/user/profileData","timestamp":"2025-01-02T06:51:38.250Z"}
{"level":"info","message":"Router-----store Register Form Data","timestamp":"2025-01-02T06:51:45.907Z"}
{"level":"info","message":"GET URL REQ => http://localhost:6201/api/v1/validateTokenData","timestamp":"2025-01-02T06:51:45.908Z"}
{"level":"info","message":"Router-----store Register Form Data","timestamp":"2025-01-02T06:51:45.913Z"}
{"level":"info","message":"GET URL REQ => http://localhost:6201/api/v1/validateTokenData","timestamp":"2025-01-02T06:51:45.914Z"}
{"level":"info","message":"GET URL REQ => http://localhost:6201/api/v1/therapist/approvalData","timestamp":"2025-01-02T06:51:46.020Z"}
{"level":"info","message":"GET URL REQ => http://localhost:6201/api/v1/therapist/approvalData","timestamp":"2025-01-02T06:51:46.032Z"}
{"level":"info","message":"GET URL REQ => http://localhost:6201/api/v1/director/userData","timestamp":"2025-01-02T06:51:51.439Z"}
{"level":"info","message":"GET URL REQ => http://localhost:6201/api/v1/profile/passRegisterData","timestamp":"2025-01-02T06:51:51.521Z"}
{"level":"info","message":"GET URL REQ line 1133=> http://localhost:6201/api/v1/user/profileData","timestamp":"2025-01-02T06:51:51.528Z"}
{"level":"info","message":"GET URL REQ => http://localhost:6201/api/v1/profile/passRegisterData","timestamp":"2025-01-02T06:51:51.531Z"}
{"level":"info","message":"GET URL REQ line 1133=> http://localhost:6201/api/v1/user/profileData","timestamp":"2025-01-02T06:51:51.535Z"}
{"level":"info","message":"GET URL REQ => http://localhost:6201/api/v1/profile/MemberList","timestamp":"2025-01-02T06:51:57.250Z"}
{"level":"info","message":"GET URL REQ => http://localhost:6201/api/v1/profile/MemberList","timestamp":"2025-01-02T06:52:01.061Z"}
{"level":"info","message":"GET URL REQ => http://localhost:6201/api/v1/director/userData","timestamp":"2025-01-02T06:52:06.491Z"}
{"level":"info","message":"GET URL REQ => http://localhost:6201/api/v1/profile/passRegisterData","timestamp":"2025-01-02T06:52:06.568Z"}
{"level":"info","message":"GET URL REQ line 1133=> http://localhost:6201/api/v1/user/profileData","timestamp":"2025-01-02T06:52:06.575Z"}
{"level":"info","message":"GET URL REQ => http://localhost:6201/api/v1/profile/passRegisterData","timestamp":"2025-01-02T06:52:06.579Z"}
{"level":"info","message":"GET URL REQ line 1133=> http://localhost:6201/api/v1/user/profileData","timestamp":"2025-01-02T06:52:06.585Z"}
{"level":"info","message":"GET URL REQ => http://localhost:6201/api/v1/profile/MemberList","timestamp":"2025-01-02T06:52:13.690Z"}
{"level":"info","message":"GET URL REQ => http://localhost:6201/api/v1/profile/sectionTime","timestamp":"2025-01-02T06:52:18.526Z"}
{"level":"info","message":"GET URL REQ => http://localhost:6201/api/v1/profile/PackageTime","timestamp":"2025-01-02T06:52:20.899Z"}
{"level":"info","message":"\n\n\nGET URL REQ line 514=> http://localhost:6201/api/v1/profile/SessionUpdate\n\n\n","timestamp":"2025-01-02T06:52:25.390Z"}
{"level":"info","message":"Router-----store Register Form Data","timestamp":"2025-01-02T06:53:05.942Z"}
{"level":"info","message":"GET URL REQ => http://localhost:6201/api/v1/validateTokenData","timestamp":"2025-01-02T06:53:05.942Z"}
{"level":"info","message":"Router-----store Register Form Data","timestamp":"2025-01-02T06:53:05.947Z"}
{"level":"info","message":"GET URL REQ => http://localhost:6201/api/v1/validateTokenData","timestamp":"2025-01-02T06:53:05.948Z"}
{"level":"info","message":"GET URL REQ => http://localhost:6201/api/v1/therapist/approvalData","timestamp":"2025-01-02T06:53:06.493Z"}
{"level":"info","message":"GET URL REQ => http://localhost:6201/api/v1/therapist/approvalData","timestamp":"2025-01-02T06:53:06.505Z"}
{"level":"info","message":"GET URL REQ => http://localhost:6201/api/v1/director/userData","timestamp":"2025-01-02T06:53:08.761Z"}
{"level":"info","message":"GET URL REQ => http://localhost:6201/api/v1/profile/passRegisterData","timestamp":"2025-01-02T06:53:08.848Z"}
{"level":"info","message":"GET URL REQ line 1133=> http://localhost:6201/api/v1/user/profileData","timestamp":"2025-01-02T06:53:08.855Z"}
{"level":"info","message":"GET URL REQ => http://localhost:6201/api/v1/profile/passRegisterData","timestamp":"2025-01-02T06:53:08.860Z"}
{"level":"info","message":"GET URL REQ line 1133=> http://localhost:6201/api/v1/user/profileData","timestamp":"2025-01-02T06:53:08.866Z"}
{"level":"info","message":"GET URL REQ => http://localhost:6201/api/v1/profile/MemberList","timestamp":"2025-01-02T06:53:14.306Z"}
{"level":"info","message":"GET URL REQ => http://localhost:6201/api/v1/profile/sectionTime","timestamp":"2025-01-02T06:53:19.106Z"}
{"level":"info","message":"GET URL REQ => http://localhost:6201/api/v1/profile/PackageTime","timestamp":"2025-01-02T06:53:21.631Z"}
{"level":"info","message":"\n\n\nGET URL REQ line 514=> http://localhost:6201/api/v1/profile/SessionUpdate\n\n\n","timestamp":"2025-01-02T06:53:25.682Z"}
{"level":"info","message":"GET URL REQ => http://localhost:6201/api/v1/director/userData","timestamp":"2025-01-02T06:57:02.090Z"}
{"level":"info","message":"GET URL REQ => http://localhost:6201/api/v1/profile/passRegisterData","timestamp":"2025-01-02T06:57:02.171Z"}
{"level":"info","message":"GET URL REQ line 1133=> http://localhost:6201/api/v1/user/profileData","timestamp":"2025-01-02T06:57:02.177Z"}
{"level":"info","message":"GET URL REQ => http://localhost:6201/api/v1/profile/passRegisterData","timestamp":"2025-01-02T06:57:02.181Z"}
{"level":"info","message":"GET URL REQ line 1133=> http://localhost:6201/api/v1/user/profileData","timestamp":"2025-01-02T06:57:02.189Z"}
{"level":"info","message":"server running --- from server.ts","timestamp":"2025-01-02T07:02:21.945Z"}
{"level":"info","message":"Router-----store Register Form Data","timestamp":"2025-01-02T07:08:10.742Z"}
{"level":"info","message":"GET URL REQ => http://localhost:6201/api/v1/validateTokenData","timestamp":"2025-01-02T07:08:10.743Z"}
{"level":"info","message":"Router-----store Register Form Data","timestamp":"2025-01-02T07:08:10.756Z"}
{"level":"info","message":"GET URL REQ => http://localhost:6201/api/v1/validateTokenData","timestamp":"2025-01-02T07:08:10.757Z"}
{"level":"info","message":"GET URL REQ => http://localhost:6201/api/v1/therapist/approvalData","timestamp":"2025-01-02T07:08:11.094Z"}
{"level":"info","message":"GET URL REQ => http://localhost:6201/api/v1/therapist/approvalData","timestamp":"2025-01-02T07:08:11.106Z"}
{"level":"info","message":"GET URL REQ => http://localhost:6201/api/v1/director/userData","timestamp":"2025-01-02T07:08:12.801Z"}
{"level":"info","message":"GET URL REQ => http://localhost:6201/api/v1/profile/passRegisterData","timestamp":"2025-01-02T07:08:12.885Z"}
{"level":"info","message":"GET URL REQ line 1133=> http://localhost:6201/api/v1/user/profileData","timestamp":"2025-01-02T07:08:12.900Z"}
{"level":"info","message":"GET URL REQ => http://localhost:6201/api/v1/profile/passRegisterData","timestamp":"2025-01-02T07:08:12.905Z"}
{"level":"info","message":"GET URL REQ line 1133=> http://localhost:6201/api/v1/user/profileData","timestamp":"2025-01-02T07:08:12.910Z"}
{"level":"info","message":"GET URL REQ => http://localhost:6201/api/v1/profile/MemberList","timestamp":"2025-01-02T07:08:19.990Z"}
{"level":"info","message":"GET URL REQ => http://localhost:6201/api/v1/profile/sectionTime","timestamp":"2025-01-02T07:08:24.292Z"}
{"level":"info","message":"GET URL REQ => http://localhost:6201/api/v1/profile/PackageTime","timestamp":"2025-01-02T07:08:26.031Z"}
{"level":"info","message":"\n\n\nGET URL REQ line 514=> http://localhost:6201/api/v1/profile/SessionUpdate\n\n\n","timestamp":"2025-01-02T07:08:29.508Z"}
{"level":"info","message":"GET URL REQ => http://localhost:6201/api/v1/profile/MemberList","timestamp":"2025-01-02T07:08:43.996Z"}
{"level":"info","message":"GET URL REQ => http://localhost:6201/api/v1/profile/MemberList","timestamp":"2025-01-02T07:08:45.602Z"}
{"level":"info","message":"GET URL REQ => http://localhost:6201/api/v1/profile/sectionTime","timestamp":"2025-01-02T07:08:48.556Z"}
{"level":"info","message":"GET URL REQ => http://localhost:6201/api/v1/profile/PackageTime","timestamp":"2025-01-02T07:08:50.456Z"}
{"level":"info","message":"GET URL REQ => http://localhost:6201/api/v1/profile/PackageTime","timestamp":"2025-01-02T07:08:52.130Z"}
{"level":"info","message":"\n\n\nGET URL REQ line 514=> http://localhost:6201/api/v1/profile/SessionUpdate\n\n\n","timestamp":"2025-01-02T07:08:56.596Z"}
{"level":"info","message":"Router-----store Register Form Data","timestamp":"2025-01-02T07:09:04.976Z"}
{"level":"info","message":"GET URL REQ => http://localhost:6201/api/v1/validateTokenData","timestamp":"2025-01-02T07:09:04.979Z"}
{"level":"info","message":"Router-----store Register Form Data","timestamp":"2025-01-02T07:09:04.985Z"}
{"level":"info","message":"GET URL REQ => http://localhost:6201/api/v1/validateTokenData","timestamp":"2025-01-02T07:09:04.986Z"}
{"level":"info","message":"GET URL REQ => http://localhost:6201/api/v1/therapist/approvalData","timestamp":"2025-01-02T07:09:05.104Z"}
{"level":"info","message":"GET URL REQ => http://localhost:6201/api/v1/therapist/approvalData","timestamp":"2025-01-02T07:09:05.119Z"}
{"level":"info","message":"GET URL REQ => http://localhost:6201/api/v1/director/userData","timestamp":"2025-01-02T07:09:07.969Z"}
{"level":"info","message":"GET URL REQ => http://localhost:6201/api/v1/profile/passRegisterData","timestamp":"2025-01-02T07:09:08.075Z"}
{"level":"info","message":"GET URL REQ line 1133=> http://localhost:6201/api/v1/user/profileData","timestamp":"2025-01-02T07:09:08.081Z"}
{"level":"info","message":"GET URL REQ => http://localhost:6201/api/v1/profile/passRegisterData","timestamp":"2025-01-02T07:09:08.084Z"}
{"level":"info","message":"GET URL REQ line 1133=> http://localhost:6201/api/v1/user/profileData","timestamp":"2025-01-02T07:09:08.088Z"}
{"level":"info","message":"GET URL REQ => http://localhost:6201/api/v1/profile/MemberList","timestamp":"2025-01-02T07:09:31.868Z"}
{"level":"info","message":"GET URL REQ => http://localhost:6201/api/v1/profile/sectionTime","timestamp":"2025-01-02T07:09:35.832Z"}
{"level":"info","message":"GET URL REQ => http://localhost:6201/api/v1/profile/PackageTime","timestamp":"2025-01-02T07:09:38.695Z"}
{"level":"info","message":"\n\n\nGET URL REQ line 514=> http://localhost:6201/api/v1/profile/SessionUpdate\n\n\n","timestamp":"2025-01-02T07:09:42.188Z"}
{"level":"info","message":"Router-----store Register Form Data","timestamp":"2025-01-02T07:09:44.521Z"}
{"level":"info","message":"GET URL REQ => http://localhost:6201/api/v1/validateTokenData","timestamp":"2025-01-02T07:09:44.522Z"}
{"level":"info","message":"Router-----store Register Form Data","timestamp":"2025-01-02T07:09:44.530Z"}
{"level":"info","message":"GET URL REQ => http://localhost:6201/api/v1/validateTokenData","timestamp":"2025-01-02T07:09:44.531Z"}
{"level":"info","message":"GET URL REQ => http://localhost:6201/api/v1/therapist/approvalData","timestamp":"2025-01-02T07:09:44.642Z"}
{"level":"info","message":"GET URL REQ => http://localhost:6201/api/v1/therapist/approvalData","timestamp":"2025-01-02T07:09:44.656Z"}
{"level":"info","message":"GET URL REQ => http://localhost:6201/api/v1/director/userData","timestamp":"2025-01-02T07:09:46.256Z"}
{"level":"info","message":"GET URL REQ => http://localhost:6201/api/v1/profile/passRegisterData","timestamp":"2025-01-02T07:09:46.361Z"}
{"level":"info","message":"GET URL REQ line 1133=> http://localhost:6201/api/v1/user/profileData","timestamp":"2025-01-02T07:09:46.367Z"}
{"level":"info","message":"GET URL REQ => http://localhost:6201/api/v1/profile/passRegisterData","timestamp":"2025-01-02T07:09:46.369Z"}
{"level":"info","message":"GET URL REQ line 1133=> http://localhost:6201/api/v1/user/profileData","timestamp":"2025-01-02T07:09:46.375Z"}
{"level":"info","message":"GET URL REQ => http://localhost:6201/api/v1/profile/MemberList","timestamp":"2025-01-02T07:09:56.688Z"}
{"level":"info","message":"GET URL REQ => http://localhost:6201/api/v1/profile/sectionTime","timestamp":"2025-01-02T07:09:59.914Z"}
{"level":"info","message":"GET URL REQ => http://localhost:6201/api/v1/profile/PackageTime","timestamp":"2025-01-02T07:10:02.371Z"}
{"level":"info","message":"\n\n\nGET URL REQ line 514=> http://localhost:6201/api/v1/profile/SessionUpdate\n\n\n","timestamp":"2025-01-02T07:10:05.832Z"}
{"level":"info","message":"Router-----store Register Form Data","timestamp":"2025-01-02T07:10:08.315Z"}
{"level":"info","message":"GET URL REQ => http://localhost:6201/api/v1/validateTokenData","timestamp":"2025-01-02T07:10:08.316Z"}
{"level":"info","message":"Router-----store Register Form Data","timestamp":"2025-01-02T07:10:08.321Z"}
{"level":"info","message":"GET URL REQ => http://localhost:6201/api/v1/validateTokenData","timestamp":"2025-01-02T07:10:08.322Z"}
{"level":"info","message":"GET URL REQ => http://localhost:6201/api/v1/therapist/approvalData","timestamp":"2025-01-02T07:10:08.427Z"}
{"level":"info","message":"GET URL REQ => http://localhost:6201/api/v1/therapist/approvalData","timestamp":"2025-01-02T07:10:08.441Z"}
{"level":"info","message":"GET URL REQ => http://localhost:6201/api/v1/director/userData","timestamp":"2025-01-02T07:10:09.486Z"}
{"level":"info","message":"GET URL REQ => http://localhost:6201/api/v1/profile/passRegisterData","timestamp":"2025-01-02T07:10:09.589Z"}
{"level":"info","message":"GET URL REQ line 1133=> http://localhost:6201/api/v1/user/profileData","timestamp":"2025-01-02T07:10:09.594Z"}
{"level":"info","message":"GET URL REQ => http://localhost:6201/api/v1/profile/passRegisterData","timestamp":"2025-01-02T07:10:09.597Z"}
{"level":"info","message":"GET URL REQ line 1133=> http://localhost:6201/api/v1/user/profileData","timestamp":"2025-01-02T07:10:09.605Z"}
{"level":"info","message":"GET URL REQ => http://localhost:6201/api/v1/profile/MemberList","timestamp":"2025-01-02T07:10:54.199Z"}
{"level":"info","message":"GET URL REQ => http://localhost:6201/api/v1/profile/sectionTime","timestamp":"2025-01-02T07:10:58.035Z"}
{"level":"info","message":"GET URL REQ => http://localhost:6201/api/v1/profile/PackageTime","timestamp":"2025-01-02T07:11:01.883Z"}
{"level":"info","message":"\n\n\nGET URL REQ line 514=> http://localhost:6201/api/v1/profile/SessionUpdate\n\n\n","timestamp":"2025-01-02T07:11:08.037Z"}
{"level":"info","message":"Router-----store Register Form Data","timestamp":"2025-01-02T07:11:14.689Z"}
{"level":"info","message":"GET URL REQ => http://localhost:6201/api/v1/validateTokenData","timestamp":"2025-01-02T07:11:14.691Z"}
{"level":"info","message":"Router-----store Register Form Data","timestamp":"2025-01-02T07:11:14.696Z"}
{"level":"info","message":"GET URL REQ => http://localhost:6201/api/v1/validateTokenData","timestamp":"2025-01-02T07:11:14.697Z"}
{"level":"info","message":"GET URL REQ => http://localhost:6201/api/v1/therapist/approvalData","timestamp":"2025-01-02T07:11:14.810Z"}
{"level":"info","message":"GET URL REQ => http://localhost:6201/api/v1/therapist/approvalData","timestamp":"2025-01-02T07:11:14.827Z"}
{"level":"info","message":"GET URL REQ => http://localhost:6201/api/v1/director/userData","timestamp":"2025-01-02T07:11:17.101Z"}
{"level":"info","message":"GET URL REQ => http://localhost:6201/api/v1/profile/passRegisterData","timestamp":"2025-01-02T07:11:17.197Z"}
{"level":"info","message":"GET URL REQ line 1133=> http://localhost:6201/api/v1/user/profileData","timestamp":"2025-01-02T07:11:17.202Z"}
{"level":"info","message":"GET URL REQ => http://localhost:6201/api/v1/profile/passRegisterData","timestamp":"2025-01-02T07:11:17.210Z"}
{"level":"info","message":"GET URL REQ line 1133=> http://localhost:6201/api/v1/user/profileData","timestamp":"2025-01-02T07:11:17.217Z"}
{"level":"info","message":"GET URL REQ => http://localhost:6201/api/v1/director/userData","timestamp":"2025-01-02T07:12:04.102Z"}
{"level":"info","message":"GET URL REQ line 1133=> http://localhost:6201/api/v1/user/profileData","timestamp":"2025-01-02T07:12:04.191Z"}
{"level":"info","message":"GET URL REQ => http://localhost:6201/api/v1/profile/passRegisterData","timestamp":"2025-01-02T07:12:04.196Z"}
{"level":"info","message":"GET URL REQ => http://localhost:6201/api/v1/profile/passRegisterData","timestamp":"2025-01-02T07:12:04.201Z"}
{"level":"info","message":"GET URL REQ line 1133=> http://localhost:6201/api/v1/user/profileData","timestamp":"2025-01-02T07:12:04.207Z"}
{"level":"info","message":"GET URL REQ => http://localhost:6201/api/v1/profile/MemberList","timestamp":"2025-01-02T07:15:54.161Z"}
{"level":"info","message":"GET URL REQ => http://localhost:6201/api/v1/profile/MemberList","timestamp":"2025-01-02T07:15:57.666Z"}
{"level":"info","message":"GET URL REQ => http://localhost:6201/api/v1/profile/sectionTime","timestamp":"2025-01-02T07:16:12.706Z"}
{"level":"info","message":"GET URL REQ => http://localhost:6201/api/v1/profile/PackageTime","timestamp":"2025-01-02T07:16:19.198Z"}
{"level":"info","message":"GET URL REQ => http://localhost:6201/api/v1/profile/PackageTime","timestamp":"2025-01-02T07:17:00.582Z"}
{"level":"info","message":"\n\n\nGET URL REQ line 514=> http://localhost:6201/api/v1/profile/SessionUpdate\n\n\n","timestamp":"2025-01-02T07:17:19.047Z"}
{"level":"info","message":"\n\n\nGET URL REQ line 514=> http://localhost:6201/api/v1/profile/SessionUpdate\n\n\n","timestamp":"2025-01-02T07:18:02.810Z"}
{"level":"info","message":"\n\n\nGET URL REQ line 514=> http://localhost:6201/api/v1/profile/SessionUpdate\n\n\n","timestamp":"2025-01-02T07:18:08.708Z"}
{"level":"info","message":"GET URL REQ line 1133=> http://localhost:6201/api/v1/user/profileData","timestamp":"2025-01-02T07:18:21.612Z"}
{"level":"info","message":"GET URL REQ => http://localhost:6201/api/v1/profile/passRegisterData","timestamp":"2025-01-02T07:18:21.619Z"}
{"level":"info","message":"GET URL REQ => http://localhost:6201/api/v1/director/userData","timestamp":"2025-01-02T07:18:26.684Z"}
{"level":"info","message":"GET URL REQ => http://localhost:6201/api/v1/profile/passRegisterData","timestamp":"2025-01-02T07:18:26.778Z"}
{"level":"info","message":"GET URL REQ line 1133=> http://localhost:6201/api/v1/user/profileData","timestamp":"2025-01-02T07:18:26.783Z"}
{"level":"info","message":"GET URL REQ => http://localhost:6201/api/v1/profile/passRegisterData","timestamp":"2025-01-02T07:18:26.791Z"}
{"level":"info","message":"GET URL REQ line 1133=> http://localhost:6201/api/v1/user/profileData","timestamp":"2025-01-02T07:18:26.797Z"}
{"level":"info","message":"GET URL REQ => http://localhost:6201/api/v1/director/userData","timestamp":"2025-01-02T07:19:09.582Z"}
{"level":"info","message":"GET URL REQ => http://localhost:6201/api/v1/profile/passRegisterData","timestamp":"2025-01-02T07:19:09.673Z"}
{"level":"info","message":"GET URL REQ line 1133=> http://localhost:6201/api/v1/user/profileData","timestamp":"2025-01-02T07:19:09.684Z"}
{"level":"info","message":"GET URL REQ => http://localhost:6201/api/v1/profile/passRegisterData","timestamp":"2025-01-02T07:19:09.688Z"}
{"level":"info","message":"GET URL REQ line 1133=> http://localhost:6201/api/v1/user/profileData","timestamp":"2025-01-02T07:19:09.700Z"}
{"level":"info","message":"GET URL REQ => http://localhost:6201/api/v1/director/userData","timestamp":"2025-01-02T07:21:07.313Z"}
{"level":"info","message":"GET URL REQ => http://localhost:6201/api/v1/profile/passRegisterData","timestamp":"2025-01-02T07:21:07.396Z"}
{"level":"info","message":"GET URL REQ line 1133=> http://localhost:6201/api/v1/user/profileData","timestamp":"2025-01-02T07:21:07.403Z"}
{"level":"info","message":"GET URL REQ => http://localhost:6201/api/v1/profile/passRegisterData","timestamp":"2025-01-02T07:21:07.406Z"}
{"level":"info","message":"GET URL REQ line 1133=> http://localhost:6201/api/v1/user/profileData","timestamp":"2025-01-02T07:21:07.410Z"}
{"level":"info","message":"Router-----store Register Form Data","timestamp":"2025-01-02T07:21:11.515Z"}
{"level":"info","message":"GET URL REQ => http://localhost:6201/api/v1/validateTokenData","timestamp":"2025-01-02T07:21:11.516Z"}
{"level":"info","message":"Router-----store Register Form Data","timestamp":"2025-01-02T07:21:11.521Z"}
{"level":"info","message":"GET URL REQ => http://localhost:6201/api/v1/validateTokenData","timestamp":"2025-01-02T07:21:11.522Z"}
{"level":"info","message":"GET URL REQ => http://localhost:6201/api/v1/therapist/approvalData","timestamp":"2025-01-02T07:21:11.631Z"}
{"level":"info","message":"GET URL REQ => http://localhost:6201/api/v1/therapist/approvalData","timestamp":"2025-01-02T07:21:11.646Z"}
{"level":"info","message":"GET URL REQ => http://localhost:6201/api/v1/director/userData","timestamp":"2025-01-02T07:21:12.736Z"}
{"level":"info","message":"GET URL REQ line 1133=> http://localhost:6201/api/v1/user/profileData","timestamp":"2025-01-02T07:21:12.845Z"}
{"level":"info","message":"GET URL REQ => http://localhost:6201/api/v1/profile/passRegisterData","timestamp":"2025-01-02T07:21:12.850Z"}
{"level":"info","message":"GET URL REQ => http://localhost:6201/api/v1/profile/passRegisterData","timestamp":"2025-01-02T07:21:12.852Z"}
{"level":"info","message":"GET URL REQ line 1133=> http://localhost:6201/api/v1/user/profileData","timestamp":"2025-01-02T07:21:12.856Z"}
{"level":"info","message":"GET URL REQ => http://localhost:6201/api/v1/profile/MemberList","timestamp":"2025-01-02T07:21:21.551Z"}
{"level":"info","message":"GET URL REQ => http://localhost:6201/api/v1/profile/sectionTime","timestamp":"2025-01-02T07:21:27.928Z"}
{"level":"info","message":"GET URL REQ => http://localhost:6201/api/v1/profile/PackageTime","timestamp":"2025-01-02T07:21:30.330Z"}
{"level":"info","message":"\n\n\nGET URL REQ line 514=> http://localhost:6201/api/v1/profile/SessionUpdate\n\n\n","timestamp":"2025-01-02T07:21:36.247Z"}
{"level":"info","message":"Router-----store Register Form Data","timestamp":"2025-01-02T07:21:38.864Z"}
{"level":"info","message":"GET URL REQ => http://localhost:6201/api/v1/validateTokenData","timestamp":"2025-01-02T07:21:38.865Z"}
{"level":"info","message":"Router-----store Register Form Data","timestamp":"2025-01-02T07:21:38.872Z"}
{"level":"info","message":"GET URL REQ => http://localhost:6201/api/v1/validateTokenData","timestamp":"2025-01-02T07:21:38.873Z"}
{"level":"info","message":"GET URL REQ => http://localhost:6201/api/v1/therapist/approvalData","timestamp":"2025-01-02T07:21:38.977Z"}
{"level":"info","message":"GET URL REQ => http://localhost:6201/api/v1/therapist/approvalData","timestamp":"2025-01-02T07:21:38.986Z"}
{"level":"info","message":"GET URL REQ => http://localhost:6201/api/v1/director/userData","timestamp":"2025-01-02T07:21:40.423Z"}
{"level":"info","message":"GET URL REQ line 1133=> http://localhost:6201/api/v1/user/profileData","timestamp":"2025-01-02T07:21:40.524Z"}
{"level":"info","message":"GET URL REQ => http://localhost:6201/api/v1/profile/passRegisterData","timestamp":"2025-01-02T07:21:40.527Z"}
{"level":"info","message":"GET URL REQ => http://localhost:6201/api/v1/profile/passRegisterData","timestamp":"2025-01-02T07:21:40.531Z"}
{"level":"info","message":"GET URL REQ line 1133=> http://localhost:6201/api/v1/user/profileData","timestamp":"2025-01-02T07:21:40.537Z"}
{"level":"info","message":"GET URL REQ => http://localhost:6201/api/v1/profile/MemberList","timestamp":"2025-01-02T07:23:25.100Z"}
{"level":"info","message":"GET URL REQ => http://localhost:6201/api/v1/profile/sectionTime","timestamp":"2025-01-02T07:23:28.638Z"}
{"level":"info","message":"GET URL REQ => http://localhost:6201/api/v1/profile/PackageTime","timestamp":"2025-01-02T07:23:30.807Z"}
{"level":"info","message":"GET URL REQ => http://localhost:6201/api/v1/profile/PackageTime","timestamp":"2025-01-02T07:23:33.476Z"}
{"level":"info","message":"\n\n\nGET URL REQ line 514=> http://localhost:6201/api/v1/profile/SessionUpdate\n\n\n","timestamp":"2025-01-02T07:23:40.804Z"}
{"level":"info","message":"GET URL REQ => http://localhost:6201/api/v1/director/userData","timestamp":"2025-01-02T07:23:46.011Z"}
{"level":"info","message":"GET URL REQ line 1133=> http://localhost:6201/api/v1/user/profileData","timestamp":"2025-01-02T07:23:46.096Z"}
{"level":"info","message":"GET URL REQ => http://localhost:6201/api/v1/profile/passRegisterData","timestamp":"2025-01-02T07:23:46.100Z"}
{"level":"info","message":"GET URL REQ => http://localhost:6201/api/v1/profile/passRegisterData","timestamp":"2025-01-02T07:23:46.106Z"}
{"level":"info","message":"GET URL REQ line 1133=> http://localhost:6201/api/v1/user/profileData","timestamp":"2025-01-02T07:23:46.111Z"}
{"level":"info","message":"Router-----store Register Form Data","timestamp":"2025-01-02T07:23:51.441Z"}
{"level":"info","message":"GET URL REQ => http://localhost:6201/api/v1/validateTokenData","timestamp":"2025-01-02T07:23:51.442Z"}
{"level":"info","message":"Router-----store Register Form Data","timestamp":"2025-01-02T07:23:51.453Z"}
{"level":"info","message":"GET URL REQ => http://localhost:6201/api/v1/validateTokenData","timestamp":"2025-01-02T07:23:51.453Z"}
{"level":"info","message":"GET URL REQ => http://localhost:6201/api/v1/therapist/approvalData","timestamp":"2025-01-02T07:23:51.556Z"}
{"level":"info","message":"GET URL REQ => http://localhost:6201/api/v1/therapist/approvalData","timestamp":"2025-01-02T07:23:51.571Z"}
{"level":"info","message":"GET URL REQ => http://localhost:6201/api/v1/director/userData","timestamp":"2025-01-02T07:23:53.379Z"}
{"level":"info","message":"GET URL REQ line 1133=> http://localhost:6201/api/v1/user/profileData","timestamp":"2025-01-02T07:23:53.473Z"}
{"level":"info","message":"GET URL REQ => http://localhost:6201/api/v1/profile/passRegisterData","timestamp":"2025-01-02T07:23:53.476Z"}
{"level":"info","message":"GET URL REQ => http://localhost:6201/api/v1/profile/passRegisterData","timestamp":"2025-01-02T07:23:53.482Z"}
{"level":"info","message":"GET URL REQ line 1133=> http://localhost:6201/api/v1/user/profileData","timestamp":"2025-01-02T07:23:53.486Z"}
{"level":"info","message":"GET URL REQ => http://localhost:6201/api/v1/profile/MemberList","timestamp":"2025-01-02T07:24:03.389Z"}
{"level":"info","message":"GET URL REQ => http://localhost:6201/api/v1/profile/sectionTime","timestamp":"2025-01-02T07:25:40.366Z"}
{"level":"info","message":"GET URL REQ => http://localhost:6201/api/v1/profile/PackageTime","timestamp":"2025-01-02T07:26:05.024Z"}
{"level":"info","message":"GET URL REQ => http://localhost:6201/api/v1/profile/passRegisterData","timestamp":"2025-01-02T07:27:19.873Z"}
{"level":"info","message":"GET URL REQ line 1133=> http://localhost:6201/api/v1/user/profileData","timestamp":"2025-01-02T07:27:19.884Z"}
{"level":"info","message":"GET URL REQ => http://localhost:6201/api/v1/profile/MemberList","timestamp":"2025-01-02T07:27:24.545Z"}
{"level":"info","message":"GET URL REQ => http://localhost:6201/api/v1/profile/sectionTime","timestamp":"2025-01-02T07:27:28.095Z"}
{"level":"info","message":"GET URL REQ => http://localhost:6201/api/v1/profile/PackageTime","timestamp":"2025-01-02T07:27:32.377Z"}
{"level":"info","message":"GET URL REQ => http://localhost:6201/api/v1/profile/PackageTime","timestamp":"2025-01-02T07:27:34.712Z"}
{"level":"info","message":"GET URL REQ => http://localhost:6201/api/v1/profile/PackageTime","timestamp":"2025-01-02T07:27:36.648Z"}
{"level":"info","message":"GET URL REQ => http://localhost:6201/api/v1/profile/PackageTime","timestamp":"2025-01-02T07:27:39.099Z"}
{"level":"info","message":"GET URL REQ => http://localhost:6201/api/v1/profile/passRegisterData","timestamp":"2025-01-02T07:28:13.332Z"}
{"level":"info","message":"GET URL REQ line 1133=> http://localhost:6201/api/v1/user/profileData","timestamp":"2025-01-02T07:28:13.339Z"}
{"level":"info","message":"GET URL REQ => http://localhost:6201/api/v1/profile/MemberList","timestamp":"2025-01-02T07:30:05.272Z"}
{"level":"info","message":"GET URL REQ => http://localhost:6201/api/v1/profile/sectionTime","timestamp":"2025-01-02T07:30:08.559Z"}
{"level":"info","message":"GET URL REQ => http://localhost:6201/api/v1/profile/PackageTime","timestamp":"2025-01-02T07:30:10.022Z"}
{"level":"info","message":"\n\n\nGET URL REQ line 514=> http://localhost:6201/api/v1/profile/SessionUpdate\n\n\n","timestamp":"2025-01-02T07:30:16.028Z"}
{"level":"info","message":"\n\n\nGET URL REQ line 514=> http://localhost:6201/api/v1/profile/SessionUpdate\n\n\n","timestamp":"2025-01-02T07:30:29.728Z"}
{"level":"info","message":"\n\n\nGET URL REQ line 514=> http://localhost:6201/api/v1/profile/SessionUpdate\n\n\n","timestamp":"2025-01-02T07:30:32.717Z"}
{"level":"info","message":"\n\n\nGET URL REQ line 514=> http://localhost:6201/api/v1/profile/SessionUpdate\n\n\n","timestamp":"2025-01-02T07:30:34.590Z"}
{"level":"info","message":"GET URL REQ => http://localhost:6201/api/v1/profile/PackageTime","timestamp":"2025-01-02T07:31:57.285Z"}
{"level":"info","message":"\n\n\nGET URL REQ line 514=> http://localhost:6201/api/v1/profile/SessionUpdate\n\n\n","timestamp":"2025-01-02T07:32:02.391Z"}
{"level":"info","message":"\n\n\nGET URL REQ line 514=> http://localhost:6201/api/v1/profile/SessionUpdate\n\n\n","timestamp":"2025-01-02T07:32:13.690Z"}
{"level":"info","message":"\n\n\nGET URL REQ line 514=> http://localhost:6201/api/v1/profile/SessionUpdate\n\n\n","timestamp":"2025-01-02T07:32:40.274Z"}
{"level":"info","message":"Router-----store Register Form Data","timestamp":"2025-01-02T07:32:43.890Z"}
{"level":"info","message":"GET URL REQ => http://localhost:6201/api/v1/validateTokenData","timestamp":"2025-01-02T07:32:43.891Z"}
{"level":"info","message":"Router-----store Register Form Data","timestamp":"2025-01-02T07:32:43.898Z"}
{"level":"info","message":"GET URL REQ => http://localhost:6201/api/v1/validateTokenData","timestamp":"2025-01-02T07:32:43.899Z"}
{"level":"info","message":"GET URL REQ => http://localhost:6201/api/v1/therapist/approvalData","timestamp":"2025-01-02T07:32:44.026Z"}
{"level":"info","message":"GET URL REQ => http://localhost:6201/api/v1/therapist/approvalData","timestamp":"2025-01-02T07:32:44.037Z"}
{"level":"info","message":"GET URL REQ => http://localhost:6201/api/v1/director/userData","timestamp":"2025-01-02T07:32:45.188Z"}
{"level":"info","message":"GET URL REQ => http://localhost:6201/api/v1/profile/passRegisterData","timestamp":"2025-01-02T07:32:45.314Z"}
{"level":"info","message":"GET URL REQ line 1133=> http://localhost:6201/api/v1/user/profileData","timestamp":"2025-01-02T07:32:45.326Z"}
{"level":"info","message":"GET URL REQ => http://localhost:6201/api/v1/profile/passRegisterData","timestamp":"2025-01-02T07:32:45.333Z"}
{"level":"info","message":"GET URL REQ line 1133=> http://localhost:6201/api/v1/user/profileData","timestamp":"2025-01-02T07:32:45.338Z"}
{"level":"info","message":"GET URL REQ => http://localhost:6201/api/v1/profile/MemberList","timestamp":"2025-01-02T07:34:57.588Z"}
{"level":"info","message":"GET URL REQ => http://localhost:6201/api/v1/profile/sectionTime","timestamp":"2025-01-02T07:35:02.362Z"}
{"level":"info","message":"GET URL REQ => http://localhost:6201/api/v1/profile/MemberList","timestamp":"2025-01-02T07:35:06.174Z"}
{"level":"info","message":"GET URL REQ => http://localhost:6201/api/v1/profile/sectionTime","timestamp":"2025-01-02T07:35:09.845Z"}
{"level":"info","message":"GET URL REQ => http://localhost:6201/api/v1/profile/PackageTime","timestamp":"2025-01-02T07:35:12.316Z"}
{"level":"info","message":"\n\n\nGET URL REQ line 514=> http://localhost:6201/api/v1/profile/SessionUpdate\n\n\n","timestamp":"2025-01-02T07:35:15.882Z"}
{"level":"info","message":"GET URL REQ => http://localhost:6201/api/v1/profile/passRegisterData","timestamp":"2025-01-02T07:41:03.538Z"}
{"level":"info","message":"GET URL REQ line 1133=> http://localhost:6201/api/v1/user/profileData","timestamp":"2025-01-02T07:41:03.544Z"}
{"level":"info","message":"GET URL REQ => http://localhost:6201/api/v1/profile/passRegisterData","timestamp":"2025-01-02T07:41:06.306Z"}
{"level":"info","message":"GET URL REQ line 1133=> http://localhost:6201/api/v1/user/profileData","timestamp":"2025-01-02T07:41:06.311Z"}
{"level":"info","message":"GET URL REQ => http://localhost:6201/api/v1/profile/passRegisterData","timestamp":"2025-01-02T07:41:08.394Z"}
{"level":"info","message":"GET URL REQ line 1133=> http://localhost:6201/api/v1/user/profileData","timestamp":"2025-01-02T07:41:08.399Z"}
{"level":"info","message":"GET URL REQ => http://localhost:6201/api/v1/profile/passRegisterData","timestamp":"2025-01-02T07:41:09.874Z"}
{"level":"info","message":"GET URL REQ line 1133=> http://localhost:6201/api/v1/user/profileData","timestamp":"2025-01-02T07:41:09.906Z"}
{"level":"info","message":"GET URL REQ => http://localhost:6201/api/v1/profile/passRegisterData","timestamp":"2025-01-02T07:41:12.983Z"}
{"level":"info","message":"GET URL REQ line 1133=> http://localhost:6201/api/v1/user/profileData","timestamp":"2025-01-02T07:41:12.988Z"}
{"level":"info","message":"GET URL REQ => http://localhost:6201/api/v1/profile/passRegisterData","timestamp":"2025-01-02T07:41:23.735Z"}
{"level":"info","message":"GET URL REQ line 1133=> http://localhost:6201/api/v1/user/profileData","timestamp":"2025-01-02T07:41:23.746Z"}
{"level":"info","message":"GET URL REQ => http://localhost:6201/api/v1/profile/passRegisterData","timestamp":"2025-01-02T07:41:28.016Z"}
{"level":"info","message":"GET URL REQ line 1133=> http://localhost:6201/api/v1/user/profileData","timestamp":"2025-01-02T07:41:28.024Z"}
{"level":"info","message":"server running --- from server.ts","timestamp":"2025-01-02T07:41:50.923Z"}
{"level":"info","message":"GET URL REQ => http://localhost:6201/api/v1/profile/passRegisterData","timestamp":"2025-01-02T07:42:04.218Z"}
{"level":"info","message":"GET URL REQ line 1133=> http://localhost:6201/api/v1/user/profileData","timestamp":"2025-01-02T07:42:04.238Z"}
{"level":"info","message":"GET URL REQ => http://localhost:6201/api/v1/profile/passRegisterData","timestamp":"2025-01-02T07:45:45.754Z"}
{"level":"info","message":"GET URL REQ line 1133=> http://localhost:6201/api/v1/user/profileData","timestamp":"2025-01-02T07:45:45.768Z"}
{"level":"info","message":"GET URL REQ => http://localhost:6201/api/v1/profile/passRegisterData","timestamp":"2025-01-02T07:45:49.816Z"}
{"level":"info","message":"GET URL REQ line 1133=> http://localhost:6201/api/v1/user/profileData","timestamp":"2025-01-02T07:45:49.823Z"}
{"level":"info","message":"GET URL REQ => http://localhost:6201/api/v1/profile/passRegisterData","timestamp":"2025-01-02T07:45:51.000Z"}
{"level":"info","message":"GET URL REQ line 1133=> http://localhost:6201/api/v1/user/profileData","timestamp":"2025-01-02T07:45:51.005Z"}
{"level":"info","message":"GET URL REQ => http://localhost:6201/api/v1/profile/passRegisterData","timestamp":"2025-01-02T07:45:52.042Z"}
{"level":"info","message":"GET URL REQ line 1133=> http://localhost:6201/api/v1/user/profileData","timestamp":"2025-01-02T07:45:52.050Z"}
{"level":"info","message":"GET URL REQ => http://localhost:6201/api/v1/director/userData","timestamp":"2025-01-02T07:45:55.405Z"}
{"level":"info","message":"GET URL REQ => http://localhost:6201/api/v1/profile/passRegisterData","timestamp":"2025-01-02T07:45:55.493Z"}
{"level":"info","message":"GET URL REQ line 1133=> http://localhost:6201/api/v1/user/profileData","timestamp":"2025-01-02T07:45:55.507Z"}
{"level":"info","message":"GET URL REQ => http://localhost:6201/api/v1/profile/passRegisterData","timestamp":"2025-01-02T07:45:55.511Z"}
{"level":"info","message":"GET URL REQ line 1133=> http://localhost:6201/api/v1/user/profileData","timestamp":"2025-01-02T07:45:55.517Z"}
{"level":"info","message":"Router-----store Register Form Data","timestamp":"2025-01-02T07:46:58.864Z"}
{"level":"info","message":"GET URL REQ => http://localhost:6201/api/v1/validateTokenData","timestamp":"2025-01-02T07:46:58.866Z"}
{"level":"info","message":"Router-----store Register Form Data","timestamp":"2025-01-02T07:46:58.875Z"}
{"level":"info","message":"GET URL REQ => http://localhost:6201/api/v1/validateTokenData","timestamp":"2025-01-02T07:46:58.875Z"}
{"level":"info","message":"GET URL REQ => http://localhost:6201/api/v1/therapist/approvalData","timestamp":"2025-01-02T07:46:59.210Z"}
{"level":"info","message":"GET URL REQ => http://localhost:6201/api/v1/therapist/approvalData","timestamp":"2025-01-02T07:46:59.221Z"}
{"level":"info","message":"GET URL REQ => http://localhost:6201/api/v1/director/userData","timestamp":"2025-01-02T07:47:01.056Z"}
{"level":"info","message":"GET URL REQ => http://localhost:6201/api/v1/profile/passRegisterData","timestamp":"2025-01-02T07:47:01.180Z"}
{"level":"info","message":"GET URL REQ line 1133=> http://localhost:6201/api/v1/user/profileData","timestamp":"2025-01-02T07:47:01.188Z"}
{"level":"info","message":"GET URL REQ => http://localhost:6201/api/v1/profile/passRegisterData","timestamp":"2025-01-02T07:47:01.201Z"}
{"level":"info","message":"GET URL REQ line 1133=> http://localhost:6201/api/v1/user/profileData","timestamp":"2025-01-02T07:47:01.205Z"}
{"level":"info","message":"Router-----store Register Form Data","timestamp":"2025-01-02T07:49:09.060Z"}
{"level":"info","message":"GET URL REQ => http://localhost:6201/api/v1/validateTokenData","timestamp":"2025-01-02T07:49:09.060Z"}
{"level":"info","message":"Router-----store Register Form Data","timestamp":"2025-01-02T07:49:09.066Z"}
{"level":"info","message":"GET URL REQ => http://localhost:6201/api/v1/validateTokenData","timestamp":"2025-01-02T07:49:09.068Z"}
{"level":"info","message":"GET URL REQ => http://localhost:6201/api/v1/therapist/approvalData","timestamp":"2025-01-02T07:49:09.358Z"}
{"level":"info","message":"GET URL REQ => http://localhost:6201/api/v1/therapist/approvalData","timestamp":"2025-01-02T07:49:09.371Z"}
{"level":"info","message":"GET URL REQ => http://localhost:6201/api/v1/director/userData","timestamp":"2025-01-02T07:49:12.819Z"}
{"level":"info","message":"GET URL REQ => http://localhost:6201/api/v1/profile/passRegisterData","timestamp":"2025-01-02T07:49:12.936Z"}
{"level":"info","message":"GET URL REQ line 1133=> http://localhost:6201/api/v1/user/profileData","timestamp":"2025-01-02T07:49:12.942Z"}
{"level":"info","message":"GET URL REQ => http://localhost:6201/api/v1/profile/passRegisterData","timestamp":"2025-01-02T07:49:12.949Z"}
{"level":"info","message":"GET URL REQ line 1133=> http://localhost:6201/api/v1/user/profileData","timestamp":"2025-01-02T07:49:12.956Z"}
{"level":"info","message":"GET URL REQ => http://localhost:6201/api/v1/profile/MemberList","timestamp":"2025-01-02T07:52:49.029Z"}
{"level":"info","message":"GET URL REQ => http://localhost:6201/api/v1/profile/sectionTime","timestamp":"2025-01-02T07:52:51.623Z"}
{"level":"info","message":"GET URL REQ => http://localhost:6201/api/v1/profile/PackageTime","timestamp":"2025-01-02T07:52:55.053Z"}
{"level":"info","message":"\n\n\nGET URL REQ line 514=> http://localhost:6201/api/v1/profile/SessionUpdate\n\n\n","timestamp":"2025-01-02T07:53:05.668Z"}
{"level":"info","message":"Router-----store Register Form Data","timestamp":"2025-01-02T07:54:19.503Z"}
{"level":"info","message":"GET URL REQ => http://localhost:6201/api/v1/validateTokenData","timestamp":"2025-01-02T07:54:19.505Z"}
{"level":"info","message":"Router-----store Register Form Data","timestamp":"2025-01-02T07:54:19.509Z"}
{"level":"info","message":"GET URL REQ => http://localhost:6201/api/v1/validateTokenData","timestamp":"2025-01-02T07:54:19.509Z"}
{"level":"info","message":"GET URL REQ => http://localhost:6201/api/v1/therapist/approvalData","timestamp":"2025-01-02T07:54:19.853Z"}
{"level":"info","message":"GET URL REQ => http://localhost:6201/api/v1/therapist/approvalData","timestamp":"2025-01-02T07:54:19.872Z"}
{"level":"info","message":"GET URL REQ => http://localhost:6201/api/v1/director/userData","timestamp":"2025-01-02T07:54:21.203Z"}
{"level":"info","message":"GET URL REQ => http://localhost:6201/api/v1/profile/passRegisterData","timestamp":"2025-01-02T07:54:21.292Z"}
{"level":"info","message":"GET URL REQ line 1133=> http://localhost:6201/api/v1/user/profileData","timestamp":"2025-01-02T07:54:21.302Z"}
{"level":"info","message":"GET URL REQ => http://localhost:6201/api/v1/profile/passRegisterData","timestamp":"2025-01-02T07:54:21.305Z"}
{"level":"info","message":"GET URL REQ line 1133=> http://localhost:6201/api/v1/user/profileData","timestamp":"2025-01-02T07:54:21.309Z"}
{"level":"info","message":"server running --- from server.ts","timestamp":"2025-01-02T07:55:20.592Z"}
{"level":"info","message":"Router-----store Register Form Data","timestamp":"2025-01-02T07:55:23.639Z"}
{"level":"info","message":"GET URL REQ => http://localhost:6201/api/v1/validateTokenData","timestamp":"2025-01-02T07:55:23.640Z"}
{"level":"info","message":"Router-----store Register Form Data","timestamp":"2025-01-02T07:55:23.651Z"}
{"level":"info","message":"GET URL REQ => http://localhost:6201/api/v1/validateTokenData","timestamp":"2025-01-02T07:55:23.652Z"}
{"level":"info","message":"GET URL REQ => http://localhost:6201/api/v1/therapist/approvalData","timestamp":"2025-01-02T07:55:24.949Z"}
{"level":"info","message":"GET URL REQ => http://localhost:6201/api/v1/therapist/approvalData","timestamp":"2025-01-02T07:55:24.960Z"}
{"level":"info","message":"GET URL REQ => http://localhost:6201/api/v1/director/userData","timestamp":"2025-01-02T07:55:25.672Z"}
{"level":"info","message":"GET URL REQ => http://localhost:6201/api/v1/profile/passRegisterData","timestamp":"2025-01-02T07:55:25.782Z"}
{"level":"info","message":"GET URL REQ line 1133=> http://localhost:6201/api/v1/user/profileData","timestamp":"2025-01-02T07:55:25.792Z"}
{"level":"info","message":"GET URL REQ => http://localhost:6201/api/v1/profile/passRegisterData","timestamp":"2025-01-02T07:55:25.800Z"}
{"level":"info","message":"GET URL REQ line 1133=> http://localhost:6201/api/v1/user/profileData","timestamp":"2025-01-02T07:55:25.804Z"}
{"level":"info","message":"GET URL REQ => http://localhost:6201/api/v1/profile/MemberList","timestamp":"2025-01-02T07:55:30.247Z"}
{"level":"info","message":"GET URL REQ => http://localhost:6201/api/v1/profile/sectionTime","timestamp":"2025-01-02T07:55:33.119Z"}
{"level":"info","message":"GET URL REQ => http://localhost:6201/api/v1/profile/PackageTime","timestamp":"2025-01-02T07:55:35.476Z"}
{"level":"info","message":"\n\n\nGET URL REQ line 514=> http://localhost:6201/api/v1/profile/SessionUpdate\n\n\n","timestamp":"2025-01-02T07:55:39.975Z"}
{"level":"info","message":"GET URL REQ => http://localhost:6201/api/v1/profile/passRegisterData","timestamp":"2025-01-02T07:59:25.020Z"}
{"level":"info","message":"GET URL REQ line 1133=> http://localhost:6201/api/v1/user/profileData","timestamp":"2025-01-02T07:59:25.028Z"}
{"level":"info","message":"GET URL REQ => http://localhost:6201/api/v1/profile/passRegisterData","timestamp":"2025-01-02T07:59:27.829Z"}
{"level":"info","message":"GET URL REQ line 1133=> http://localhost:6201/api/v1/user/profileData","timestamp":"2025-01-02T07:59:27.838Z"}
{"level":"info","message":"GET URL REQ => http://localhost:6201/api/v1/profile/passRegisterData","timestamp":"2025-01-02T07:59:30.845Z"}
{"level":"info","message":"GET URL REQ line 1133=> http://localhost:6201/api/v1/user/profileData","timestamp":"2025-01-02T07:59:30.852Z"}
{"level":"info","message":"Router-----store Register Form Data","timestamp":"2025-01-02T07:59:43.655Z"}
{"level":"info","message":"GET URL REQ => http://localhost:6201/api/v1/validateTokenData","timestamp":"2025-01-02T07:59:43.657Z"}
{"level":"info","message":"Router-----store Register Form Data","timestamp":"2025-01-02T07:59:43.671Z"}
{"level":"info","message":"GET URL REQ => http://localhost:6201/api/v1/validateTokenData","timestamp":"2025-01-02T07:59:43.672Z"}
{"level":"info","message":"GET URL REQ => http://localhost:6201/api/v1/therapist/approvalData","timestamp":"2025-01-02T07:59:43.950Z"}
{"level":"info","message":"GET URL REQ => http://localhost:6201/api/v1/therapist/approvalData","timestamp":"2025-01-02T07:59:43.963Z"}
{"level":"info","message":"GET URL REQ => http://localhost:6201/api/v1/director/userData","timestamp":"2025-01-02T07:59:47.863Z"}
{"level":"info","message":"GET URL REQ => http://localhost:6201/api/v1/profile/passRegisterData","timestamp":"2025-01-02T07:59:47.965Z"}
{"level":"info","message":"GET URL REQ line 1133=> http://localhost:6201/api/v1/user/profileData","timestamp":"2025-01-02T07:59:47.971Z"}
{"level":"info","message":"GET URL REQ => http://localhost:6201/api/v1/profile/passRegisterData","timestamp":"2025-01-02T07:59:47.976Z"}
{"level":"info","message":"GET URL REQ line 1133=> http://localhost:6201/api/v1/user/profileData","timestamp":"2025-01-02T07:59:47.981Z"}
{"level":"info","message":"GET URL REQ => http://localhost:6201/api/v1/profile/MemberList","timestamp":"2025-01-02T08:00:00.509Z"}
{"level":"info","message":"GET URL REQ => http://localhost:6201/api/v1/profile/sectionTime","timestamp":"2025-01-02T08:00:06.244Z"}
{"level":"info","message":"GET URL REQ => http://localhost:6201/api/v1/profile/PackageTime","timestamp":"2025-01-02T08:00:13.170Z"}
{"level":"info","message":"GET URL REQ => http://localhost:6201/api/v1/profile/passRegisterData","timestamp":"2025-01-02T08:00:44.369Z"}
{"level":"info","message":"GET URL REQ line 1133=> http://localhost:6201/api/v1/user/profileData","timestamp":"2025-01-02T08:00:44.376Z"}
{"level":"info","message":"GET URL REQ => http://localhost:6201/api/v1/profile/passRegisterData","timestamp":"2025-01-02T08:00:48.203Z"}
{"level":"info","message":"GET URL REQ line 1133=> http://localhost:6201/api/v1/user/profileData","timestamp":"2025-01-02T08:00:48.215Z"}
{"level":"info","message":"GET URL REQ => http://localhost:6201/api/v1/profile/passRegisterData","timestamp":"2025-01-02T08:00:50.541Z"}
{"level":"info","message":"GET URL REQ line 1133=> http://localhost:6201/api/v1/user/profileData","timestamp":"2025-01-02T08:00:50.552Z"}
{"level":"info","message":"GET URL REQ => http://localhost:6201/api/v1/profile/passRegisterData","timestamp":"2025-01-02T08:00:54.653Z"}
{"level":"info","message":"GET URL REQ line 1133=> http://localhost:6201/api/v1/user/profileData","timestamp":"2025-01-02T08:00:54.666Z"}
{"level":"info","message":"Router-----store Register Form Data","timestamp":"2025-01-02T08:00:56.963Z"}
{"level":"info","message":"GET URL REQ => http://localhost:6201/api/v1/validateTokenData","timestamp":"2025-01-02T08:00:56.965Z"}
{"level":"info","message":"Router-----store Register Form Data","timestamp":"2025-01-02T08:00:56.971Z"}
{"level":"info","message":"GET URL REQ => http://localhost:6201/api/v1/validateTokenData","timestamp":"2025-01-02T08:00:56.971Z"}
{"level":"info","message":"GET URL REQ => http://localhost:6201/api/v1/therapist/approvalData","timestamp":"2025-01-02T08:00:57.097Z"}
{"level":"info","message":"GET URL REQ => http://localhost:6201/api/v1/therapist/approvalData","timestamp":"2025-01-02T08:00:57.112Z"}
{"level":"info","message":"GET URL REQ => http://localhost:6201/api/v1/director/userData","timestamp":"2025-01-02T08:00:58.323Z"}
{"level":"info","message":"GET URL REQ => http://localhost:6201/api/v1/profile/passRegisterData","timestamp":"2025-01-02T08:00:58.434Z"}
{"level":"info","message":"GET URL REQ line 1133=> http://localhost:6201/api/v1/user/profileData","timestamp":"2025-01-02T08:00:58.442Z"}
{"level":"info","message":"GET URL REQ => http://localhost:6201/api/v1/profile/passRegisterData","timestamp":"2025-01-02T08:00:58.446Z"}
{"level":"info","message":"GET URL REQ line 1133=> http://localhost:6201/api/v1/user/profileData","timestamp":"2025-01-02T08:00:58.450Z"}
{"level":"info","message":"GET URL REQ => http://localhost:6201/api/v1/profile/MemberList","timestamp":"2025-01-02T08:01:04.450Z"}
{"level":"info","message":"GET URL REQ => http://localhost:6201/api/v1/profile/sectionTime","timestamp":"2025-01-02T08:01:08.736Z"}
{"level":"info","message":"GET URL REQ => http://localhost:6201/api/v1/profile/PackageTime","timestamp":"2025-01-02T08:01:16.306Z"}
{"level":"info","message":"GET URL REQ => http://localhost:6201/api/v1/profile/passRegisterData","timestamp":"2025-01-02T08:03:19.718Z"}
{"level":"info","message":"GET URL REQ line 1133=> http://localhost:6201/api/v1/user/profileData","timestamp":"2025-01-02T08:03:19.723Z"}
{"level":"info","message":"GET URL REQ => http://localhost:6201/api/v1/profile/passRegisterData","timestamp":"2025-01-02T08:03:24.999Z"}
{"level":"info","message":"GET URL REQ line 1133=> http://localhost:6201/api/v1/user/profileData","timestamp":"2025-01-02T08:03:25.006Z"}
{"level":"info","message":"GET URL REQ => http://localhost:6201/api/v1/profile/passRegisterData","timestamp":"2025-01-02T08:03:57.445Z"}
{"level":"info","message":"GET URL REQ line 1133=> http://localhost:6201/api/v1/user/profileData","timestamp":"2025-01-02T08:03:57.453Z"}
{"level":"info","message":"GET URL REQ => http://localhost:6201/api/v1/profile/passRegisterData","timestamp":"2025-01-02T08:04:00.565Z"}
{"level":"info","message":"GET URL REQ line 1133=> http://localhost:6201/api/v1/user/profileData","timestamp":"2025-01-02T08:04:00.573Z"}
{"level":"info","message":"GET URL REQ => http://localhost:6201/api/v1/profile/MemberList","timestamp":"2025-01-02T08:04:10.139Z"}
{"level":"info","message":"GET URL REQ => http://localhost:6201/api/v1/profile/sectionTime","timestamp":"2025-01-02T08:04:14.317Z"}
{"level":"info","message":"GET URL REQ => http://localhost:6201/api/v1/profile/PackageTime","timestamp":"2025-01-02T08:04:17.809Z"}
{"level":"info","message":"GET URL REQ => http://localhost:6201/api/v1/profile/PackageTime","timestamp":"2025-01-02T08:04:24.294Z"}
{"level":"info","message":"\n\n\nGET URL REQ line 514=> http://localhost:6201/api/v1/profile/SessionUpdate\n\n\n","timestamp":"2025-01-02T08:04:41.913Z"}
{"level":"info","message":"GET URL REQ => http://localhost:6201/api/v1/profile/passRegisterData","timestamp":"2025-01-02T08:05:42.245Z"}
{"level":"info","message":"GET URL REQ line 1133=> http://localhost:6201/api/v1/user/profileData","timestamp":"2025-01-02T08:05:42.252Z"}
{"level":"info","message":"GET URL REQ => http://localhost:6201/api/v1/profile/passRegisterData","timestamp":"2025-01-02T08:05:46.981Z"}
{"level":"info","message":"GET URL REQ line 1133=> http://localhost:6201/api/v1/user/profileData","timestamp":"2025-01-02T08:05:46.989Z"}
{"level":"info","message":"GET URL REQ => http://localhost:6201/api/v1/profile/passRegisterData","timestamp":"2025-01-02T08:05:47.999Z"}
{"level":"info","message":"GET URL REQ line 1133=> http://localhost:6201/api/v1/user/profileData","timestamp":"2025-01-02T08:05:48.006Z"}
{"level":"info","message":"Router-----store Register Form Data","timestamp":"2025-01-02T08:05:53.519Z"}
{"level":"info","message":"GET URL REQ => http://localhost:6201/api/v1/validateTokenData","timestamp":"2025-01-02T08:05:53.522Z"}
{"level":"info","message":"Router-----store Register Form Data","timestamp":"2025-01-02T08:05:53.528Z"}
{"level":"info","message":"GET URL REQ => http://localhost:6201/api/v1/validateTokenData","timestamp":"2025-01-02T08:05:53.530Z"}
{"level":"info","message":"GET URL REQ => http://localhost:6201/api/v1/therapist/approvalData","timestamp":"2025-01-02T08:05:53.673Z"}
{"level":"info","message":"GET URL REQ => http://localhost:6201/api/v1/therapist/approvalData","timestamp":"2025-01-02T08:05:53.691Z"}
{"level":"info","message":"GET URL REQ => http://localhost:6201/api/v1/director/userData","timestamp":"2025-01-02T08:05:55.254Z"}
{"level":"info","message":"GET URL REQ => http://localhost:6201/api/v1/profile/passRegisterData","timestamp":"2025-01-02T08:05:55.347Z"}
{"level":"info","message":"GET URL REQ line 1133=> http://localhost:6201/api/v1/user/profileData","timestamp":"2025-01-02T08:05:55.352Z"}
{"level":"info","message":"GET URL REQ => http://localhost:6201/api/v1/profile/passRegisterData","timestamp":"2025-01-02T08:05:55.356Z"}
{"level":"info","message":"GET URL REQ line 1133=> http://localhost:6201/api/v1/user/profileData","timestamp":"2025-01-02T08:05:55.362Z"}
{"level":"info","message":"GET URL REQ => http://localhost:6201/api/v1/profile/MemberList","timestamp":"2025-01-02T08:06:08.881Z"}
{"level":"info","message":"GET URL REQ => http://localhost:6201/api/v1/profile/sectionTime","timestamp":"2025-01-02T08:06:11.856Z"}
{"level":"info","message":"GET URL REQ => http://localhost:6201/api/v1/profile/PackageTime","timestamp":"2025-01-02T08:06:13.507Z"}
{"level":"info","message":"GET URL REQ => http://localhost:6201/api/v1/profile/passRegisterData","timestamp":"2025-01-02T08:06:28.813Z"}
{"level":"info","message":"GET URL REQ line 1133=> http://localhost:6201/api/v1/user/profileData","timestamp":"2025-01-02T08:06:28.823Z"}
{"level":"info","message":"GET URL REQ => http://localhost:6201/api/v1/profile/passRegisterData","timestamp":"2025-01-02T08:06:30.339Z"}
{"level":"info","message":"GET URL REQ line 1133=> http://localhost:6201/api/v1/user/profileData","timestamp":"2025-01-02T08:06:30.344Z"}
{"level":"info","message":"GET URL REQ => http://localhost:6201/api/v1/profile/passRegisterData","timestamp":"2025-01-02T08:06:33.535Z"}
{"level":"info","message":"GET URL REQ line 1133=> http://localhost:6201/api/v1/user/profileData","timestamp":"2025-01-02T08:06:33.542Z"}
{"level":"info","message":"GET URL REQ => http://localhost:6201/api/v1/profile/passRegisterData","timestamp":"2025-01-02T08:06:39.661Z"}
{"level":"info","message":"GET URL REQ line 1133=> http://localhost:6201/api/v1/user/profileData","timestamp":"2025-01-02T08:06:39.667Z"}
{"level":"info","message":"GET URL REQ => http://localhost:6201/api/v1/profile/passRegisterData","timestamp":"2025-01-02T08:06:49.897Z"}
{"level":"info","message":"GET URL REQ line 1133=> http://localhost:6201/api/v1/user/profileData","timestamp":"2025-01-02T08:06:49.904Z"}
{"level":"info","message":"GET URL REQ => http://localhost:6201/api/v1/profile/MemberList","timestamp":"2025-01-02T08:06:54.239Z"}
{"level":"info","message":"GET URL REQ => http://localhost:6201/api/v1/profile/sectionTime","timestamp":"2025-01-02T08:06:57.904Z"}
{"level":"info","message":"GET URL REQ => http://localhost:6201/api/v1/profile/PackageTime","timestamp":"2025-01-02T08:07:03.918Z"}
{"level":"info","message":"GET URL REQ => http://localhost:6201/api/v1/profile/PackageTime","timestamp":"2025-01-02T08:07:07.173Z"}
{"level":"info","message":"\n\n\nGET URL REQ line 514=> http://localhost:6201/api/v1/profile/SessionUpdate\n\n\n","timestamp":"2025-01-02T08:07:15.392Z"}
{"level":"info","message":"GET URL REQ => http://localhost:6201/api/v1/profile/passRegisterData","timestamp":"2025-01-02T08:12:26.473Z"}
{"level":"info","message":"GET URL REQ line 1133=> http://localhost:6201/api/v1/user/profileData","timestamp":"2025-01-02T08:12:26.482Z"}
{"level":"info","message":"GET URL REQ => http://localhost:6201/api/v1/profile/passRegisterData","timestamp":"2025-01-02T08:12:28.162Z"}
{"level":"info","message":"GET URL REQ line 1133=> http://localhost:6201/api/v1/user/profileData","timestamp":"2025-01-02T08:12:28.167Z"}
{"level":"info","message":"GET URL REQ => http://localhost:6201/api/v1/profile/MemberList","timestamp":"2025-01-02T08:13:38.572Z"}
{"level":"info","message":"GET URL REQ => http://localhost:6201/api/v1/profile/sectionTime","timestamp":"2025-01-02T08:13:41.623Z"}
{"level":"info","message":"GET URL REQ => http://localhost:6201/api/v1/profile/PackageTime","timestamp":"2025-01-02T08:13:43.149Z"}
{"level":"info","message":"\n\n\nGET URL REQ line 514=> http://localhost:6201/api/v1/profile/SessionUpdate\n\n\n","timestamp":"2025-01-02T08:13:46.332Z"}
{"level":"info","message":"Router-----store Register Form Data","timestamp":"2025-01-02T08:13:49.037Z"}
{"level":"info","message":"GET URL REQ => http://localhost:6201/api/v1/validateTokenData","timestamp":"2025-01-02T08:13:49.039Z"}
{"level":"info","message":"Router-----store Register Form Data","timestamp":"2025-01-02T08:13:49.044Z"}
{"level":"info","message":"GET URL REQ => http://localhost:6201/api/v1/validateTokenData","timestamp":"2025-01-02T08:13:49.044Z"}
{"level":"info","message":"GET URL REQ => http://localhost:6201/api/v1/therapist/approvalData","timestamp":"2025-01-02T08:13:49.240Z"}
{"level":"info","message":"GET URL REQ => http://localhost:6201/api/v1/therapist/approvalData","timestamp":"2025-01-02T08:13:49.259Z"}
{"level":"info","message":"GET URL REQ => http://localhost:6201/api/v1/director/userData","timestamp":"2025-01-02T08:13:51.200Z"}
{"level":"info","message":"GET URL REQ => http://localhost:6201/api/v1/profile/passRegisterData","timestamp":"2025-01-02T08:13:51.302Z"}
{"level":"info","message":"GET URL REQ line 1133=> http://localhost:6201/api/v1/user/profileData","timestamp":"2025-01-02T08:13:51.307Z"}
{"level":"info","message":"GET URL REQ => http://localhost:6201/api/v1/profile/passRegisterData","timestamp":"2025-01-02T08:13:51.314Z"}
{"level":"info","message":"GET URL REQ line 1133=> http://localhost:6201/api/v1/user/profileData","timestamp":"2025-01-02T08:13:51.322Z"}
{"level":"info","message":"GET URL REQ => http://localhost:6201/api/v1/users/login","timestamp":"2025-01-02T09:32:58.238Z"}
{"level":"info","message":"Router-----store Register Form Data","timestamp":"2025-01-02T09:32:59.874Z"}
{"level":"info","message":"GET URL REQ => http://localhost:6201/api/v1/validateTokenData","timestamp":"2025-01-02T09:32:59.876Z"}
{"level":"info","message":"GET URL REQ => http://localhost:6201/api/v1/staff/dashBoard","timestamp":"2025-01-02T09:32:59.883Z"}
{"level":"info","message":"Router-----store Register Form Data","timestamp":"2025-01-02T09:32:59.888Z"}
{"level":"info","message":"GET URL REQ => http://localhost:6201/api/v1/validateTokenData","timestamp":"2025-01-02T09:32:59.889Z"}
{"level":"info","message":"GET URL REQ => http://localhost:6201/api/v1/staff/dashBoard","timestamp":"2025-01-02T09:32:59.892Z"}
{"level":"info","message":"Router-----store Register Form Data","timestamp":"2025-01-02T09:33:01.595Z"}
{"level":"info","message":"GET URL REQ => http://localhost:6201/api/v1/validateTokenData","timestamp":"2025-01-02T09:33:01.597Z"}
{"level":"info","message":"Router-----store Register Form Data","timestamp":"2025-01-02T09:33:01.608Z"}
{"level":"info","message":"GET URL REQ => http://localhost:6201/api/v1/validateTokenData","timestamp":"2025-01-02T09:33:01.609Z"}
{"level":"info","message":"GET URL REQ => http://localhost:6201/api/v1/studentFees/Data","timestamp":"2025-01-02T09:33:01.617Z"}
{"level":"info","message":"GET URL REQ => http://localhost:6201/api/v1/studentFees/Data","timestamp":"2025-01-02T09:33:01.626Z"}
{"level":"info","message":"Router-----store Register Form Data","timestamp":"2025-01-02T09:33:02.585Z"}
{"level":"info","message":"GET URL REQ => http://localhost:6201/api/v1/validateTokenData","timestamp":"2025-01-02T09:33:02.586Z"}
{"level":"info","message":"GET URL REQ => http://localhost:6201/api/v1/attendance/overView","timestamp":"2025-01-02T09:33:02.594Z"}
{"level":"info","message":"Router-----store Register Form Data","timestamp":"2025-01-02T09:33:02.603Z"}
{"level":"info","message":"GET URL REQ => http://localhost:6201/api/v1/validateTokenData","timestamp":"2025-01-02T09:33:02.604Z"}
{"level":"info","message":"GET URL REQ => http://localhost:6201/api/v1/attendance/overView","timestamp":"2025-01-02T09:33:02.607Z"}
{"level":"info","message":"GET URL REQ => http://localhost:6201/api/v1/attendance/userSearch","timestamp":"2025-01-02T09:33:26.227Z"}
{"level":"info","message":"GET URL REQ => http://localhost:6201/api/v1/attendance/userSearch","timestamp":"2025-01-02T09:33:26.300Z"}
{"level":"info","message":"GET URL REQ => http://localhost:6201/api/v1/attendance/userSearch","timestamp":"2025-01-02T09:33:26.563Z"}
{"level":"info","message":"GET URL REQ => http://localhost:6201/api/v1/attendance/userSearch","timestamp":"2025-01-02T09:33:26.601Z"}
{"level":"info","message":"GET URL REQ => http://localhost:6201/api/v1/attendance/userSearch","timestamp":"2025-01-02T09:33:26.681Z"}
{"level":"info","message":"GET URL REQ => http://localhost:6201/api/v1/attendance/session","timestamp":"2025-01-02T09:33:30.400Z"}
{"level":"info","message":"GET URL REQ => http://localhost:6201/api/v1/attendance/session","timestamp":"2025-01-02T09:33:30.413Z"}
{"level":"info","message":"GET URL REQ => http://localhost:6201/api/v1/attendance/reportOptions","timestamp":"2025-01-02T09:34:00.023Z"}
{"level":"info","message":"GET URL REQ => http://localhost:6201/api/v1/attendance/report","timestamp":"2025-01-02T09:34:08.913Z"}
{"level":"info","message":"GET URL REQ => http://localhost:6201/api/v1/users/login","timestamp":"2025-01-02T09:35:17.083Z"}
{"level":"info","message":"GET URL REQ => http://localhost:6201/api/v1/staff/dashBoard","timestamp":"2025-01-02T09:35:18.871Z"}
{"level":"info","message":"Router-----store Register Form Data","timestamp":"2025-01-02T09:35:18.876Z"}
{"level":"info","message":"GET URL REQ => http://localhost:6201/api/v1/validateTokenData","timestamp":"2025-01-02T09:35:18.876Z"}
{"level":"info","message":"Router-----store Register Form Data","timestamp":"2025-01-02T09:35:19.131Z"}
{"level":"info","message":"GET URL REQ => http://localhost:6201/api/v1/validateTokenData","timestamp":"2025-01-02T09:35:19.132Z"}
{"level":"info","message":"GET URL REQ => http://localhost:6201/api/v1/staff/dashBoard","timestamp":"2025-01-02T09:35:19.422Z"}
{"level":"info","message":"Router-----store Register Form Data","timestamp":"2025-01-02T09:35:41.076Z"}
{"level":"info","message":"GET URL REQ => http://localhost:6201/api/v1/validateTokenData","timestamp":"2025-01-02T09:35:41.077Z"}
{"level":"info","message":"GET URL REQ => http://localhost:6201/api/v1/attendance/overView","timestamp":"2025-01-02T09:35:41.096Z"}
{"level":"info","message":"Router-----store Register Form Data","timestamp":"2025-01-02T09:35:41.347Z"}
{"level":"info","message":"GET URL REQ => http://localhost:6201/api/v1/validateTokenData","timestamp":"2025-01-02T09:35:41.348Z"}
{"level":"info","message":"GET URL REQ => http://localhost:6201/api/v1/attendance/overView","timestamp":"2025-01-02T09:35:41.564Z"}
{"level":"info","message":"GET URL REQ => http://localhost:6201/api/v1/attendance/session","timestamp":"2025-01-02T09:35:43.054Z"}
{"level":"info","message":"GET URL REQ => http://localhost:6201/api/v1/attendance/session","timestamp":"2025-01-02T09:35:43.093Z"}
{"level":"info","message":"GET URL REQ => http://localhost:6201/api/v1/attendance/reportOptions","timestamp":"2025-01-02T09:36:00.284Z"}
{"level":"info","message":"GET URL REQ => http://localhost:6201/api/v1/attendance/report","timestamp":"2025-01-02T09:37:50.537Z"}
{"level":"info","message":"Router-----store Register Form Data","timestamp":"2025-01-02T09:38:30.948Z"}
{"level":"info","message":"GET URL REQ => http://localhost:6201/api/v1/validateTokenData","timestamp":"2025-01-02T09:38:30.949Z"}
{"level":"info","message":"GET URL REQ => http://localhost:6201/api/v1/attendance/overView","timestamp":"2025-01-02T09:38:31.230Z"}
{"level":"info","message":"Router-----store Register Form Data","timestamp":"2025-01-02T09:38:31.255Z"}
{"level":"info","message":"GET URL REQ => http://localhost:6201/api/v1/validateTokenData","timestamp":"2025-01-02T09:38:31.256Z"}
{"level":"info","message":"GET URL REQ => http://localhost:6201/api/v1/attendance/overView","timestamp":"2025-01-02T09:38:31.576Z"}
{"level":"info","message":"GET URL REQ => http://localhost:6201/api/v1/attendance/session","timestamp":"2025-01-02T09:45:20.466Z"}
{"level":"info","message":"GET URL REQ => http://localhost:6201/api/v1/attendance/session","timestamp":"2025-01-02T09:45:20.483Z"}
{"level":"info","message":"GET URL REQ => http://localhost:6201/api/v1/attendance/reportOptions","timestamp":"2025-01-02T09:46:03.963Z"}
{"level":"info","message":"GET URL REQ => http://localhost:6201/api/v1/attendance/report","timestamp":"2025-01-02T09:46:07.911Z"}
{"level":"info","message":"GET URL REQ => http://localhost:6201/api/v1/attendance/reportOptions","timestamp":"2025-01-02T09:46:38.270Z"}
{"level":"info","message":"GET URL REQ => http://localhost:6201/api/v1/attendance/report","timestamp":"2025-01-02T09:46:51.423Z"}
{"level":"info","message":"GET URL REQ => http://localhost:6201/api/v1/attendance/reportOptions","timestamp":"2025-01-02T09:47:09.253Z"}
{"level":"info","message":"GET URL REQ => http://localhost:6201/api/v1/attendance/reportOptions","timestamp":"2025-01-02T09:47:10.932Z"}
{"level":"info","message":"GET URL REQ => http://localhost:6201/api/v1/attendance/reportOptions","timestamp":"2025-01-02T09:47:13.655Z"}
{"level":"info","message":"GET URL REQ => http://localhost:6201/api/v1/attendance/reportOptions","timestamp":"2025-01-02T09:47:35.954Z"}
{"level":"info","message":"GET URL REQ => http://localhost:6201/api/v1/attendance/reportOptions","timestamp":"2025-01-02T09:48:05.274Z"}
{"level":"info","message":"GET URL REQ => http://localhost:6201/api/v1/attendance/reportOptions","timestamp":"2025-01-02T09:48:07.313Z"}
{"level":"info","message":"GET URL REQ => http://localhost:6201/api/v1/attendance/reportOptions","timestamp":"2025-01-02T09:48:34.930Z"}
{"level":"info","message":"GET URL REQ => http://localhost:6201/api/v1/attendance/reportOptions","timestamp":"2025-01-02T09:48:46.266Z"}
{"level":"info","message":"GET URL REQ => http://localhost:6201/api/v1/attendance/reportOptions","timestamp":"2025-01-02T09:50:01.515Z"}
{"level":"info","message":"GET URL REQ => http://localhost:6201/api/v1/attendance/report","timestamp":"2025-01-02T09:50:03.171Z"}
{"level":"info","message":"GET URL REQ => http://localhost:6201/api/v1/attendance/report","timestamp":"2025-01-02T09:50:41.803Z"}
{"level":"info","message":"GET URL REQ => http://localhost:6201/api/v1/attendance/reportOptions","timestamp":"2025-01-02T09:51:21.534Z"}
{"level":"info","message":"GET URL REQ => http://localhost:6201/api/v1/attendance/report","timestamp":"2025-01-02T09:51:36.419Z"}
{"level":"info","message":"GET URL REQ => http://localhost:6201/api/v1/attendance/userSearch","timestamp":"2025-01-02T09:52:05.144Z"}
{"level":"info","message":"GET URL REQ => http://localhost:6201/api/v1/attendance/userSearch","timestamp":"2025-01-02T09:52:05.217Z"}
{"level":"info","message":"GET URL REQ => http://localhost:6201/api/v1/attendance/userSearch","timestamp":"2025-01-02T09:52:05.378Z"}
{"level":"info","message":"GET URL REQ => http://localhost:6201/api/v1/attendance/userSearch","timestamp":"2025-01-02T09:52:05.396Z"}
{"level":"info","message":"GET URL REQ => http://localhost:6201/api/v1/attendance/userSearch","timestamp":"2025-01-02T09:52:11.357Z"}
{"level":"info","message":"GET URL REQ => http://localhost:6201/api/v1/attendance/userSearch","timestamp":"2025-01-02T09:52:11.614Z"}
{"level":"info","message":"GET URL REQ => http://localhost:6201/api/v1/attendance/userSearch","timestamp":"2025-01-02T09:52:11.713Z"}
{"level":"info","message":"GET URL REQ => http://localhost:6201/api/v1/attendance/userSearch","timestamp":"2025-01-02T09:52:11.857Z"}
{"level":"info","message":"GET URL REQ => http://localhost:6201/api/v1/attendance/userSearch","timestamp":"2025-01-02T09:52:15.378Z"}
{"level":"info","message":"GET URL REQ => http://localhost:6201/api/v1/attendance/userSearch","timestamp":"2025-01-02T09:52:15.474Z"}
{"level":"info","message":"GET URL REQ => http://localhost:6201/api/v1/attendance/userSearch","timestamp":"2025-01-02T09:52:15.694Z"}
{"level":"info","message":"GET URL REQ => http://localhost:6201/api/v1/attendance/userSearch","timestamp":"2025-01-02T09:52:16.124Z"}
{"level":"info","message":"GET URL REQ => http://localhost:6201/api/v1/attendance/user","timestamp":"2025-01-02T09:52:18.069Z"}
{"level":"info","message":"GET URL REQ => http://localhost:6201/api/v1/attendance/user","timestamp":"2025-01-02T09:52:18.463Z"}
{"level":"info","message":"GET URL REQ => http://localhost:6201/api/v1/attendance/user","timestamp":"2025-01-02T09:52:19.983Z"}
{"level":"info","message":"GET URL REQ => http://localhost:6201/api/v1/attendance/user","timestamp":"2025-01-02T09:52:19.990Z"}
{"level":"info","message":"GET URL REQ => http://localhost:6201/api/v1/attendance/user","timestamp":"2025-01-02T09:52:24.809Z"}
{"level":"info","message":"GET URL REQ => http://localhost:6201/api/v1/attendance/user","timestamp":"2025-01-02T09:52:24.819Z"}
{"level":"info","message":"GET URL REQ => http://localhost:6201/api/v1/attendance/userSearch","timestamp":"2025-01-02T09:52:27.469Z"}
{"level":"info","message":"GET URL REQ => http://localhost:6201/api/v1/attendance/userSearch","timestamp":"2025-01-02T09:52:27.718Z"}
{"level":"info","message":"GET URL REQ => http://localhost:6201/api/v1/attendance/userSearch","timestamp":"2025-01-02T09:52:27.898Z"}
{"level":"info","message":"GET URL REQ => http://localhost:6201/api/v1/attendance/userSearch","timestamp":"2025-01-02T09:52:28.061Z"}
{"level":"info","message":"GET URL REQ => http://localhost:6201/api/v1/attendance/userSearch","timestamp":"2025-01-02T09:52:28.209Z"}
{"level":"info","message":"GET URL REQ => http://localhost:6201/api/v1/attendance/user","timestamp":"2025-01-02T09:52:31.254Z"}
{"level":"info","message":"GET URL REQ => http://localhost:6201/api/v1/attendance/user","timestamp":"2025-01-02T09:52:31.415Z"}
{"level":"info","message":"GET URL REQ => http://localhost:6201/api/v1/attendance/user","timestamp":"2025-01-02T09:52:33.011Z"}
{"level":"info","message":"GET URL REQ => http://localhost:6201/api/v1/attendance/user","timestamp":"2025-01-02T09:52:33.022Z"}
{"level":"info","message":"GET URL REQ => http://localhost:6201/api/v1/attendance/userSearch","timestamp":"2025-01-02T09:52:36.908Z"}
{"level":"info","message":"GET URL REQ => http://localhost:6201/api/v1/attendance/userSearch","timestamp":"2025-01-02T09:52:37.067Z"}
{"level":"info","message":"GET URL REQ => http://localhost:6201/api/v1/attendance/userSearch","timestamp":"2025-01-02T09:52:37.144Z"}
{"level":"info","message":"GET URL REQ => http://localhost:6201/api/v1/attendance/userSearch","timestamp":"2025-01-02T09:52:37.208Z"}
{"level":"info","message":"GET URL REQ => http://localhost:6201/api/v1/attendance/userSearch","timestamp":"2025-01-02T09:52:37.569Z"}
{"level":"info","message":"GET URL REQ => http://localhost:6201/api/v1/attendance/user","timestamp":"2025-01-02T09:52:39.103Z"}
{"level":"info","message":"GET URL REQ => http://localhost:6201/api/v1/attendance/user","timestamp":"2025-01-02T09:52:39.256Z"}
{"level":"info","message":"GET URL REQ => http://localhost:6201/api/v1/attendance/user","timestamp":"2025-01-02T09:52:40.692Z"}
{"level":"info","message":"GET URL REQ => http://localhost:6201/api/v1/attendance/user","timestamp":"2025-01-02T09:52:40.741Z"}
{"level":"info","message":"GET URL REQ => http://localhost:6201/api/v1/attendance/userSearch","timestamp":"2025-01-02T09:52:44.978Z"}
{"level":"info","message":"GET URL REQ => http://localhost:6201/api/v1/attendance/user","timestamp":"2025-01-02T09:52:47.247Z"}
{"level":"info","message":"GET URL REQ => http://localhost:6201/api/v1/attendance/user","timestamp":"2025-01-02T09:52:47.394Z"}
{"level":"info","message":"GET URL REQ => http://localhost:6201/api/v1/attendance/user","timestamp":"2025-01-02T09:52:48.736Z"}
{"level":"info","message":"GET URL REQ => http://localhost:6201/api/v1/attendance/user","timestamp":"2025-01-02T09:52:48.745Z"}
{"level":"info","message":"GET URL REQ => http://localhost:6201/api/v1/attendance/userSearch","timestamp":"2025-01-02T09:52:55.355Z"}
{"level":"info","message":"GET URL REQ => http://localhost:6201/api/v1/attendance/user","timestamp":"2025-01-02T09:52:56.845Z"}
{"level":"info","message":"GET URL REQ => http://localhost:6201/api/v1/attendance/user","timestamp":"2025-01-02T09:52:57.035Z"}
{"level":"info","message":"GET URL REQ => http://localhost:6201/api/v1/attendance/user","timestamp":"2025-01-02T09:53:00.346Z"}
{"level":"info","message":"GET URL REQ => http://localhost:6201/api/v1/attendance/user","timestamp":"2025-01-02T09:53:00.353Z"}
{"level":"info","message":"GET URL REQ => http://localhost:6201/api/v1/attendance/session","timestamp":"2025-01-02T09:53:11.059Z"}
{"level":"info","message":"GET URL REQ => http://localhost:6201/api/v1/attendance/session","timestamp":"2025-01-02T09:53:11.077Z"}
{"level":"info","message":"GET URL REQ => http://localhost:6201/api/v1/attendance/reportOptions","timestamp":"2025-01-02T09:53:23.680Z"}
{"level":"info","message":"GET URL REQ => http://localhost:6201/api/v1/attendance/report","timestamp":"2025-01-02T09:53:33.005Z"}
{"level":"info","message":"GET URL REQ => http://localhost:6201/api/v1/attendance/report","timestamp":"2025-01-02T09:53:59.437Z"}
{"level":"info","message":"GET URL REQ => http://localhost:6201/api/v1/attendance/reportOptions","timestamp":"2025-01-02T09:54:46.624Z"}
{"level":"info","message":"GET URL REQ => http://localhost:6201/api/v1/attendance/reportOptions","timestamp":"2025-01-02T09:54:54.074Z"}
{"level":"info","message":"GET URL REQ => http://localhost:6201/api/v1/attendance/report","timestamp":"2025-01-02T09:54:57.426Z"}
{"level":"info","message":"GET URL REQ => http://localhost:6201/api/v1/attendance/reportOptions","timestamp":"2025-01-02T09:56:34.196Z"}
{"level":"info","message":"GET URL REQ => http://localhost:6201/api/v1/attendance/reportOptions","timestamp":"2025-01-02T09:56:42.728Z"}
{"level":"info","message":"GET URL REQ => http://localhost:6201/api/v1/attendance/reportOptions","timestamp":"2025-01-02T09:56:49.039Z"}
{"level":"info","message":"GET URL REQ => http://localhost:6201/api/v1/attendance/reportOptions","timestamp":"2025-01-02T09:56:53.927Z"}
{"level":"info","message":"GET URL REQ => http://localhost:6201/api/v1/attendance/reportOptions","timestamp":"2025-01-02T09:57:01.953Z"}
{"level":"info","message":"GET URL REQ => http://localhost:6201/api/v1/attendance/reportOptions","timestamp":"2025-01-02T09:58:03.431Z"}
{"level":"info","message":"GET URL REQ => http://localhost:6201/api/v1/attendance/reportOptions","timestamp":"2025-01-02T09:58:19.403Z"}
{"level":"info","message":"GET URL REQ => http://localhost:6201/api/v1/attendance/reportOptions","timestamp":"2025-01-02T09:58:29.059Z"}
{"level":"info","message":"GET URL REQ => http://localhost:6201/api/v1/attendance/reportOptions","timestamp":"2025-01-02T09:58:35.449Z"}
{"level":"info","message":"GET URL REQ => http://localhost:6201/api/v1/attendance/reportOptions","timestamp":"2025-01-02T09:58:49.263Z"}
{"level":"info","message":"GET URL REQ => http://localhost:6201/api/v1/attendance/reportOptions","timestamp":"2025-01-02T09:58:50.937Z"}
{"level":"info","message":"server running --- from server.ts","timestamp":"2025-01-02T09:59:43.758Z"}
{"level":"info","message":"GET URL REQ => http://localhost:6201/api/v1/attendance/report","timestamp":"2025-01-02T10:01:21.680Z"}
{"level":"info","message":"server running --- from server.ts","timestamp":"2025-01-02T10:01:47.893Z"}
{"level":"info","message":"GET URL REQ => http://localhost:6201/api/v1/attendance/report","timestamp":"2025-01-02T10:01:49.645Z"}
{"level":"info","message":"GET URL REQ => http://localhost:6201/api/v1/attendance/reportOptions","timestamp":"2025-01-02T10:02:33.282Z"}
{"level":"info","message":"GET URL REQ => http://localhost:6201/api/v1/attendance/reportOptions","timestamp":"2025-01-02T10:02:38.947Z"}
{"level":"info","message":"GET URL REQ => http://localhost:6201/api/v1/attendance/reportOptions","timestamp":"2025-01-02T10:02:42.973Z"}
{"level":"info","message":"GET URL REQ => http://localhost:6201/api/v1/attendance/reportOptions","timestamp":"2025-01-02T10:07:32.312Z"}
{"level":"info","message":"GET URL REQ => http://localhost:6201/api/v1/attendance/reportOptions","timestamp":"2025-01-02T10:08:02.932Z"}
{"level":"info","message":"GET URL REQ => http://localhost:6201/api/v1/attendance/reportOptions","timestamp":"2025-01-02T10:08:04.972Z"}
{"level":"info","message":"GET URL REQ => http://localhost:6201/api/v1/attendance/reportOptions","timestamp":"2025-01-02T10:08:09.945Z"}
{"level":"info","message":"GET URL REQ => http://localhost:6201/api/v1/attendance/reportOptions","timestamp":"2025-01-02T10:08:14.928Z"}
{"level":"info","message":"GET URL REQ => http://localhost:6201/api/v1/attendance/reportOptions","timestamp":"2025-01-02T10:08:18.943Z"}
{"level":"info","message":"GET URL REQ => http://localhost:6201/api/v1/attendance/reportOptions","timestamp":"2025-01-02T10:08:22.934Z"}
{"level":"info","message":"GET URL REQ => http://localhost:6201/api/v1/attendance/report","timestamp":"2025-01-02T10:08:34.401Z"}
{"level":"info","message":"GET URL REQ => http://localhost:6201/api/v1/attendance/reportOptions","timestamp":"2025-01-02T10:10:02.300Z"}
{"level":"info","message":"GET URL REQ => http://localhost:6201/api/v1/attendance/reportOptions","timestamp":"2025-01-02T10:12:29.918Z"}
{"level":"info","message":"GET URL REQ => http://localhost:6201/api/v1/attendance/report","timestamp":"2025-01-02T10:12:32.822Z"}
{"level":"info","message":"GET URL REQ => http://localhost:6201/api/v1/attendance/report","timestamp":"2025-01-02T10:12:34.351Z"}
{"level":"info","message":"GET URL REQ => http://localhost:6201/api/v1/attendance/reportOptions","timestamp":"2025-01-02T10:12:50.553Z"}
{"level":"info","message":"GET URL REQ => http://localhost:6201/api/v1/attendance/reportOptions","timestamp":"2025-01-02T10:13:05.899Z"}
{"level":"info","message":"GET URL REQ => http://localhost:6201/api/v1/attendance/report","timestamp":"2025-01-02T10:13:06.556Z"}
{"level":"info","message":"GET URL REQ => http://localhost:6201/api/v1/attendance/report","timestamp":"2025-01-02T10:13:07.511Z"}
{"level":"info","message":"GET URL REQ => http://localhost:6201/api/v1/attendance/report","timestamp":"2025-01-02T10:13:23.581Z"}
{"level":"info","message":"GET URL REQ => http://localhost:6201/api/v1/attendance/reportOptions","timestamp":"2025-01-02T10:13:44.321Z"}
{"level":"info","message":"GET URL REQ => http://localhost:6201/api/v1/attendance/reportOptions","timestamp":"2025-01-02T10:13:45.998Z"}
{"level":"info","message":"GET URL REQ => http://localhost:6201/api/v1/attendance/reportOptions","timestamp":"2025-01-02T10:13:54.927Z"}
{"level":"info","message":"GET URL REQ => http://localhost:6201/api/v1/attendance/reportOptions","timestamp":"2025-01-02T10:14:09.266Z"}
{"level":"info","message":"GET URL REQ => http://localhost:6201/api/v1/attendance/reportOptions","timestamp":"2025-01-02T10:14:29.948Z"}
{"level":"info","message":"GET URL REQ => http://localhost:6201/api/v1/attendance/report","timestamp":"2025-01-02T10:14:38.617Z"}
{"level":"info","message":"GET URL REQ => http://localhost:6201/api/v1/attendance/reportOptions","timestamp":"2025-01-02T10:14:46.822Z"}
{"level":"info","message":"server running --- from server.ts","timestamp":"2025-01-02T10:15:08.260Z"}
{"level":"info","message":"GET URL REQ => http://localhost:6201/api/v1/attendance/report","timestamp":"2025-01-02T10:15:09.118Z"}
{"level":"info","message":"Router-----store Register Form Data","timestamp":"2025-01-02T10:15:37.979Z"}
{"level":"info","message":"GET URL REQ => http://localhost:6201/api/v1/validateTokenData","timestamp":"2025-01-02T10:15:37.981Z"}
{"level":"info","message":"GET URL REQ => http://localhost:6201/api/v1/attendance/overView","timestamp":"2025-01-02T10:15:38.276Z"}
{"level":"info","message":"Router-----store Register Form Data","timestamp":"2025-01-02T10:15:38.396Z"}
{"level":"info","message":"GET URL REQ => http://localhost:6201/api/v1/validateTokenData","timestamp":"2025-01-02T10:15:38.399Z"}
{"level":"info","message":"GET URL REQ => http://localhost:6201/api/v1/attendance/overView","timestamp":"2025-01-02T10:15:38.750Z"}
{"level":"info","message":"GET URL REQ => http://localhost:6201/api/v1/attendance/session","timestamp":"2025-01-02T10:15:40.314Z"}
{"level":"info","message":"GET URL REQ => http://localhost:6201/api/v1/attendance/session","timestamp":"2025-01-02T10:15:40.357Z"}
{"level":"info","message":"GET URL REQ => http://localhost:6201/api/v1/attendance/reportOptions","timestamp":"2025-01-02T10:15:53.380Z"}
{"level":"info","message":"GET URL REQ => http://localhost:6201/api/v1/attendance/report","timestamp":"2025-01-02T10:15:59.111Z"}
{"level":"info","message":"GET URL REQ => http://localhost:6201/api/v1/staff/dashBoard","timestamp":"2025-01-02T10:16:10.500Z"}
{"level":"info","message":"Router-----store Register Form Data","timestamp":"2025-01-02T10:16:10.813Z"}
{"level":"info","message":"GET URL REQ => http://localhost:6201/api/v1/validateTokenData","timestamp":"2025-01-02T10:16:10.819Z"}
{"level":"info","message":"Router-----store Register Form Data","timestamp":"2025-01-02T10:16:11.076Z"}
{"level":"info","message":"GET URL REQ => http://localhost:6201/api/v1/validateTokenData","timestamp":"2025-01-02T10:16:11.079Z"}
{"level":"info","message":"GET URL REQ => http://localhost:6201/api/v1/staff/dashBoard","timestamp":"2025-01-02T10:16:11.332Z"}
{"level":"info","message":"Router-----store Register Form Data","timestamp":"2025-01-02T10:16:20.443Z"}
{"level":"info","message":"GET URL REQ => http://localhost:6201/api/v1/validateTokenData","timestamp":"2025-01-02T10:16:20.445Z"}
{"level":"info","message":"GET URL REQ => http://localhost:6201/api/v1/attendance/overView","timestamp":"2025-01-02T10:16:20.452Z"}
{"level":"info","message":"Router-----store Register Form Data","timestamp":"2025-01-02T10:16:20.593Z"}
{"level":"info","message":"GET URL REQ => http://localhost:6201/api/v1/validateTokenData","timestamp":"2025-01-02T10:16:20.597Z"}
{"level":"info","message":"GET URL REQ => http://localhost:6201/api/v1/attendance/overView","timestamp":"2025-01-02T10:16:20.786Z"}
{"level":"info","message":"GET URL REQ => http://localhost:6201/api/v1/attendance/session","timestamp":"2025-01-02T10:16:21.854Z"}
{"level":"info","message":"GET URL REQ => http://localhost:6201/api/v1/attendance/session","timestamp":"2025-01-02T10:16:21.861Z"}
{"level":"info","message":"GET URL REQ => http://localhost:6201/api/v1/attendance/reportOptions","timestamp":"2025-01-02T10:16:37.291Z"}
{"level":"info","message":"GET URL REQ => http://localhost:6201/api/v1/attendance/report","timestamp":"2025-01-02T10:16:42.996Z"}
{"level":"info","message":"GET URL REQ => http://localhost:6201/api/v1/attendance/reportOptions","timestamp":"2025-01-02T10:17:42.720Z"}
{"level":"info","message":"GET URL REQ => http://localhost:6201/api/v1/attendance/reportOptions","timestamp":"2025-01-02T10:17:56.278Z"}
{"level":"info","message":"GET URL REQ => http://localhost:6201/api/v1/attendance/reportOptions","timestamp":"2025-01-02T10:17:56.972Z"}
{"level":"info","message":"GET URL REQ => http://localhost:6201/api/v1/attendance/reportOptions","timestamp":"2025-01-02T10:17:58.974Z"}
{"level":"info","message":"GET URL REQ => http://localhost:6201/api/v1/attendance/reportOptions","timestamp":"2025-01-02T10:18:04.033Z"}
{"level":"info","message":"GET URL REQ => http://localhost:6201/api/v1/attendance/reportOptions","timestamp":"2025-01-02T10:18:28.960Z"}
{"level":"info","message":"GET URL REQ => http://localhost:6201/api/v1/attendance/reportOptions","timestamp":"2025-01-02T10:18:43.944Z"}
{"level":"info","message":"GET URL REQ => http://localhost:6201/api/v1/attendance/reportOptions","timestamp":"2025-01-02T10:19:00.003Z"}
{"level":"info","message":"GET URL REQ => http://localhost:6201/api/v1/attendance/reportOptions","timestamp":"2025-01-02T10:19:18.275Z"}
{"level":"info","message":"GET URL REQ => http://localhost:6201/api/v1/attendance/reportOptions","timestamp":"2025-01-02T10:19:21.005Z"}
{"level":"info","message":"GET URL REQ => http://localhost:6201/api/v1/attendance/reportOptions","timestamp":"2025-01-02T10:19:33.928Z"}
{"level":"info","message":"GET URL REQ => http://localhost:6201/api/v1/attendance/reportOptions","timestamp":"2025-01-02T10:19:37.286Z"}
{"level":"info","message":"GET URL REQ => http://localhost:6201/api/v1/attendance/reportOptions","timestamp":"2025-01-02T10:19:55.253Z"}
{"level":"info","message":"GET URL REQ => http://localhost:6201/api/v1/attendance/reportOptions","timestamp":"2025-01-02T10:20:37.948Z"}
{"level":"info","message":"GET URL REQ => http://localhost:6201/api/v1/attendance/reportOptions","timestamp":"2025-01-02T10:20:52.252Z"}
{"level":"info","message":"GET URL REQ => http://localhost:6201/api/v1/attendance/reportOptions","timestamp":"2025-01-02T10:20:58.935Z"}
{"level":"info","message":"GET URL REQ => http://localhost:6201/api/v1/attendance/reportOptions","timestamp":"2025-01-02T10:21:00.998Z"}
{"level":"info","message":"GET URL REQ => http://localhost:6201/api/v1/attendance/reportOptions","timestamp":"2025-01-02T10:21:04.997Z"}
{"level":"info","message":"GET URL REQ => http://localhost:6201/api/v1/attendance/reportOptions","timestamp":"2025-01-02T10:21:06.954Z"}
{"level":"info","message":"GET URL REQ => http://localhost:6201/api/v1/attendance/reportOptions","timestamp":"2025-01-02T10:22:14.786Z"}
{"level":"info","message":"GET URL REQ => http://localhost:6201/api/v1/attendance/report","timestamp":"2025-01-02T10:22:19.928Z"}
{"level":"info","message":"GET URL REQ => http://localhost:6201/api/v1/attendance/reportOptions","timestamp":"2025-01-02T10:23:00.752Z"}
{"level":"info","message":"GET URL REQ => http://localhost:6201/api/v1/attendance/report","timestamp":"2025-01-02T10:23:06.439Z"}
{"level":"info","message":"GET URL REQ => http://localhost:6201/api/v1/attendance/reportOptions","timestamp":"2025-01-02T10:23:25.976Z"}
{"level":"info","message":"Router-----store Register Form Data","timestamp":"2025-01-02T10:23:28.938Z"}
{"level":"info","message":"GET URL REQ => http://localhost:6201/api/v1/validateTokenData","timestamp":"2025-01-02T10:23:28.941Z"}
{"level":"info","message":"GET URL REQ => http://localhost:6201/api/v1/attendance/overView","timestamp":"2025-01-02T10:23:28.996Z"}
{"level":"info","message":"Router-----store Register Form Data","timestamp":"2025-01-02T10:23:29.250Z"}
{"level":"info","message":"GET URL REQ => http://localhost:6201/api/v1/validateTokenData","timestamp":"2025-01-02T10:23:29.251Z"}
{"level":"info","message":"GET URL REQ => http://localhost:6201/api/v1/attendance/overView","timestamp":"2025-01-02T10:23:29.332Z"}
{"level":"info","message":"GET URL REQ => http://localhost:6201/api/v1/attendance/session","timestamp":"2025-01-02T10:30:52.628Z"}
{"level":"info","message":"GET URL REQ => http://localhost:6201/api/v1/attendance/session","timestamp":"2025-01-02T10:30:52.637Z"}
{"level":"info","message":"GET URL REQ => http://localhost:6201/api/v1/attendance/reportOptions","timestamp":"2025-01-02T10:31:05.749Z"}
{"level":"info","message":"GET URL REQ => http://localhost:6201/api/v1/attendance/report","timestamp":"2025-01-02T10:31:11.843Z"}
{"level":"info","message":"Router-----store Register Form Data","timestamp":"2025-01-02T10:31:21.973Z"}
{"level":"info","message":"GET URL REQ => http://localhost:6201/api/v1/validateTokenData","timestamp":"2025-01-02T10:31:21.975Z"}
{"level":"info","message":"GET URL REQ => http://localhost:6201/api/v1/attendance/overView","timestamp":"2025-01-02T10:31:22.045Z"}
{"level":"info","message":"Router-----store Register Form Data","timestamp":"2025-01-02T10:31:22.276Z"}
{"level":"info","message":"GET URL REQ => http://localhost:6201/api/v1/validateTokenData","timestamp":"2025-01-02T10:31:22.277Z"}
{"level":"info","message":"GET URL REQ => http://localhost:6201/api/v1/attendance/overView","timestamp":"2025-01-02T10:31:22.350Z"}
{"level":"info","message":"GET URL REQ => http://localhost:6201/api/v1/attendance/session","timestamp":"2025-01-02T10:31:23.908Z"}
{"level":"info","message":"GET URL REQ => http://localhost:6201/api/v1/attendance/session","timestamp":"2025-01-02T10:31:23.915Z"}
{"level":"info","message":"GET URL REQ => http://localhost:6201/api/v1/attendance/reportOptions","timestamp":"2025-01-02T10:31:37.205Z"}
{"level":"info","message":"GET URL REQ => http://localhost:6201/api/v1/attendance/report","timestamp":"2025-01-02T10:31:42.847Z"}
{"level":"info","message":"GET URL REQ => http://localhost:6201/api/v1/attendance/reportOptions","timestamp":"2025-01-02T10:32:02.628Z"}
{"level":"info","message":"GET URL REQ => http://localhost:6201/api/v1/attendance/report","timestamp":"2025-01-02T10:32:07.031Z"}
{"level":"info","message":"GET URL REQ => http://localhost:6201/api/v1/attendance/reportOptions","timestamp":"2025-01-02T10:32:22.361Z"}
{"level":"info","message":"GET URL REQ => http://localhost:6201/api/v1/attendance/report","timestamp":"2025-01-02T10:32:25.360Z"}
{"level":"info","message":"GET URL REQ => http://localhost:6201/api/v1/attendance/reportOptions","timestamp":"2025-01-02T10:32:35.307Z"}
{"level":"info","message":"GET URL REQ => http://localhost:6201/api/v1/attendance/reportOptions","timestamp":"2025-01-02T10:32:40.692Z"}
{"level":"info","message":"GET URL REQ => http://localhost:6201/api/v1/attendance/report","timestamp":"2025-01-02T10:32:44.508Z"}
{"level":"info","message":"Router-----store Register Form Data","timestamp":"2025-01-02T10:34:41.311Z"}
{"level":"info","message":"GET URL REQ => http://localhost:6201/api/v1/validateTokenData","timestamp":"2025-01-02T10:34:41.314Z"}
{"level":"info","message":"GET URL REQ => http://localhost:6201/api/v1/attendance/overView","timestamp":"2025-01-02T10:34:41.325Z"}
{"level":"info","message":"Router-----store Register Form Data","timestamp":"2025-01-02T10:34:41.565Z"}
{"level":"info","message":"GET URL REQ => http://localhost:6201/api/v1/validateTokenData","timestamp":"2025-01-02T10:34:41.569Z"}
{"level":"info","message":"GET URL REQ => http://localhost:6201/api/v1/attendance/overView","timestamp":"2025-01-02T10:34:41.836Z"}
{"level":"info","message":"GET URL REQ => http://localhost:6201/api/v1/attendance/session","timestamp":"2025-01-02T10:36:10.970Z"}
{"level":"info","message":"GET URL REQ => http://localhost:6201/api/v1/attendance/session","timestamp":"2025-01-02T10:36:10.978Z"}
{"level":"info","message":"GET URL REQ => http://localhost:6201/api/v1/attendance/reportOptions","timestamp":"2025-01-02T10:36:20.766Z"}
{"level":"info","message":"GET URL REQ => http://localhost:6201/api/v1/attendance/report","timestamp":"2025-01-02T10:36:25.239Z"}
{"level":"info","message":"GET URL REQ => http://localhost:6201/api/v1/attendance/reportOptions","timestamp":"2025-01-02T10:36:37.688Z"}
{"level":"info","message":"GET URL REQ => http://localhost:6201/api/v1/staff/dashBoard","timestamp":"2025-01-02T10:36:50.276Z"}
{"level":"info","message":"Router-----store Register Form Data","timestamp":"2025-01-02T10:36:50.593Z"}
{"level":"info","message":"GET URL REQ => http://localhost:6201/api/v1/validateTokenData","timestamp":"2025-01-02T10:36:50.595Z"}
{"level":"info","message":"Router-----store Register Form Data","timestamp":"2025-01-02T10:36:50.853Z"}
{"level":"info","message":"GET URL REQ => http://localhost:6201/api/v1/validateTokenData","timestamp":"2025-01-02T10:36:50.855Z"}
{"level":"info","message":"GET URL REQ => http://localhost:6201/api/v1/staff/dashBoard","timestamp":"2025-01-02T10:36:51.152Z"}
{"level":"info","message":"Router-----store Register Form Data","timestamp":"2025-01-02T10:37:01.596Z"}
{"level":"info","message":"GET URL REQ => http://localhost:6201/api/v1/validateTokenData","timestamp":"2025-01-02T10:37:01.597Z"}
{"level":"info","message":"GET URL REQ => http://localhost:6201/api/v1/attendance/overView","timestamp":"2025-01-02T10:37:01.602Z"}
{"level":"info","message":"Router-----store Register Form Data","timestamp":"2025-01-02T10:37:01.647Z"}
{"level":"info","message":"GET URL REQ => http://localhost:6201/api/v1/validateTokenData","timestamp":"2025-01-02T10:37:01.649Z"}
{"level":"info","message":"GET URL REQ => http://localhost:6201/api/v1/attendance/overView","timestamp":"2025-01-02T10:37:02.849Z"}
{"level":"info","message":"GET URL REQ => http://localhost:6201/api/v1/attendance/session","timestamp":"2025-01-02T10:37:03.474Z"}
{"level":"info","message":"GET URL REQ => http://localhost:6201/api/v1/attendance/session","timestamp":"2025-01-02T10:37:03.488Z"}
{"level":"info","message":"GET URL REQ => http://localhost:6201/api/v1/attendance/reportOptions","timestamp":"2025-01-02T10:37:15.780Z"}
{"level":"info","message":"GET URL REQ => http://localhost:6201/api/v1/attendance/report","timestamp":"2025-01-02T10:37:19.074Z"}
{"level":"info","message":"GET URL REQ => http://localhost:6201/api/v1/attendance/reportOptions","timestamp":"2025-01-02T10:37:45.271Z"}
{"level":"info","message":"GET URL REQ => http://localhost:6201/api/v1/attendance/reportOptions","timestamp":"2025-01-02T10:39:46.276Z"}
{"level":"info","message":"GET URL REQ => http://localhost:6201/api/v1/attendance/reportOptions","timestamp":"2025-01-02T10:40:10.034Z"}
{"level":"info","message":"GET URL REQ => http://localhost:6201/api/v1/attendance/reportOptions","timestamp":"2025-01-02T10:40:34.266Z"}
{"level":"info","message":"GET URL REQ => http://localhost:6201/api/v1/attendance/reportOptions","timestamp":"2025-01-02T10:40:42.966Z"}
{"level":"info","message":"GET URL REQ => http://localhost:6201/api/v1/attendance/reportOptions","timestamp":"2025-01-02T10:40:47.972Z"}
{"level":"info","message":"GET URL REQ => http://localhost:6201/api/v1/attendance/reportOptions","timestamp":"2025-01-02T10:42:08.392Z"}
{"level":"info","message":"GET URL REQ => http://localhost:6201/api/v1/attendance/reportOptions","timestamp":"2025-01-02T10:42:14.974Z"}
{"level":"info","message":"GET URL REQ => http://localhost:6201/api/v1/attendance/report","timestamp":"2025-01-02T10:42:33.921Z"}
{"level":"info","message":"GET URL REQ => http://localhost:6201/api/v1/attendance/reportOptions","timestamp":"2025-01-02T10:43:11.600Z"}
{"level":"info","message":"GET URL REQ => http://localhost:6201/api/v1/attendance/reportOptions","timestamp":"2025-01-02T10:43:16.767Z"}
{"level":"info","message":"GET URL REQ => http://localhost:6201/api/v1/attendance/report","timestamp":"2025-01-02T10:43:20.981Z"}
{"level":"info","message":"GET URL REQ => http://localhost:6201/api/v1/attendance/reportOptions","timestamp":"2025-01-02T10:44:16.289Z"}
{"level":"info","message":"GET URL REQ => http://localhost:6201/api/v1/attendance/reportOptions","timestamp":"2025-01-02T10:44:35.017Z"}
{"level":"info","message":"GET URL REQ => http://localhost:6201/api/v1/attendance/reportOptions","timestamp":"2025-01-02T10:44:40.052Z"}
{"level":"info","message":"GET URL REQ => http://localhost:6201/api/v1/attendance/reportOptions","timestamp":"2025-01-02T10:44:53.357Z"}
{"level":"info","message":"GET URL REQ => http://localhost:6201/api/v1/attendance/report","timestamp":"2025-01-02T10:44:57.607Z"}
{"level":"info","message":"GET URL REQ => http://localhost:6201/api/v1/attendance/reportOptions","timestamp":"2025-01-02T10:48:24.273Z"}
{"level":"info","message":"GET URL REQ => http://localhost:6201/api/v1/attendance/reportOptions","timestamp":"2025-01-02T10:48:25.949Z"}
{"level":"info","message":"GET URL REQ => http://localhost:6201/api/v1/attendance/reportOptions","timestamp":"2025-01-02T10:48:27.957Z"}
{"level":"info","message":"GET URL REQ => http://localhost:6201/api/v1/attendance/reportOptions","timestamp":"2025-01-02T10:50:47.345Z"}
{"level":"info","message":"GET URL REQ => http://localhost:6201/api/v1/attendance/reportOptions","timestamp":"2025-01-02T10:50:48.415Z"}
{"level":"info","message":"GET URL REQ => http://localhost:6201/api/v1/attendance/reportOptions","timestamp":"2025-01-02T10:50:49.067Z"}
{"level":"info","message":"GET URL REQ => http://localhost:6201/api/v1/attendance/reportOptions","timestamp":"2025-01-02T10:50:58.901Z"}
{"level":"info","message":"GET URL REQ => http://localhost:6201/api/v1/attendance/report","timestamp":"2025-01-02T10:51:03.225Z"}
{"level":"info","message":"GET URL REQ => http://localhost:6201/api/v1/attendance/session","timestamp":"2025-01-02T10:53:14.752Z"}
{"level":"info","message":"GET URL REQ => http://localhost:6201/api/v1/attendance/session","timestamp":"2025-01-02T10:53:14.766Z"}
{"level":"info","message":"GET URL REQ => http://localhost:6201/api/v1/attendance/userSearch","timestamp":"2025-01-02T10:53:17.692Z"}
{"level":"info","message":"GET URL REQ => http://localhost:6201/api/v1/attendance/userSearch","timestamp":"2025-01-02T10:53:17.927Z"}
{"level":"info","message":"GET URL REQ => http://localhost:6201/api/v1/attendance/userSearch","timestamp":"2025-01-02T10:53:18.066Z"}
{"level":"info","message":"GET URL REQ => http://localhost:6201/api/v1/attendance/userSearch","timestamp":"2025-01-02T10:53:18.205Z"}
{"level":"info","message":"GET URL REQ => http://localhost:6201/api/v1/attendance/userSearch","timestamp":"2025-01-02T10:53:18.344Z"}
{"level":"info","message":"GET URL REQ => http://localhost:6201/api/v1/attendance/user","timestamp":"2025-01-02T10:53:20.039Z"}
{"level":"info","message":"GET URL REQ => http://localhost:6201/api/v1/attendance/user","timestamp":"2025-01-02T10:53:20.220Z"}
{"level":"info","message":"GET URL REQ => http://localhost:6201/api/v1/attendance/user","timestamp":"2025-01-02T10:53:28.825Z"}
{"level":"info","message":"GET URL REQ => http://localhost:6201/api/v1/attendance/user","timestamp":"2025-01-02T10:53:28.875Z"}
{"level":"info","message":"GET URL REQ => http://localhost:6201/api/v1/staff/dashBoard","timestamp":"2025-01-02T10:53:31.532Z"}
{"level":"info","message":"Router-----store Register Form Data","timestamp":"2025-01-02T10:53:31.541Z"}
{"level":"info","message":"GET URL REQ => http://localhost:6201/api/v1/validateTokenData","timestamp":"2025-01-02T10:53:31.542Z"}
{"level":"info","message":"Router-----store Register Form Data","timestamp":"2025-01-02T10:53:31.779Z"}
{"level":"info","message":"GET URL REQ => http://localhost:6201/api/v1/validateTokenData","timestamp":"2025-01-02T10:53:31.782Z"}
{"level":"info","message":"GET URL REQ => http://localhost:6201/api/v1/staff/dashBoard","timestamp":"2025-01-02T10:53:32.285Z"}
{"level":"info","message":"Router-----store Register Form Data","timestamp":"2025-01-02T10:53:36.838Z"}
{"level":"info","message":"GET URL REQ => http://localhost:6201/api/v1/validateTokenData","timestamp":"2025-01-02T10:53:36.890Z"}
{"level":"info","message":"Router-----store Register Form Data","timestamp":"2025-01-02T10:53:36.948Z"}
{"level":"info","message":"GET URL REQ => http://localhost:6201/api/v1/validateTokenData","timestamp":"2025-01-02T10:53:36.949Z"}
{"level":"info","message":"GET URL REQ => http://localhost:6201/api/v1/therapist/approvalData","timestamp":"2025-01-02T10:53:37.007Z"}
{"level":"info","message":"GET URL REQ => http://localhost:6201/api/v1/therapist/approvalData","timestamp":"2025-01-02T10:53:37.094Z"}
{"level":"info","message":"Router-----store Register Form Data","timestamp":"2025-01-02T10:53:39.009Z"}
{"level":"info","message":"GET URL REQ => http://localhost:6201/api/v1/validateTokenData","timestamp":"2025-01-02T10:53:39.010Z"}
{"level":"info","message":"Router-----store Register Form Data","timestamp":"2025-01-02T10:53:39.070Z"}
{"level":"info","message":"GET URL REQ => http://localhost:6201/api/v1/validateTokenData","timestamp":"2025-01-02T10:53:39.072Z"}
{"level":"info","message":"GET URL REQ => http://localhost:6201/api/v1/staff/userManagementPage","timestamp":"2025-01-02T10:53:39.213Z"}
{"level":"info","message":"GET URL REQ => http://localhost:6201/api/v1/staff/userManagementPage","timestamp":"2025-01-02T10:53:39.305Z"}
{"level":"info","message":"Router-----store Register Form Data","timestamp":"2025-01-02T10:53:42.373Z"}
{"level":"info","message":"GET URL REQ => http://localhost:6201/api/v1/validateTokenData","timestamp":"2025-01-02T10:53:42.375Z"}
{"level":"info","message":"Router-----store Register Form Data","timestamp":"2025-01-02T10:53:42.430Z"}
{"level":"info","message":"GET URL REQ => http://localhost:6201/api/v1/validateTokenData","timestamp":"2025-01-02T10:53:42.432Z"}
{"level":"info","message":"GET URL REQ => http://localhost:6201/api/v1/therapist/approvalData","timestamp":"2025-01-02T10:53:42.546Z"}
{"level":"info","message":"GET URL REQ => http://localhost:6201/api/v1/therapist/approvalData","timestamp":"2025-01-02T10:53:42.628Z"}
{"level":"info","message":"Router-----store Register Form Data","timestamp":"2025-01-02T10:53:43.567Z"}
{"level":"info","message":"GET URL REQ => http://localhost:6201/api/v1/validateTokenData","timestamp":"2025-01-02T10:53:43.569Z"}
{"level":"info","message":"Router-----store Register Form Data","timestamp":"2025-01-02T10:53:43.631Z"}
{"level":"info","message":"GET URL REQ => http://localhost:6201/api/v1/validateTokenData","timestamp":"2025-01-02T10:53:43.633Z"}
{"level":"info","message":"GET URL REQ => http://localhost:6201/api/v1/staff/userManagementPage","timestamp":"2025-01-02T10:53:43.753Z"}
{"level":"info","message":"GET URL REQ => http://localhost:6201/api/v1/staff/userManagementPage","timestamp":"2025-01-02T10:53:43.854Z"}
{"level":"info","message":"GET URL REQ => http://localhost:6201/api/v1/director/userData","timestamp":"2025-01-02T10:53:45.408Z"}
{"level":"info","message":"GET URL REQ => http://localhost:6201/api/v1/profile/passRegisterData","timestamp":"2025-01-02T10:53:45.414Z"}
{"level":"info","message":"GET URL REQ => http://localhost:6201/api/v1/director/userData","timestamp":"2025-01-02T10:53:48.061Z"}
{"level":"info","message":"GET URL REQ => http://localhost:6201/api/v1/profile/passRegisterData","timestamp":"2025-01-02T10:53:48.069Z"}
{"level":"info","message":"GET URL REQ => http://localhost:6201/api/v1/director/userData","timestamp":"2025-01-02T10:53:49.529Z"}
{"level":"info","message":"GET URL REQ => http://localhost:6201/api/v1/profile/passRegisterData","timestamp":"2025-01-02T10:53:49.535Z"}
{"level":"info","message":"GET URL REQ line 1133=> http://localhost:6201/api/v1/user/profileData","timestamp":"2025-01-02T10:53:49.813Z"}
{"level":"info","message":"GET URL REQ line 1133=> http://localhost:6201/api/v1/user/profileData","timestamp":"2025-01-02T10:53:49.818Z"}
{"level":"info","message":"Router-----store Register Form Data","timestamp":"2025-01-02T10:58:49.230Z"}
{"level":"info","message":"GET URL REQ => http://localhost:6201/api/v1/validateTokenData","timestamp":"2025-01-02T10:58:49.232Z"}
{"level":"info","message":"GET URL REQ => http://localhost:6201/api/v1/attendance/overView","timestamp":"2025-01-02T10:58:49.242Z"}
{"level":"info","message":"GET URL REQ => http://localhost:6201/api/v1/attendance/overView","timestamp":"2025-01-02T10:58:49.492Z"}
{"level":"info","message":"Router-----store Register Form Data","timestamp":"2025-01-02T10:58:49.512Z"}
{"level":"info","message":"GET URL REQ => http://localhost:6201/api/v1/validateTokenData","timestamp":"2025-01-02T10:58:49.514Z"}
{"level":"info","message":"Router-----store Register Form Data","timestamp":"2025-01-02T10:58:54.737Z"}
{"level":"info","message":"GET URL REQ => http://localhost:6201/api/v1/validateTokenData","timestamp":"2025-01-02T10:58:54.737Z"}
{"level":"info","message":"GET URL REQ => http://localhost:6201/api/v1/attendance/overView","timestamp":"2025-01-02T10:58:54.784Z"}
{"level":"info","message":"Router-----store Register Form Data","timestamp":"2025-01-02T10:58:54.835Z"}
{"level":"info","message":"GET URL REQ => http://localhost:6201/api/v1/validateTokenData","timestamp":"2025-01-02T10:58:54.836Z"}
{"level":"info","message":"GET URL REQ => http://localhost:6201/api/v1/attendance/overView","timestamp":"2025-01-02T10:58:54.904Z"}
{"level":"info","message":"Router-----store Register Form Data","timestamp":"2025-01-02T10:58:58.316Z"}
{"level":"info","message":"GET URL REQ => http://localhost:6201/api/v1/validateTokenData","timestamp":"2025-01-02T10:58:58.319Z"}
{"level":"info","message":"GET URL REQ => http://localhost:6201/api/v1/attendance/overView","timestamp":"2025-01-02T10:58:58.324Z"}
{"level":"info","message":"Router-----store Register Form Data","timestamp":"2025-01-02T10:58:58.365Z"}
{"level":"info","message":"GET URL REQ => http://localhost:6201/api/v1/validateTokenData","timestamp":"2025-01-02T10:58:58.366Z"}
{"level":"info","message":"GET URL REQ => http://localhost:6201/api/v1/attendance/overView","timestamp":"2025-01-02T10:58:58.376Z"}
{"level":"info","message":"GET URL REQ => http://localhost:6201/api/v1/users/login","timestamp":"2025-01-02T10:59:23.465Z"}
{"level":"info","message":"GET URL REQ => http://localhost:6201/api/v1/staff/dashBoard","timestamp":"2025-01-02T10:59:25.147Z"}
{"level":"info","message":"Router-----store Register Form Data","timestamp":"2025-01-02T10:59:25.154Z"}
{"level":"info","message":"GET URL REQ => http://localhost:6201/api/v1/validateTokenData","timestamp":"2025-01-02T10:59:25.155Z"}
{"level":"info","message":"Router-----store Register Form Data","timestamp":"2025-01-02T10:59:25.377Z"}
{"level":"info","message":"GET URL REQ => http://localhost:6201/api/v1/validateTokenData","timestamp":"2025-01-02T10:59:25.378Z"}
{"level":"info","message":"GET URL REQ => http://localhost:6201/api/v1/staff/dashBoard","timestamp":"2025-01-02T10:59:25.792Z"}
{"level":"info","message":"Router-----store Register Form Data","timestamp":"2025-01-02T10:59:26.923Z"}
{"level":"info","message":"GET URL REQ => http://localhost:6201/api/v1/validateTokenData","timestamp":"2025-01-02T10:59:26.925Z"}
{"level":"info","message":"GET URL REQ => http://localhost:6201/api/v1/attendance/overView","timestamp":"2025-01-02T10:59:26.930Z"}
{"level":"info","message":"Router-----store Register Form Data","timestamp":"2025-01-02T10:59:27.007Z"}
{"level":"info","message":"GET URL REQ => http://localhost:6201/api/v1/validateTokenData","timestamp":"2025-01-02T10:59:27.008Z"}
{"level":"info","message":"GET URL REQ => http://localhost:6201/api/v1/attendance/overView","timestamp":"2025-01-02T10:59:27.229Z"}
{"level":"info","message":"GET URL REQ => http://localhost:6201/api/v1/attendance/session","timestamp":"2025-01-02T10:59:29.877Z"}
{"level":"info","message":"GET URL REQ => http://localhost:6201/api/v1/attendance/session","timestamp":"2025-01-02T10:59:29.885Z"}
{"level":"info","message":"GET URL REQ => http://localhost:6201/api/v1/attendance/session","timestamp":"2025-01-02T10:59:33.721Z"}
{"level":"info","message":"GET URL REQ => http://localhost:6201/api/v1/attendance/session","timestamp":"2025-01-02T10:59:33.729Z"}
{"level":"info","message":"GET URL REQ => http://localhost:6201/api/v1/attendance/userSearch","timestamp":"2025-01-02T10:59:42.532Z"}
{"level":"info","message":"GET URL REQ => http://localhost:6201/api/v1/attendance/userSearch","timestamp":"2025-01-02T10:59:42.599Z"}
{"level":"info","message":"GET URL REQ => http://localhost:6201/api/v1/attendance/userSearch","timestamp":"2025-01-02T10:59:42.659Z"}
{"level":"info","message":"GET URL REQ => http://localhost:6201/api/v1/attendance/userSearch","timestamp":"2025-01-02T10:59:42.693Z"}
{"level":"info","message":"GET URL REQ => http://localhost:6201/api/v1/attendance/userSearch","timestamp":"2025-01-02T10:59:42.769Z"}
{"level":"info","message":"GET URL REQ => http://localhost:6201/api/v1/attendance/user","timestamp":"2025-01-02T10:59:44.056Z"}
{"level":"info","message":"GET URL REQ => http://localhost:6201/api/v1/attendance/user","timestamp":"2025-01-02T10:59:44.223Z"}
{"level":"info","message":"GET URL REQ => http://localhost:6201/api/v1/attendance/user","timestamp":"2025-01-02T10:59:46.926Z"}
{"level":"info","message":"GET URL REQ => http://localhost:6201/api/v1/attendance/user","timestamp":"2025-01-02T10:59:46.932Z"}
{"level":"info","message":"GET URL REQ => http://localhost:6201/api/v1/attendance/session","timestamp":"2025-01-02T10:59:49.853Z"}
{"level":"info","message":"GET URL REQ => http://localhost:6201/api/v1/attendance/session","timestamp":"2025-01-02T10:59:49.859Z"}
{"level":"info","message":"GET URL REQ => http://localhost:6201/api/v1/attendance/reportOptions","timestamp":"2025-01-02T11:00:06.456Z"}
{"level":"info","message":"GET URL REQ => http://localhost:6201/api/v1/attendance/reportOptions","timestamp":"2025-01-02T11:00:14.104Z"}
{"level":"info","message":"GET URL REQ => http://localhost:6201/api/v1/attendance/report","timestamp":"2025-01-02T11:00:24.887Z"}
{"level":"info","message":"GET URL REQ => http://localhost:6201/api/v1/attendance/reportOptions","timestamp":"2025-01-02T11:00:57.409Z"}
{"level":"info","message":"GET URL REQ => http://localhost:6201/api/v1/attendance/reportOptions","timestamp":"2025-01-02T11:01:00.540Z"}
{"level":"info","message":"GET URL REQ => http://localhost:6201/api/v1/attendance/report","timestamp":"2025-01-02T11:01:04.349Z"}
{"level":"info","message":"GET URL REQ => http://localhost:6201/api/v1/attendance/reportOptions","timestamp":"2025-01-02T11:01:16.234Z"}
{"level":"info","message":"GET URL REQ => http://localhost:6201/api/v1/attendance/report","timestamp":"2025-01-02T11:01:19.991Z"}
{"level":"info","message":"GET URL REQ => http://localhost:6201/api/v1/attendance/reportOptions","timestamp":"2025-01-02T11:01:40.173Z"}
{"level":"info","message":"GET URL REQ => http://localhost:6201/api/v1/attendance/report","timestamp":"2025-01-02T11:01:44.006Z"}
{"level":"info","message":"GET URL REQ => http://localhost:6201/api/v1/attendance/report","timestamp":"2025-01-02T11:03:16.450Z"}
{"level":"info","message":"GET URL REQ => http://localhost:6201/api/v1/attendance/reportOptions","timestamp":"2025-01-02T11:03:41.080Z"}
{"level":"info","message":"GET URL REQ => http://localhost:6201/api/v1/attendance/reportOptions","timestamp":"2025-01-02T11:03:42.392Z"}
{"level":"info","message":"GET URL REQ => http://localhost:6201/api/v1/attendance/reportOptions","timestamp":"2025-01-02T11:03:46.921Z"}
{"level":"info","message":"GET URL REQ => http://localhost:6201/api/v1/attendance/report","timestamp":"2025-01-02T11:03:50.959Z"}
{"level":"info","message":"GET URL REQ => http://localhost:6201/api/v1/attendance/reportOptions","timestamp":"2025-01-02T11:05:23.627Z"}
{"level":"info","message":"GET URL REQ => http://localhost:6201/api/v1/attendance/report","timestamp":"2025-01-02T11:05:26.287Z"}
{"level":"info","message":"GET URL REQ => http://localhost:6201/api/v1/attendance/reportOptions","timestamp":"2025-01-02T11:07:56.446Z"}
{"level":"info","message":"GET URL REQ => http://localhost:6201/api/v1/attendance/reportOptions","timestamp":"2025-01-02T11:07:59.975Z"}
{"level":"info","message":"GET URL REQ => http://localhost:6201/api/v1/attendance/reportOptions","timestamp":"2025-01-02T11:08:03.973Z"}
{"level":"info","message":"GET URL REQ => http://localhost:6201/api/v1/attendance/reportOptions","timestamp":"2025-01-02T11:08:05.960Z"}
{"level":"info","message":"GET URL REQ => http://localhost:6201/api/v1/attendance/reportOptions","timestamp":"2025-01-02T11:08:12.940Z"}
{"level":"info","message":"GET URL REQ => http://localhost:6201/api/v1/attendance/reportOptions","timestamp":"2025-01-02T11:08:17.974Z"}
{"level":"info","message":"GET URL REQ => http://localhost:6201/api/v1/attendance/reportOptions","timestamp":"2025-01-02T11:08:19.951Z"}
{"level":"info","message":"GET URL REQ => http://localhost:6201/api/v1/attendance/reportOptions","timestamp":"2025-01-02T11:08:20.879Z"}
{"level":"info","message":"GET URL REQ => http://localhost:6201/api/v1/attendance/reportOptions","timestamp":"2025-01-02T11:08:24.977Z"}
{"level":"info","message":"GET URL REQ => http://localhost:6201/api/v1/attendance/reportOptions","timestamp":"2025-01-02T11:08:31.116Z"}
{"level":"info","message":"GET URL REQ => http://localhost:6201/api/v1/attendance/reportOptions","timestamp":"2025-01-02T11:08:40.284Z"}
{"level":"info","message":"GET URL REQ => http://localhost:6201/api/v1/attendance/reportOptions","timestamp":"2025-01-02T11:08:44.464Z"}
{"level":"info","message":"Router-----store Register Form Data","timestamp":"2025-01-02T11:08:57.831Z"}
{"level":"info","message":"GET URL REQ => http://localhost:6201/api/v1/validateTokenData","timestamp":"2025-01-02T11:08:57.833Z"}
{"level":"info","message":"GET URL REQ => http://localhost:6201/api/v1/attendance/overView","timestamp":"2025-01-02T11:08:57.845Z"}
{"level":"info","message":"Router-----store Register Form Data","timestamp":"2025-01-02T11:08:58.072Z"}
{"level":"info","message":"GET URL REQ => http://localhost:6201/api/v1/validateTokenData","timestamp":"2025-01-02T11:08:58.074Z"}
{"level":"info","message":"GET URL REQ => http://localhost:6201/api/v1/attendance/overView","timestamp":"2025-01-02T11:08:58.383Z"}
{"level":"info","message":"GET URL REQ => http://localhost:6201/api/v1/attendance/session","timestamp":"2025-01-02T11:08:59.136Z"}
{"level":"info","message":"GET URL REQ => http://localhost:6201/api/v1/attendance/session","timestamp":"2025-01-02T11:08:59.144Z"}
{"level":"info","message":"GET URL REQ => http://localhost:6201/api/v1/attendance/reportOptions","timestamp":"2025-01-02T11:09:06.658Z"}
{"level":"info","message":"GET URL REQ => http://localhost:6201/api/v1/attendance/reportOptions","timestamp":"2025-01-02T11:09:14.272Z"}
{"level":"info","message":"GET URL REQ => http://localhost:6201/api/v1/attendance/report","timestamp":"2025-01-02T11:09:17.548Z"}
{"level":"info","message":"GET URL REQ => http://localhost:6201/api/v1/attendance/reportOptions","timestamp":"2025-01-02T11:10:42.353Z"}
{"level":"info","message":"GET URL REQ => http://localhost:6201/api/v1/attendance/reportOptions","timestamp":"2025-01-02T11:10:56.025Z"}
{"level":"info","message":"GET URL REQ => http://localhost:6201/api/v1/attendance/reportOptions","timestamp":"2025-01-02T11:11:16.266Z"}
{"level":"info","message":"GET URL REQ => http://localhost:6201/api/v1/attendance/reportOptions","timestamp":"2025-01-02T11:11:34.003Z"}
{"level":"info","message":"GET URL REQ => http://localhost:6201/api/v1/attendance/reportOptions","timestamp":"2025-01-02T11:11:37.372Z"}
{"level":"info","message":"GET URL REQ => http://localhost:6201/api/v1/attendance/reportOptions","timestamp":"2025-01-02T11:11:55.707Z"}
{"level":"info","message":"GET URL REQ => http://localhost:6201/api/v1/attendance/reportOptions","timestamp":"2025-01-02T11:12:12.838Z"}
{"level":"info","message":"GET URL REQ => http://localhost:6201/api/v1/attendance/reportOptions","timestamp":"2025-01-02T11:12:23.273Z"}
{"level":"info","message":"GET URL REQ => http://localhost:6201/api/v1/attendance/reportOptions","timestamp":"2025-01-02T11:12:27.967Z"}
{"level":"info","message":"GET URL REQ => http://localhost:6201/api/v1/attendance/reportOptions","timestamp":"2025-01-02T11:12:30.000Z"}
{"level":"info","message":"GET URL REQ => http://localhost:6201/api/v1/attendance/reportOptions","timestamp":"2025-01-02T11:12:31.802Z"}
{"level":"info","message":"GET URL REQ => http://localhost:6201/api/v1/attendance/reportOptions","timestamp":"2025-01-02T11:12:34.985Z"}
{"level":"info","message":"GET URL REQ => http://localhost:6201/api/v1/attendance/reportOptions","timestamp":"2025-01-02T11:12:39.010Z"}
{"level":"info","message":"GET URL REQ => http://localhost:6201/api/v1/attendance/reportOptions","timestamp":"2025-01-02T11:12:43.963Z"}
{"level":"info","message":"GET URL REQ => http://localhost:6201/api/v1/attendance/reportOptions","timestamp":"2025-01-02T11:12:46.946Z"}
{"level":"info","message":"GET URL REQ => http://localhost:6201/api/v1/attendance/reportOptions","timestamp":"2025-01-02T11:12:48.307Z"}
{"level":"info","message":"GET URL REQ => http://localhost:6201/api/v1/attendance/reportOptions","timestamp":"2025-01-02T11:12:54.964Z"}
{"level":"info","message":"GET URL REQ => http://localhost:6201/api/v1/attendance/reportOptions","timestamp":"2025-01-02T11:12:57.940Z"}
{"level":"info","message":"GET URL REQ => http://localhost:6201/api/v1/attendance/reportOptions","timestamp":"2025-01-02T11:12:58.706Z"}
{"level":"info","message":"GET URL REQ => http://localhost:6201/api/v1/attendance/reportOptions","timestamp":"2025-01-02T11:13:33.314Z"}
{"level":"info","message":"GET URL REQ => http://localhost:6201/api/v1/attendance/reportOptions","timestamp":"2025-01-02T11:13:34.940Z"}
{"level":"info","message":"GET URL REQ => http://localhost:6201/api/v1/attendance/reportOptions","timestamp":"2025-01-02T11:13:35.960Z"}
{"level":"info","message":"GET URL REQ => http://localhost:6201/api/v1/attendance/reportOptions","timestamp":"2025-01-02T11:13:45.647Z"}
{"level":"info","message":"GET URL REQ => http://localhost:6201/api/v1/attendance/reportOptions","timestamp":"2025-01-02T11:13:51.231Z"}
{"level":"info","message":"GET URL REQ => http://localhost:6201/api/v1/attendance/reportOptions","timestamp":"2025-01-02T11:13:51.807Z"}
{"level":"info","message":"GET URL REQ => http://localhost:6201/api/v1/attendance/reportOptions","timestamp":"2025-01-02T11:14:00.250Z"}
{"level":"info","message":"GET URL REQ => http://localhost:6201/api/v1/attendance/reportOptions","timestamp":"2025-01-02T11:14:26.293Z"}
{"level":"info","message":"GET URL REQ => http://localhost:6201/api/v1/attendance/reportOptions","timestamp":"2025-01-02T11:14:48.965Z"}
{"level":"info","message":"GET URL REQ => http://localhost:6201/api/v1/attendance/reportOptions","timestamp":"2025-01-02T11:14:56.236Z"}
{"level":"info","message":"GET URL REQ => http://localhost:6201/api/v1/attendance/reportOptions","timestamp":"2025-01-02T11:15:01.962Z"}
{"level":"info","message":"GET URL REQ => http://localhost:6201/api/v1/attendance/reportOptions","timestamp":"2025-01-02T11:15:05.986Z"}
{"level":"info","message":"GET URL REQ => http://localhost:6201/api/v1/attendance/reportOptions","timestamp":"2025-01-02T11:15:07.970Z"}
{"level":"info","message":"GET URL REQ => http://localhost:6201/api/v1/attendance/reportOptions","timestamp":"2025-01-02T11:15:16.253Z"}
{"level":"info","message":"GET URL REQ => http://localhost:6201/api/v1/attendance/reportOptions","timestamp":"2025-01-02T11:15:18.507Z"}
{"level":"info","message":"GET URL REQ => http://localhost:6201/api/v1/attendance/reportOptions","timestamp":"2025-01-02T11:15:23.959Z"}
{"level":"info","message":"GET URL REQ => http://localhost:6201/api/v1/attendance/reportOptions","timestamp":"2025-01-02T11:15:25.865Z"}
{"level":"info","message":"GET URL REQ => http://localhost:6201/api/v1/attendance/reportOptions","timestamp":"2025-01-02T11:15:32.273Z"}
{"level":"info","message":"GET URL REQ => http://localhost:6201/api/v1/attendance/reportOptions","timestamp":"2025-01-02T11:15:35.979Z"}
{"level":"info","message":"GET URL REQ => http://localhost:6201/api/v1/attendance/reportOptions","timestamp":"2025-01-02T11:15:38.361Z"}
{"level":"info","message":"GET URL REQ => http://localhost:6201/api/v1/attendance/reportOptions","timestamp":"2025-01-02T11:15:48.937Z"}
{"level":"info","message":"GET URL REQ => http://localhost:6201/api/v1/attendance/reportOptions","timestamp":"2025-01-02T11:15:49.970Z"}
{"level":"info","message":"GET URL REQ => http://localhost:6201/api/v1/attendance/reportOptions","timestamp":"2025-01-02T11:15:52.491Z"}
{"level":"info","message":"GET URL REQ => http://localhost:6201/api/v1/attendance/reportOptions","timestamp":"2025-01-02T11:16:02.254Z"}
{"level":"info","message":"GET URL REQ => http://localhost:6201/api/v1/attendance/reportOptions","timestamp":"2025-01-02T11:16:03.949Z"}
{"level":"info","message":"GET URL REQ => http://localhost:6201/api/v1/attendance/reportOptions","timestamp":"2025-01-02T11:16:05.939Z"}
{"level":"info","message":"GET URL REQ => http://localhost:6201/api/v1/attendance/reportOptions","timestamp":"2025-01-02T11:16:08.527Z"}
{"level":"info","message":"GET URL REQ => http://localhost:6201/api/v1/attendance/reportOptions","timestamp":"2025-01-02T11:16:16.982Z"}
{"level":"info","message":"GET URL REQ => http://localhost:6201/api/v1/attendance/reportOptions","timestamp":"2025-01-02T11:16:20.944Z"}
{"level":"info","message":"GET URL REQ => http://localhost:6201/api/v1/attendance/reportOptions","timestamp":"2025-01-02T11:16:21.913Z"}
{"level":"info","message":"GET URL REQ => http://localhost:6201/api/v1/attendance/reportOptions","timestamp":"2025-01-02T11:16:35.262Z"}
{"level":"info","message":"GET URL REQ => http://localhost:6201/api/v1/attendance/reportOptions","timestamp":"2025-01-02T11:16:37.958Z"}
{"level":"info","message":"GET URL REQ => http://localhost:6201/api/v1/attendance/reportOptions","timestamp":"2025-01-02T11:16:41.988Z"}
{"level":"info","message":"GET URL REQ => http://localhost:6201/api/v1/attendance/reportOptions","timestamp":"2025-01-02T11:16:44.021Z"}
{"level":"info","message":"GET URL REQ => http://localhost:6201/api/v1/attendance/reportOptions","timestamp":"2025-01-02T11:16:45.390Z"}
{"level":"info","message":"GET URL REQ => http://localhost:6201/api/v1/attendance/reportOptions","timestamp":"2025-01-02T11:16:55.000Z"}
{"level":"info","message":"GET URL REQ => http://localhost:6201/api/v1/attendance/reportOptions","timestamp":"2025-01-02T11:16:56.048Z"}
{"level":"info","message":"GET URL REQ => http://localhost:6201/api/v1/attendance/reportOptions","timestamp":"2025-01-02T11:16:59.956Z"}
{"level":"info","message":"GET URL REQ => http://localhost:6201/api/v1/attendance/reportOptions","timestamp":"2025-01-02T11:17:02.221Z"}
{"level":"info","message":"GET URL REQ => http://localhost:6201/api/v1/attendance/reportOptions","timestamp":"2025-01-02T11:17:06.965Z"}
{"level":"info","message":"GET URL REQ => http://localhost:6201/api/v1/attendance/reportOptions","timestamp":"2025-01-02T11:17:08.942Z"}
{"level":"info","message":"GET URL REQ => http://localhost:6201/api/v1/attendance/reportOptions","timestamp":"2025-01-02T11:17:13.953Z"}
{"level":"info","message":"GET URL REQ => http://localhost:6201/api/v1/attendance/reportOptions","timestamp":"2025-01-02T11:17:16.900Z"}
{"level":"info","message":"GET URL REQ => http://localhost:6201/api/v1/attendance/reportOptions","timestamp":"2025-01-02T11:17:29.297Z"}
{"level":"info","message":"GET URL REQ => http://localhost:6201/api/v1/attendance/reportOptions","timestamp":"2025-01-02T11:17:32.943Z"}
{"level":"info","message":"GET URL REQ => http://localhost:6201/api/v1/attendance/reportOptions","timestamp":"2025-01-02T11:17:33.961Z"}
{"level":"info","message":"GET URL REQ => http://localhost:6201/api/v1/attendance/reportOptions","timestamp":"2025-01-02T11:17:38.933Z"}
{"level":"info","message":"GET URL REQ => http://localhost:6201/api/v1/attendance/reportOptions","timestamp":"2025-01-02T11:17:53.965Z"}
{"level":"info","message":"GET URL REQ => http://localhost:6201/api/v1/attendance/reportOptions","timestamp":"2025-01-02T11:17:55.013Z"}
{"level":"info","message":"Router-----store Register Form Data","timestamp":"2025-01-02T11:18:09.850Z"}
{"level":"info","message":"GET URL REQ => http://localhost:6201/api/v1/validateTokenData","timestamp":"2025-01-02T11:18:09.852Z"}
{"level":"info","message":"GET URL REQ => http://localhost:6201/api/v1/attendance/overView","timestamp":"2025-01-02T11:18:09.861Z"}
{"level":"info","message":"Router-----store Register Form Data","timestamp":"2025-01-02T11:18:10.177Z"}
{"level":"info","message":"GET URL REQ => http://localhost:6201/api/v1/validateTokenData","timestamp":"2025-01-02T11:18:10.179Z"}
{"level":"info","message":"GET URL REQ => http://localhost:6201/api/v1/attendance/overView","timestamp":"2025-01-02T11:18:10.370Z"}
{"level":"info","message":"GET URL REQ => http://localhost:6201/api/v1/attendance/session","timestamp":"2025-01-02T11:18:11.405Z"}
{"level":"info","message":"GET URL REQ => http://localhost:6201/api/v1/attendance/session","timestamp":"2025-01-02T11:18:11.418Z"}
{"level":"info","message":"Router-----store Register Form Data","timestamp":"2025-01-02T11:18:38.373Z"}
{"level":"info","message":"GET URL REQ => http://localhost:6201/api/v1/validateTokenData","timestamp":"2025-01-02T11:18:38.375Z"}
{"level":"info","message":"GET URL REQ => http://localhost:6201/api/v1/attendance/overView","timestamp":"2025-01-02T11:18:38.665Z"}
{"level":"info","message":"Router-----store Register Form Data","timestamp":"2025-01-02T11:18:38.683Z"}
{"level":"info","message":"GET URL REQ => http://localhost:6201/api/v1/validateTokenData","timestamp":"2025-01-02T11:18:38.684Z"}
{"level":"info","message":"GET URL REQ => http://localhost:6201/api/v1/attendance/overView","timestamp":"2025-01-02T11:18:39.055Z"}
{"level":"info","message":"GET URL REQ => http://localhost:6201/api/v1/attendance/session","timestamp":"2025-01-02T11:18:39.565Z"}
{"level":"info","message":"GET URL REQ => http://localhost:6201/api/v1/attendance/session","timestamp":"2025-01-02T11:18:39.575Z"}
{"level":"info","message":"GET URL REQ => http://localhost:6201/api/v1/attendance/reportOptions","timestamp":"2025-01-02T11:19:36.967Z"}
{"level":"info","message":"GET URL REQ => http://localhost:6201/api/v1/attendance/reportOptions","timestamp":"2025-01-02T11:19:41.835Z"}
{"level":"info","message":"GET URL REQ => http://localhost:6201/api/v1/attendance/reportOptions","timestamp":"2025-01-02T11:19:59.376Z"}
{"level":"info","message":"GET URL REQ => http://localhost:6201/api/v1/attendance/reportOptions","timestamp":"2025-01-02T11:20:00.345Z"}
{"level":"info","message":"GET URL REQ => http://localhost:6201/api/v1/attendance/reportOptions","timestamp":"2025-01-02T11:21:55.261Z"}
{"level":"info","message":"GET URL REQ => http://localhost:6201/api/v1/attendance/report","timestamp":"2025-01-02T11:22:03.512Z"}
{"level":"info","message":"GET URL REQ => http://localhost:6201/api/v1/attendance/reportOptions","timestamp":"2025-01-02T11:28:40.272Z"}
{"level":"info","message":"GET URL REQ => http://localhost:6201/api/v1/attendance/reportOptions","timestamp":"2025-01-02T11:28:54.983Z"}
{"level":"info","message":"GET URL REQ => http://localhost:6201/api/v1/attendance/reportOptions","timestamp":"2025-01-02T11:29:12.289Z"}
{"level":"info","message":"GET URL REQ => http://localhost:6201/api/v1/attendance/reportOptions","timestamp":"2025-01-02T11:29:23.978Z"}
{"level":"info","message":"GET URL REQ => http://localhost:6201/api/v1/attendance/reportOptions","timestamp":"2025-01-02T11:29:28.970Z"}
{"level":"info","message":"GET URL REQ => http://localhost:6201/api/v1/attendance/reportOptions","timestamp":"2025-01-02T11:29:55.314Z"}
{"level":"info","message":"GET URL REQ => http://localhost:6201/api/v1/attendance/reportOptions","timestamp":"2025-01-02T11:30:05.990Z"}
{"level":"info","message":"GET URL REQ => http://localhost:6201/api/v1/attendance/reportOptions","timestamp":"2025-01-02T11:30:12.911Z"}
{"level":"info","message":"GET URL REQ => http://localhost:6201/api/v1/attendance/reportOptions","timestamp":"2025-01-02T11:30:25.991Z"}
{"level":"info","message":"GET URL REQ => http://localhost:6201/api/v1/attendance/reportOptions","timestamp":"2025-01-02T11:30:27.972Z"}
{"level":"info","message":"GET URL REQ => http://localhost:6201/api/v1/attendance/reportOptions","timestamp":"2025-01-02T11:30:31.846Z"}
{"level":"info","message":"GET URL REQ => http://localhost:6201/api/v1/attendance/reportOptions","timestamp":"2025-01-02T11:30:43.336Z"}
{"level":"info","message":"GET URL REQ => http://localhost:6201/api/v1/attendance/reportOptions","timestamp":"2025-01-02T11:30:45.954Z"}
{"level":"info","message":"GET URL REQ => http://localhost:6201/api/v1/attendance/reportOptions","timestamp":"2025-01-02T11:30:47.965Z"}
{"level":"info","message":"GET URL REQ => http://localhost:6201/api/v1/attendance/reportOptions","timestamp":"2025-01-02T11:30:52.001Z"}
{"level":"info","message":"GET URL REQ => http://localhost:6201/api/v1/attendance/reportOptions","timestamp":"2025-01-02T11:30:54.001Z"}
{"level":"info","message":"GET URL REQ => http://localhost:6201/api/v1/attendance/reportOptions","timestamp":"2025-01-02T11:30:54.972Z"}
{"level":"info","message":"GET URL REQ => http://localhost:6201/api/v1/attendance/reportOptions","timestamp":"2025-01-02T11:30:57.984Z"}
{"level":"info","message":"GET URL REQ => http://localhost:6201/api/v1/attendance/reportOptions","timestamp":"2025-01-02T11:30:58.971Z"}
{"level":"info","message":"GET URL REQ => http://localhost:6201/api/v1/attendance/reportOptions","timestamp":"2025-01-02T11:31:06.988Z"}
{"level":"info","message":"GET URL REQ => http://localhost:6201/api/v1/attendance/reportOptions","timestamp":"2025-01-02T11:31:09.847Z"}
{"level":"info","message":"GET URL REQ => http://localhost:6201/api/v1/attendance/reportOptions","timestamp":"2025-01-02T11:31:16.244Z"}
{"level":"info","message":"GET URL REQ => http://localhost:6201/api/v1/attendance/reportOptions","timestamp":"2025-01-02T11:31:21.004Z"}
{"level":"info","message":"GET URL REQ => http://localhost:6201/api/v1/attendance/reportOptions","timestamp":"2025-01-02T11:31:26.377Z"}
{"level":"info","message":"GET URL REQ => http://localhost:6201/api/v1/attendance/reportOptions","timestamp":"2025-01-02T11:31:38.276Z"}
{"level":"info","message":"GET URL REQ => http://localhost:6201/api/v1/attendance/reportOptions","timestamp":"2025-01-02T11:31:38.959Z"}
{"level":"info","message":"GET URL REQ => http://localhost:6201/api/v1/attendance/reportOptions","timestamp":"2025-01-02T11:31:41.013Z"}
{"level":"info","message":"GET URL REQ => http://localhost:6201/api/v1/attendance/reportOptions","timestamp":"2025-01-02T11:31:45.487Z"}
{"level":"info","message":"GET URL REQ => http://localhost:6201/api/v1/attendance/reportOptions","timestamp":"2025-01-02T11:31:50.793Z"}
{"level":"info","message":"Router-----store Register Form Data","timestamp":"2025-01-02T11:32:28.481Z"}
{"level":"info","message":"GET URL REQ => http://localhost:6201/api/v1/validateTokenData","timestamp":"2025-01-02T11:32:28.482Z"}
{"level":"info","message":"Router-----store Register Form Data","timestamp":"2025-01-02T11:32:28.712Z"}
{"level":"info","message":"GET URL REQ => http://localhost:6201/api/v1/validateTokenData","timestamp":"2025-01-02T11:32:28.713Z"}
{"level":"info","message":"GET URL REQ => http://localhost:6201/api/v1/therapist/approvalData","timestamp":"2025-01-02T11:32:28.765Z"}
{"level":"info","message":"GET URL REQ => http://localhost:6201/api/v1/therapist/approvalData","timestamp":"2025-01-02T11:32:28.851Z"}
{"level":"info","message":"Router-----store Register Form Data","timestamp":"2025-01-02T11:32:29.992Z"}
{"level":"info","message":"GET URL REQ => http://localhost:6201/api/v1/validateTokenData","timestamp":"2025-01-02T11:32:29.993Z"}
{"level":"info","message":"Router-----store Register Form Data","timestamp":"2025-01-02T11:32:30.044Z"}
{"level":"info","message":"GET URL REQ => http://localhost:6201/api/v1/validateTokenData","timestamp":"2025-01-02T11:32:30.045Z"}
{"level":"info","message":"GET URL REQ => http://localhost:6201/api/v1/staff/userManagementPage","timestamp":"2025-01-02T11:32:30.091Z"}
{"level":"info","message":"GET URL REQ => http://localhost:6201/api/v1/staff/userManagementPage","timestamp":"2025-01-02T11:32:30.188Z"}
{"level":"info","message":"GET URL REQ => http://localhost:6201/api/v1/director/userData","timestamp":"2025-01-02T11:32:33.170Z"}
{"level":"info","message":"GET URL REQ => http://localhost:6201/api/v1/profile/passRegisterData","timestamp":"2025-01-02T11:32:33.176Z"}
{"level":"info","message":"GET URL REQ => http://localhost:6201/api/v1/director/userData","timestamp":"2025-01-02T11:32:34.555Z"}
{"level":"info","message":"GET URL REQ => http://localhost:6201/api/v1/profile/passRegisterData","timestamp":"2025-01-02T11:32:34.561Z"}
{"level":"info","message":"GET URL REQ line 1133=> http://localhost:6201/api/v1/user/profileData","timestamp":"2025-01-02T11:32:34.815Z"}
{"level":"info","message":"GET URL REQ line 1133=> http://localhost:6201/api/v1/user/profileData","timestamp":"2025-01-02T11:32:34.820Z"}
{"level":"info","message":"GET URL REQ => http://localhost:6201/api/v1/users/login","timestamp":"2025-01-02T11:33:22.961Z"}
{"level":"info","message":"GET URL REQ => http://localhost:6201/api/v1/staff/dashBoard","timestamp":"2025-01-02T11:33:24.879Z"}
{"level":"info","message":"GET URL REQ => http://localhost:6201/api/v1/staff/dashBoard","timestamp":"2025-01-02T11:33:24.885Z"}
{"level":"info","message":"Router-----store Register Form Data","timestamp":"2025-01-02T11:33:24.894Z"}
{"level":"info","message":"GET URL REQ => http://localhost:6201/api/v1/validateTokenData","timestamp":"2025-01-02T11:33:24.895Z"}
{"level":"info","message":"Router-----store Register Form Data","timestamp":"2025-01-02T11:33:24.903Z"}
{"level":"info","message":"GET URL REQ => http://localhost:6201/api/v1/validateTokenData","timestamp":"2025-01-02T11:33:24.904Z"}
{"level":"info","message":"Router-----store Register Form Data","timestamp":"2025-01-02T11:33:34.402Z"}
{"level":"info","message":"GET URL REQ => http://localhost:6201/api/v1/validateTokenData","timestamp":"2025-01-02T11:33:34.404Z"}
{"level":"info","message":"Router-----store Register Form Data","timestamp":"2025-01-02T11:33:34.417Z"}
{"level":"info","message":"GET URL REQ => http://localhost:6201/api/v1/validateTokenData","timestamp":"2025-01-02T11:33:34.418Z"}
{"level":"info","message":"GET URL REQ => http://localhost:6201/api/v1/attendance/overView","timestamp":"2025-01-02T11:33:34.426Z"}
{"level":"info","message":"GET URL REQ => http://localhost:6201/api/v1/attendance/overView","timestamp":"2025-01-02T11:33:34.436Z"}
{"level":"info","message":"Router-----store Register Form Data","timestamp":"2025-01-02T11:33:35.565Z"}
{"level":"info","message":"GET URL REQ => http://localhost:6201/api/v1/validateTokenData","timestamp":"2025-01-02T11:33:35.566Z"}
{"level":"info","message":"Router-----store Register Form Data","timestamp":"2025-01-02T11:33:35.573Z"}
{"level":"info","message":"GET URL REQ => http://localhost:6201/api/v1/validateTokenData","timestamp":"2025-01-02T11:33:35.574Z"}
{"level":"info","message":"GET URL REQ => http://localhost:6201/api/v1/therapist/approvalData","timestamp":"2025-01-02T11:33:35.764Z"}
{"level":"info","message":"GET URL REQ => http://localhost:6201/api/v1/therapist/approvalData","timestamp":"2025-01-02T11:33:35.780Z"}
{"level":"info","message":"Router-----store Register Form Data","timestamp":"2025-01-02T11:33:39.204Z"}
{"level":"info","message":"GET URL REQ => http://localhost:6201/api/v1/validateTokenData","timestamp":"2025-01-02T11:33:39.206Z"}
{"level":"info","message":"Router-----store Register Form Data","timestamp":"2025-01-02T11:33:39.212Z"}
{"level":"info","message":"GET URL REQ => http://localhost:6201/api/v1/validateTokenData","timestamp":"2025-01-02T11:33:39.213Z"}
{"level":"info","message":"GET URL REQ => http://localhost:6201/api/v1/staff/userManagementPage","timestamp":"2025-01-02T11:33:39.426Z"}
{"level":"info","message":"GET URL REQ => http://localhost:6201/api/v1/staff/userManagementPage","timestamp":"2025-01-02T11:33:39.436Z"}
{"level":"info","message":"GET URL REQ => http://localhost:6201/api/v1/director/userData","timestamp":"2025-01-02T11:33:41.398Z"}
{"level":"info","message":"GET URL REQ => http://localhost:6201/api/v1/profile/passRegisterData","timestamp":"2025-01-02T11:33:41.405Z"}
{"level":"info","message":"GET URL REQ line 1133=> http://localhost:6201/api/v1/user/profileData","timestamp":"2025-01-02T11:33:41.773Z"}
{"level":"info","message":"GET URL REQ line 1133=> http://localhost:6201/api/v1/user/profileData","timestamp":"2025-01-02T11:33:41.779Z"}
{"level":"info","message":"GET URL REQ => http://localhost:6201/api/v1/profile/MemberList","timestamp":"2025-01-02T11:33:50.857Z"}
{"level":"info","message":"GET URL REQ => http://localhost:6201/api/v1/profile/sectionTime","timestamp":"2025-01-02T11:33:55.429Z"}
{"level":"info","message":"GET URL REQ => http://localhost:6201/api/v1/profile/PackageTime","timestamp":"2025-01-02T11:33:57.179Z"}
{"level":"info","message":"\n\n\nGET URL REQ line 514=> http://localhost:6201/api/v1/profile/SessionUpdate\n\n\n","timestamp":"2025-01-02T11:34:01.212Z"}
{"level":"info","message":"GET URL REQ => http://localhost:6201/api/v1/staff/userManagementPage","timestamp":"2025-01-02T11:34:01.349Z"}
{"level":"info","message":"Router-----store Register Form Data","timestamp":"2025-01-02T11:36:05.233Z"}
{"level":"info","message":"GET URL REQ => http://localhost:6201/api/v1/validateTokenData","timestamp":"2025-01-02T11:36:05.234Z"}
{"level":"info","message":"Router-----store Register Form Data","timestamp":"2025-01-02T11:36:05.238Z"}
{"level":"info","message":"GET URL REQ => http://localhost:6201/api/v1/validateTokenData","timestamp":"2025-01-02T11:36:05.239Z"}
{"level":"info","message":"GET URL REQ => http://localhost:6201/api/v1/staff/userManagementPage","timestamp":"2025-01-02T11:36:05.618Z"}
{"level":"info","message":"GET URL REQ => http://localhost:6201/api/v1/staff/userManagementPage","timestamp":"2025-01-02T11:36:05.637Z"}
{"level":"info","message":"GET URL REQ => http://localhost:6201/api/v1/director/userData","timestamp":"2025-01-02T11:36:08.538Z"}
{"level":"info","message":"GET URL REQ => http://localhost:6201/api/v1/profile/passRegisterData","timestamp":"2025-01-02T11:36:08.544Z"}
{"level":"info","message":"GET URL REQ line 1133=> http://localhost:6201/api/v1/user/profileData","timestamp":"2025-01-02T11:36:08.866Z"}
{"level":"info","message":"GET URL REQ line 1133=> http://localhost:6201/api/v1/user/profileData","timestamp":"2025-01-02T11:36:08.876Z"}
{"level":"info","message":"GET URL REQ => http://localhost:6201/api/v1/profile/MemberList","timestamp":"2025-01-02T11:36:18.561Z"}
{"level":"info","message":"GET URL REQ => http://localhost:6201/api/v1/profile/sectionTime","timestamp":"2025-01-02T11:36:22.243Z"}
{"level":"info","message":"GET URL REQ => http://localhost:6201/api/v1/profile/PackageTime","timestamp":"2025-01-02T11:36:23.903Z"}
{"level":"info","message":"\n\n\nGET URL REQ line 514=> http://localhost:6201/api/v1/profile/SessionUpdate\n\n\n","timestamp":"2025-01-02T11:36:34.188Z"}
{"level":"info","message":"GET URL REQ => http://localhost:6201/api/v1/staff/userManagementPage","timestamp":"2025-01-02T11:36:34.525Z"}
{"level":"info","message":"Router-----store Register Form Data","timestamp":"2025-01-02T11:37:54.163Z"}
{"level":"info","message":"GET URL REQ => http://localhost:6201/api/v1/validateTokenData","timestamp":"2025-01-02T11:37:54.165Z"}
{"level":"info","message":"Router-----store Register Form Data","timestamp":"2025-01-02T11:37:54.171Z"}
{"level":"info","message":"GET URL REQ => http://localhost:6201/api/v1/validateTokenData","timestamp":"2025-01-02T11:37:54.171Z"}
{"level":"info","message":"GET URL REQ => http://localhost:6201/api/v1/staff/userManagementPage","timestamp":"2025-01-02T11:37:54.734Z"}
{"level":"info","message":"GET URL REQ => http://localhost:6201/api/v1/staff/userManagementPage","timestamp":"2025-01-02T11:37:54.745Z"}
{"level":"info","message":"GET URL REQ => http://localhost:6201/api/v1/director/userData","timestamp":"2025-01-02T11:37:56.391Z"}
{"level":"info","message":"GET URL REQ => http://localhost:6201/api/v1/profile/passRegisterData","timestamp":"2025-01-02T11:37:56.402Z"}
{"level":"info","message":"GET URL REQ line 1133=> http://localhost:6201/api/v1/user/profileData","timestamp":"2025-01-02T11:37:56.808Z"}
{"level":"info","message":"GET URL REQ line 1133=> http://localhost:6201/api/v1/user/profileData","timestamp":"2025-01-02T11:37:56.815Z"}
{"level":"info","message":"GET URL REQ => http://localhost:6201/api/v1/profile/MemberList","timestamp":"2025-01-02T11:38:04.762Z"}
{"level":"info","message":"GET URL REQ => http://localhost:6201/api/v1/profile/sectionTime","timestamp":"2025-01-02T11:38:08.437Z"}
{"level":"info","message":"GET URL REQ => http://localhost:6201/api/v1/profile/PackageTime","timestamp":"2025-01-02T11:38:11.105Z"}
{"level":"info","message":"\n\n\nGET URL REQ line 514=> http://localhost:6201/api/v1/profile/SessionUpdate\n\n\n","timestamp":"2025-01-02T11:38:14.214Z"}
{"level":"info","message":"GET URL REQ => http://localhost:6201/api/v1/staff/userManagementPage","timestamp":"2025-01-02T11:38:14.367Z"}
{"level":"info","message":"Router-----store Register Form Data","timestamp":"2025-01-02T11:41:00.093Z"}
{"level":"info","message":"GET URL REQ => http://localhost:6201/api/v1/validateTokenData","timestamp":"2025-01-02T11:41:00.095Z"}
{"level":"info","message":"Router-----store Register Form Data","timestamp":"2025-01-02T11:41:00.104Z"}
{"level":"info","message":"GET URL REQ => http://localhost:6201/api/v1/validateTokenData","timestamp":"2025-01-02T11:41:00.105Z"}
{"level":"info","message":"GET URL REQ => http://localhost:6201/api/v1/staff/userManagementPage","timestamp":"2025-01-02T11:41:00.481Z"}
{"level":"info","message":"GET URL REQ => http://localhost:6201/api/v1/staff/userManagementPage","timestamp":"2025-01-02T11:41:00.497Z"}
{"level":"info","message":"GET URL REQ => http://localhost:6201/api/v1/director/userData","timestamp":"2025-01-02T11:41:02.887Z"}
{"level":"info","message":"GET URL REQ => http://localhost:6201/api/v1/profile/passRegisterData","timestamp":"2025-01-02T11:41:02.895Z"}
{"level":"info","message":"GET URL REQ line 1133=> http://localhost:6201/api/v1/user/profileData","timestamp":"2025-01-02T11:41:03.245Z"}
{"level":"info","message":"GET URL REQ line 1133=> http://localhost:6201/api/v1/user/profileData","timestamp":"2025-01-02T11:41:03.251Z"}
{"level":"info","message":"GET URL REQ => http://localhost:6201/api/v1/profile/MemberList","timestamp":"2025-01-02T11:41:07.331Z"}
{"level":"info","message":"GET URL REQ => http://localhost:6201/api/v1/profile/sectionTime","timestamp":"2025-01-02T11:41:12.307Z"}
{"level":"info","message":"GET URL REQ => http://localhost:6201/api/v1/profile/PackageTime","timestamp":"2025-01-02T11:41:14.279Z"}
{"level":"info","message":"\n\n\nGET URL REQ line 514=> http://localhost:6201/api/v1/profile/SessionUpdate\n\n\n","timestamp":"2025-01-02T11:41:20.799Z"}
{"level":"info","message":"GET URL REQ => http://localhost:6201/api/v1/staff/userManagementPage","timestamp":"2025-01-02T11:41:20.943Z"}
{"level":"info","message":"Router-----store Register Form Data","timestamp":"2025-01-02T11:43:31.366Z"}
{"level":"info","message":"GET URL REQ => http://localhost:6201/api/v1/validateTokenData","timestamp":"2025-01-02T11:43:31.368Z"}
{"level":"info","message":"Router-----store Register Form Data","timestamp":"2025-01-02T11:43:31.376Z"}
{"level":"info","message":"GET URL REQ => http://localhost:6201/api/v1/validateTokenData","timestamp":"2025-01-02T11:43:31.377Z"}
{"level":"info","message":"GET URL REQ => http://localhost:6201/api/v1/staff/userManagementPage","timestamp":"2025-01-02T11:43:32.079Z"}
{"level":"info","message":"GET URL REQ => http://localhost:6201/api/v1/staff/userManagementPage","timestamp":"2025-01-02T11:43:32.093Z"}
{"level":"info","message":"GET URL REQ => http://localhost:6201/api/v1/director/userData","timestamp":"2025-01-02T11:43:34.067Z"}
{"level":"info","message":"GET URL REQ => http://localhost:6201/api/v1/profile/passRegisterData","timestamp":"2025-01-02T11:43:34.077Z"}
{"level":"info","message":"GET URL REQ line 1133=> http://localhost:6201/api/v1/user/profileData","timestamp":"2025-01-02T11:43:34.382Z"}
{"level":"info","message":"GET URL REQ line 1133=> http://localhost:6201/api/v1/user/profileData","timestamp":"2025-01-02T11:43:34.390Z"}
{"level":"info","message":"GET URL REQ => http://localhost:6201/api/v1/profile/MemberList","timestamp":"2025-01-02T11:43:38.776Z"}
{"level":"info","message":"GET URL REQ => http://localhost:6201/api/v1/profile/sectionTime","timestamp":"2025-01-02T11:43:41.924Z"}
{"level":"info","message":"GET URL REQ => http://localhost:6201/api/v1/profile/PackageTime","timestamp":"2025-01-02T11:43:43.720Z"}
{"level":"info","message":"GET URL REQ => http://localhost:6201/api/v1/profile/PackageTime","timestamp":"2025-01-02T11:43:46.671Z"}
{"level":"info","message":"\n\n\nGET URL REQ line 514=> http://localhost:6201/api/v1/profile/SessionUpdate\n\n\n","timestamp":"2025-01-02T11:44:18.714Z"}
{"level":"info","message":"GET URL REQ => http://localhost:6201/api/v1/staff/userManagementPage","timestamp":"2025-01-02T11:44:19.056Z"}
{"level":"info","message":"Router-----store Register Form Data","timestamp":"2025-01-02T11:47:56.673Z"}
{"level":"info","message":"GET URL REQ => http://localhost:6201/api/v1/validateTokenData","timestamp":"2025-01-02T11:47:56.674Z"}
{"level":"info","message":"Router-----store Register Form Data","timestamp":"2025-01-02T11:47:56.682Z"}
{"level":"info","message":"GET URL REQ => http://localhost:6201/api/v1/validateTokenData","timestamp":"2025-01-02T11:47:56.683Z"}
{"level":"info","message":"GET URL REQ => http://localhost:6201/api/v1/staff/userManagementPage","timestamp":"2025-01-02T11:47:57.019Z"}
{"level":"info","message":"GET URL REQ => http://localhost:6201/api/v1/staff/userManagementPage","timestamp":"2025-01-02T11:47:57.032Z"}
{"level":"info","message":"GET URL REQ => http://localhost:6201/api/v1/director/userData","timestamp":"2025-01-02T11:48:00.908Z"}
{"level":"info","message":"GET URL REQ => http://localhost:6201/api/v1/profile/passRegisterData","timestamp":"2025-01-02T11:48:00.920Z"}
{"level":"info","message":"GET URL REQ line 1133=> http://localhost:6201/api/v1/user/profileData","timestamp":"2025-01-02T11:48:01.232Z"}
{"level":"info","message":"GET URL REQ line 1133=> http://localhost:6201/api/v1/user/profileData","timestamp":"2025-01-02T11:48:01.242Z"}
{"level":"info","message":"Router-----store Register Form Data","timestamp":"2025-01-02T11:51:25.124Z"}
{"level":"info","message":"GET URL REQ => http://localhost:6201/api/v1/validateTokenData","timestamp":"2025-01-02T11:51:25.125Z"}
{"level":"info","message":"Router-----store Register Form Data","timestamp":"2025-01-02T11:51:25.128Z"}
{"level":"info","message":"GET URL REQ => http://localhost:6201/api/v1/validateTokenData","timestamp":"2025-01-02T11:51:25.129Z"}
{"level":"info","message":"GET URL REQ => http://localhost:6201/api/v1/staff/userManagementPage","timestamp":"2025-01-02T11:51:25.429Z"}
{"level":"info","message":"GET URL REQ => http://localhost:6201/api/v1/staff/userManagementPage","timestamp":"2025-01-02T11:51:25.442Z"}
{"level":"info","message":"GET URL REQ => http://localhost:6201/api/v1/director/userData","timestamp":"2025-01-02T11:51:26.935Z"}
{"level":"info","message":"GET URL REQ => http://localhost:6201/api/v1/profile/passRegisterData","timestamp":"2025-01-02T11:51:26.942Z"}
{"level":"info","message":"GET URL REQ line 1133=> http://localhost:6201/api/v1/user/profileData","timestamp":"2025-01-02T11:51:27.241Z"}
{"level":"info","message":"GET URL REQ line 1133=> http://localhost:6201/api/v1/user/profileData","timestamp":"2025-01-02T11:51:27.244Z"}
{"level":"info","message":"GET URL REQ => http://localhost:6201/api/v1/profile/MemberList","timestamp":"2025-01-02T11:51:32.127Z"}
{"level":"info","message":"GET URL REQ => http://localhost:6201/api/v1/profile/sectionTime","timestamp":"2025-01-02T11:51:36.956Z"}
{"level":"info","message":"GET URL REQ => http://localhost:6201/api/v1/profile/PackageTime","timestamp":"2025-01-02T11:51:39.672Z"}
{"level":"info","message":"\n\n\nGET URL REQ line 514=> http://localhost:6201/api/v1/profile/SessionUpdate\n\n\n","timestamp":"2025-01-02T11:51:54.676Z"}
{"level":"info","message":"GET URL REQ => http://localhost:6201/api/v1/staff/userManagementPage","timestamp":"2025-01-02T11:51:54.999Z"}
{"level":"info","message":"Router-----store Register Form Data","timestamp":"2025-01-02T11:52:34.935Z"}
{"level":"info","message":"GET URL REQ => http://localhost:6201/api/v1/validateTokenData","timestamp":"2025-01-02T11:52:34.936Z"}
{"level":"info","message":"Router-----store Register Form Data","timestamp":"2025-01-02T11:52:34.943Z"}
{"level":"info","message":"GET URL REQ => http://localhost:6201/api/v1/validateTokenData","timestamp":"2025-01-02T11:52:34.944Z"}
{"level":"info","message":"GET URL REQ => http://localhost:6201/api/v1/staff/userManagementPage","timestamp":"2025-01-02T11:52:35.228Z"}
{"level":"info","message":"GET URL REQ => http://localhost:6201/api/v1/staff/userManagementPage","timestamp":"2025-01-02T11:52:35.241Z"}
{"level":"info","message":"GET URL REQ => http://localhost:6201/api/v1/director/userData","timestamp":"2025-01-02T11:52:36.692Z"}
{"level":"info","message":"GET URL REQ => http://localhost:6201/api/v1/profile/passRegisterData","timestamp":"2025-01-02T11:52:36.703Z"}
{"level":"info","message":"GET URL REQ line 1133=> http://localhost:6201/api/v1/user/profileData","timestamp":"2025-01-02T11:52:37.050Z"}
{"level":"info","message":"GET URL REQ line 1133=> http://localhost:6201/api/v1/user/profileData","timestamp":"2025-01-02T11:52:37.059Z"}
{"level":"info","message":"GET URL REQ => http://localhost:6201/api/v1/profile/MemberList","timestamp":"2025-01-02T11:52:45.156Z"}
{"level":"info","message":"GET URL REQ => http://localhost:6201/api/v1/profile/sectionTime","timestamp":"2025-01-02T11:52:49.101Z"}
{"level":"info","message":"GET URL REQ => http://localhost:6201/api/v1/profile/PackageTime","timestamp":"2025-01-02T11:52:52.201Z"}
{"level":"info","message":"\n\n\nGET URL REQ line 514=> http://localhost:6201/api/v1/profile/SessionUpdate\n\n\n","timestamp":"2025-01-02T11:52:56.508Z"}
{"level":"info","message":"GET URL REQ => http://localhost:6201/api/v1/staff/userManagementPage","timestamp":"2025-01-02T11:52:56.664Z"}
{"level":"info","message":"Router-----store Register Form Data","timestamp":"2025-01-02T11:52:59.625Z"}
{"level":"info","message":"GET URL REQ => http://localhost:6201/api/v1/validateTokenData","timestamp":"2025-01-02T11:52:59.626Z"}
{"level":"info","message":"Router-----store Register Form Data","timestamp":"2025-01-02T11:52:59.632Z"}
{"level":"info","message":"GET URL REQ => http://localhost:6201/api/v1/validateTokenData","timestamp":"2025-01-02T11:52:59.633Z"}
{"level":"info","message":"GET URL REQ => http://localhost:6201/api/v1/staff/userManagementPage","timestamp":"2025-01-02T11:52:59.744Z"}
{"level":"info","message":"GET URL REQ => http://localhost:6201/api/v1/staff/userManagementPage","timestamp":"2025-01-02T11:52:59.761Z"}
{"level":"info","message":"GET URL REQ => http://localhost:6201/api/v1/director/userData","timestamp":"2025-01-02T11:53:02.289Z"}
{"level":"info","message":"GET URL REQ => http://localhost:6201/api/v1/profile/passRegisterData","timestamp":"2025-01-02T11:53:02.295Z"}
{"level":"info","message":"GET URL REQ line 1133=> http://localhost:6201/api/v1/user/profileData","timestamp":"2025-01-02T11:53:02.583Z"}
{"level":"info","message":"GET URL REQ line 1133=> http://localhost:6201/api/v1/user/profileData","timestamp":"2025-01-02T11:53:02.586Z"}
{"level":"info","message":"Router-----store Register Form Data","timestamp":"2025-01-02T11:53:36.032Z"}
{"level":"info","message":"GET URL REQ => http://localhost:6201/api/v1/validateTokenData","timestamp":"2025-01-02T11:53:36.033Z"}
{"level":"info","message":"Router-----store Register Form Data","timestamp":"2025-01-02T11:53:36.043Z"}
{"level":"info","message":"GET URL REQ => http://localhost:6201/api/v1/validateTokenData","timestamp":"2025-01-02T11:53:36.044Z"}
{"level":"info","message":"GET URL REQ => http://localhost:6201/api/v1/staff/userManagementPage","timestamp":"2025-01-02T11:53:36.360Z"}
{"level":"info","message":"GET URL REQ => http://localhost:6201/api/v1/staff/userManagementPage","timestamp":"2025-01-02T11:53:36.374Z"}
{"level":"info","message":"GET URL REQ => http://localhost:6201/api/v1/director/userData","timestamp":"2025-01-02T11:53:37.989Z"}
{"level":"info","message":"GET URL REQ => http://localhost:6201/api/v1/profile/passRegisterData","timestamp":"2025-01-02T11:53:37.996Z"}
{"level":"info","message":"GET URL REQ line 1133=> http://localhost:6201/api/v1/user/profileData","timestamp":"2025-01-02T11:53:38.245Z"}
{"level":"info","message":"GET URL REQ line 1133=> http://localhost:6201/api/v1/user/profileData","timestamp":"2025-01-02T11:53:38.249Z"}
{"level":"info","message":"GET URL REQ => http://localhost:6201/api/v1/profile/MemberList","timestamp":"2025-01-02T11:53:45.075Z"}
{"level":"info","message":"GET URL REQ => http://localhost:6201/api/v1/profile/sectionTime","timestamp":"2025-01-02T11:53:48.800Z"}
{"level":"info","message":"GET URL REQ => http://localhost:6201/api/v1/profile/PackageTime","timestamp":"2025-01-02T11:53:52.193Z"}
{"level":"info","message":"\n\n\nGET URL REQ line 514=> http://localhost:6201/api/v1/profile/SessionUpdate\n\n\n","timestamp":"2025-01-02T11:53:58.129Z"}
{"level":"info","message":"GET URL REQ => http://localhost:6201/api/v1/staff/userManagementPage","timestamp":"2025-01-02T11:53:58.260Z"}
{"level":"info","message":"GET URL REQ => http://localhost:6201/api/v1/director/userData","timestamp":"2025-01-02T11:54:05.401Z"}
{"level":"info","message":"GET URL REQ => http://localhost:6201/api/v1/profile/passRegisterData","timestamp":"2025-01-02T11:54:05.407Z"}
{"level":"info","message":"GET URL REQ line 1133=> http://localhost:6201/api/v1/user/profileData","timestamp":"2025-01-02T11:54:05.505Z"}
{"level":"info","message":"GET URL REQ line 1133=> http://localhost:6201/api/v1/user/profileData","timestamp":"2025-01-02T11:54:05.519Z"}
{"level":"info","message":"Router-----store Register Form Data","timestamp":"2025-01-02T11:54:16.478Z"}
{"level":"info","message":"GET URL REQ => http://localhost:6201/api/v1/validateTokenData","timestamp":"2025-01-02T11:54:16.480Z"}
{"level":"info","message":"Router-----store Register Form Data","timestamp":"2025-01-02T11:54:16.487Z"}
{"level":"info","message":"GET URL REQ => http://localhost:6201/api/v1/validateTokenData","timestamp":"2025-01-02T11:54:16.487Z"}
{"level":"info","message":"GET URL REQ => http://localhost:6201/api/v1/staff/userManagementPage","timestamp":"2025-01-02T11:54:16.783Z"}
{"level":"info","message":"GET URL REQ => http://localhost:6201/api/v1/staff/userManagementPage","timestamp":"2025-01-02T11:54:16.796Z"}
{"level":"info","message":"GET URL REQ => http://localhost:6201/api/v1/director/userData","timestamp":"2025-01-02T11:54:18.974Z"}
{"level":"info","message":"GET URL REQ => http://localhost:6201/api/v1/profile/passRegisterData","timestamp":"2025-01-02T11:54:18.980Z"}
{"level":"info","message":"GET URL REQ line 1133=> http://localhost:6201/api/v1/user/profileData","timestamp":"2025-01-02T11:54:19.252Z"}
{"level":"info","message":"GET URL REQ line 1133=> http://localhost:6201/api/v1/user/profileData","timestamp":"2025-01-02T11:54:19.261Z"}
{"level":"info","message":"server running --- from server.ts","timestamp":"2025-01-02T11:54:54.878Z"}
{"level":"info","message":"server running --- from server.ts","timestamp":"2025-01-02T11:55:06.326Z"}
{"level":"info","message":"GET URL REQ => http://localhost:6201/api/v1/profile/passRegisterData","timestamp":"2025-01-02T11:55:06.350Z"}
{"level":"info","message":"GET URL REQ => http://localhost:6201/api/v1/director/userData","timestamp":"2025-01-02T11:55:06.361Z"}
{"level":"info","message":"GET URL REQ line 1133=> http://localhost:6201/api/v1/user/profileData","timestamp":"2025-01-02T11:55:06.520Z"}
{"level":"info","message":"GET URL REQ line 1133=> http://localhost:6201/api/v1/user/profileData","timestamp":"2025-01-02T11:55:06.540Z"}
{"level":"info","message":"Router-----store Register Form Data","timestamp":"2025-01-02T11:55:15.433Z"}
{"level":"info","message":"GET URL REQ => http://localhost:6201/api/v1/validateTokenData","timestamp":"2025-01-02T11:55:15.435Z"}
{"level":"info","message":"Router-----store Register Form Data","timestamp":"2025-01-02T11:55:15.442Z"}
{"level":"info","message":"GET URL REQ => http://localhost:6201/api/v1/validateTokenData","timestamp":"2025-01-02T11:55:15.445Z"}
{"level":"info","message":"GET URL REQ => http://localhost:6201/api/v1/staff/userManagementPage","timestamp":"2025-01-02T11:55:16.303Z"}
{"level":"info","message":"GET URL REQ => http://localhost:6201/api/v1/staff/userManagementPage","timestamp":"2025-01-02T11:55:16.316Z"}
{"level":"info","message":"GET URL REQ => http://localhost:6201/api/v1/director/userData","timestamp":"2025-01-02T11:55:17.334Z"}
{"level":"info","message":"GET URL REQ => http://localhost:6201/api/v1/profile/passRegisterData","timestamp":"2025-01-02T11:55:17.343Z"}
{"level":"info","message":"GET URL REQ line 1133=> http://localhost:6201/api/v1/user/profileData","timestamp":"2025-01-02T11:55:17.636Z"}
{"level":"info","message":"GET URL REQ line 1133=> http://localhost:6201/api/v1/user/profileData","timestamp":"2025-01-02T11:55:17.643Z"}
{"level":"info","message":"GET URL REQ => http://localhost:6201/api/v1/profile/MemberList","timestamp":"2025-01-02T11:55:22.421Z"}
{"level":"info","message":"GET URL REQ => http://localhost:6201/api/v1/profile/sectionTime","timestamp":"2025-01-02T11:55:26.260Z"}
{"level":"info","message":"GET URL REQ => http://localhost:6201/api/v1/profile/PackageTime","timestamp":"2025-01-02T11:55:29.324Z"}
{"level":"info","message":"\n\n\nGET URL REQ line 514=> http://localhost:6201/api/v1/profile/SessionUpdate\n\n\n","timestamp":"2025-01-02T11:55:32.407Z"}
{"level":"info","message":"GET URL REQ => http://localhost:6201/api/v1/staff/userManagementPage","timestamp":"2025-01-02T11:55:32.566Z"}
{"level":"info","message":"Router-----store Register Form Data","timestamp":"2025-01-02T11:55:42.950Z"}
{"level":"info","message":"GET URL REQ => http://localhost:6201/api/v1/validateTokenData","timestamp":"2025-01-02T11:55:42.952Z"}
{"level":"info","message":"Router-----store Register Form Data","timestamp":"2025-01-02T11:55:42.959Z"}
{"level":"info","message":"GET URL REQ => http://localhost:6201/api/v1/validateTokenData","timestamp":"2025-01-02T11:55:42.960Z"}
{"level":"info","message":"GET URL REQ => http://localhost:6201/api/v1/staff/userManagementPage","timestamp":"2025-01-02T11:55:43.261Z"}
{"level":"info","message":"GET URL REQ => http://localhost:6201/api/v1/staff/userManagementPage","timestamp":"2025-01-02T11:55:43.274Z"}
{"level":"info","message":"GET URL REQ => http://localhost:6201/api/v1/director/userData","timestamp":"2025-01-02T11:55:44.732Z"}
{"level":"info","message":"GET URL REQ => http://localhost:6201/api/v1/profile/passRegisterData","timestamp":"2025-01-02T11:55:44.738Z"}
{"level":"info","message":"GET URL REQ line 1133=> http://localhost:6201/api/v1/user/profileData","timestamp":"2025-01-02T11:55:45.040Z"}
{"level":"info","message":"GET URL REQ line 1133=> http://localhost:6201/api/v1/user/profileData","timestamp":"2025-01-02T11:55:45.045Z"}
{"level":"info","message":"GET URL REQ => http://localhost:6201/api/v1/profile/MemberList","timestamp":"2025-01-02T11:55:55.981Z"}
{"level":"info","message":"GET URL REQ => http://localhost:6201/api/v1/profile/sectionTime","timestamp":"2025-01-02T11:55:59.100Z"}
{"level":"info","message":"GET URL REQ => http://localhost:6201/api/v1/profile/PackageTime","timestamp":"2025-01-02T11:56:01.181Z"}
{"level":"info","message":"\n\n\nGET URL REQ line 514=> http://localhost:6201/api/v1/profile/SessionUpdate\n\n\n","timestamp":"2025-01-02T11:56:05.798Z"}
{"level":"info","message":"GET URL REQ => http://localhost:6201/api/v1/staff/userManagementPage","timestamp":"2025-01-02T11:56:05.943Z"}
{"level":"info","message":"Router-----store Register Form Data","timestamp":"2025-01-02T11:56:10.548Z"}
{"level":"info","message":"GET URL REQ => http://localhost:6201/api/v1/validateTokenData","timestamp":"2025-01-02T11:56:10.550Z"}
{"level":"info","message":"Router-----store Register Form Data","timestamp":"2025-01-02T11:56:10.557Z"}
{"level":"info","message":"GET URL REQ => http://localhost:6201/api/v1/validateTokenData","timestamp":"2025-01-02T11:56:10.559Z"}
{"level":"info","message":"GET URL REQ => http://localhost:6201/api/v1/staff/userManagementPage","timestamp":"2025-01-02T11:56:10.693Z"}
{"level":"info","message":"GET URL REQ => http://localhost:6201/api/v1/staff/userManagementPage","timestamp":"2025-01-02T11:56:10.715Z"}
{"level":"info","message":"GET URL REQ => http://localhost:6201/api/v1/director/userData","timestamp":"2025-01-02T11:56:11.972Z"}
{"level":"info","message":"GET URL REQ => http://localhost:6201/api/v1/profile/passRegisterData","timestamp":"2025-01-02T11:56:11.979Z"}
{"level":"info","message":"GET URL REQ line 1133=> http://localhost:6201/api/v1/user/profileData","timestamp":"2025-01-02T11:56:12.263Z"}
{"level":"info","message":"GET URL REQ line 1133=> http://localhost:6201/api/v1/user/profileData","timestamp":"2025-01-02T11:56:12.267Z"}
{"level":"info","message":"GET URL REQ => http://localhost:6201/api/v1/staff/userManagementPage","timestamp":"2025-01-02T11:57:44.185Z"}
{"level":"info","message":"GET URL REQ => http://localhost:6201/api/v1/staff/userManagementPage","timestamp":"2025-01-02T11:57:53.649Z"}
{"level":"info","message":"Router-----store Register Form Data","timestamp":"2025-01-02T11:57:57.465Z"}
{"level":"info","message":"GET URL REQ => http://localhost:6201/api/v1/validateTokenData","timestamp":"2025-01-02T11:57:57.467Z"}
{"level":"info","message":"Router-----store Register Form Data","timestamp":"2025-01-02T11:57:57.473Z"}
{"level":"info","message":"GET URL REQ => http://localhost:6201/api/v1/validateTokenData","timestamp":"2025-01-02T11:57:57.475Z"}
{"level":"info","message":"GET URL REQ => http://localhost:6201/api/v1/staff/userManagementPage","timestamp":"2025-01-02T11:57:57.596Z"}
{"level":"info","message":"GET URL REQ => http://localhost:6201/api/v1/staff/userManagementPage","timestamp":"2025-01-02T11:57:57.611Z"}
{"level":"info","message":"GET URL REQ => http://localhost:6201/api/v1/director/userData","timestamp":"2025-01-02T11:58:00.564Z"}
{"level":"info","message":"GET URL REQ => http://localhost:6201/api/v1/profile/passRegisterData","timestamp":"2025-01-02T11:58:00.571Z"}
{"level":"info","message":"GET URL REQ line 1133=> http://localhost:6201/api/v1/user/profileData","timestamp":"2025-01-02T11:58:00.875Z"}
{"level":"info","message":"GET URL REQ line 1133=> http://localhost:6201/api/v1/user/profileData","timestamp":"2025-01-02T11:58:00.879Z"}
{"level":"info","message":"GET URL REQ => http://localhost:6201/api/v1/profile/MemberList","timestamp":"2025-01-02T11:58:06.721Z"}
{"level":"info","message":"GET URL REQ => http://localhost:6201/api/v1/profile/sectionTime","timestamp":"2025-01-02T11:58:09.507Z"}
{"level":"info","message":"GET URL REQ => http://localhost:6201/api/v1/profile/PackageTime","timestamp":"2025-01-02T11:58:11.216Z"}
{"level":"info","message":"\n\n\nGET URL REQ line 514=> http://localhost:6201/api/v1/profile/SessionUpdate\n\n\n","timestamp":"2025-01-02T11:58:14.850Z"}
{"level":"info","message":"GET URL REQ => http://localhost:6201/api/v1/staff/userManagementPage","timestamp":"2025-01-02T11:58:14.976Z"}
{"level":"info","message":"Router-----store Register Form Data","timestamp":"2025-01-02T11:58:18.045Z"}
{"level":"info","message":"GET URL REQ => http://localhost:6201/api/v1/validateTokenData","timestamp":"2025-01-02T11:58:18.048Z"}
{"level":"info","message":"Router-----store Register Form Data","timestamp":"2025-01-02T11:58:18.053Z"}
{"level":"info","message":"GET URL REQ => http://localhost:6201/api/v1/validateTokenData","timestamp":"2025-01-02T11:58:18.054Z"}
{"level":"info","message":"GET URL REQ => http://localhost:6201/api/v1/staff/userManagementPage","timestamp":"2025-01-02T11:58:18.192Z"}
{"level":"info","message":"GET URL REQ => http://localhost:6201/api/v1/staff/userManagementPage","timestamp":"2025-01-02T11:58:18.212Z"}
{"level":"info","message":"GET URL REQ => http://localhost:6201/api/v1/director/userData","timestamp":"2025-01-02T11:58:19.554Z"}
{"level":"info","message":"GET URL REQ => http://localhost:6201/api/v1/profile/passRegisterData","timestamp":"2025-01-02T11:58:19.559Z"}
{"level":"info","message":"GET URL REQ line 1133=> http://localhost:6201/api/v1/user/profileData","timestamp":"2025-01-02T11:58:19.849Z"}
{"level":"info","message":"GET URL REQ line 1133=> http://localhost:6201/api/v1/user/profileData","timestamp":"2025-01-02T11:58:19.855Z"}
{"level":"info","message":"GET URL REQ => http://localhost:6201/api/v1/director/userData","timestamp":"2025-01-02T11:58:23.894Z"}
{"level":"info","message":"GET URL REQ => http://localhost:6201/api/v1/profile/passRegisterData","timestamp":"2025-01-02T11:58:23.901Z"}
{"level":"info","message":"GET URL REQ line 1133=> http://localhost:6201/api/v1/user/profileData","timestamp":"2025-01-02T11:58:24.008Z"}
{"level":"info","message":"GET URL REQ line 1133=> http://localhost:6201/api/v1/user/profileData","timestamp":"2025-01-02T11:58:24.026Z"}
{"level":"info","message":"Router-----store Register Form Data","timestamp":"2025-01-02T11:58:46.050Z"}
{"level":"info","message":"GET URL REQ => http://localhost:6201/api/v1/validateTokenData","timestamp":"2025-01-02T11:58:46.051Z"}
{"level":"info","message":"Router-----store Register Form Data","timestamp":"2025-01-02T11:58:46.058Z"}
{"level":"info","message":"GET URL REQ => http://localhost:6201/api/v1/validateTokenData","timestamp":"2025-01-02T11:58:46.059Z"}
{"level":"info","message":"GET URL REQ => http://localhost:6201/api/v1/staff/userManagementPage","timestamp":"2025-01-02T11:58:46.321Z"}
{"level":"info","message":"GET URL REQ => http://localhost:6201/api/v1/staff/userManagementPage","timestamp":"2025-01-02T11:58:46.333Z"}
{"level":"info","message":"GET URL REQ => http://localhost:6201/api/v1/director/userData","timestamp":"2025-01-02T11:58:48.032Z"}
{"level":"info","message":"GET URL REQ => http://localhost:6201/api/v1/profile/passRegisterData","timestamp":"2025-01-02T11:58:48.039Z"}
{"level":"info","message":"GET URL REQ line 1133=> http://localhost:6201/api/v1/user/profileData","timestamp":"2025-01-02T11:58:48.394Z"}
{"level":"info","message":"GET URL REQ line 1133=> http://localhost:6201/api/v1/user/profileData","timestamp":"2025-01-02T11:58:48.404Z"}
{"level":"info","message":"GET URL REQ => http://localhost:6201/api/v1/profile/MemberList","timestamp":"2025-01-02T11:58:52.126Z"}
{"level":"info","message":"GET URL REQ => http://localhost:6201/api/v1/profile/sectionTime","timestamp":"2025-01-02T11:58:55.993Z"}
{"level":"info","message":"GET URL REQ => http://localhost:6201/api/v1/profile/PackageTime","timestamp":"2025-01-02T11:58:58.172Z"}
{"level":"info","message":"\n\n\nGET URL REQ line 514=> http://localhost:6201/api/v1/profile/SessionUpdate\n\n\n","timestamp":"2025-01-02T11:59:01.706Z"}
{"level":"info","message":"GET URL REQ => http://localhost:6201/api/v1/staff/userManagementPage","timestamp":"2025-01-02T11:59:01.834Z"}
{"level":"info","message":"Router-----store Register Form Data","timestamp":"2025-01-02T11:59:04.801Z"}
{"level":"info","message":"GET URL REQ => http://localhost:6201/api/v1/validateTokenData","timestamp":"2025-01-02T11:59:04.802Z"}
{"level":"info","message":"Router-----store Register Form Data","timestamp":"2025-01-02T11:59:04.809Z"}
{"level":"info","message":"GET URL REQ => http://localhost:6201/api/v1/validateTokenData","timestamp":"2025-01-02T11:59:04.811Z"}
{"level":"info","message":"GET URL REQ => http://localhost:6201/api/v1/staff/userManagementPage","timestamp":"2025-01-02T11:59:04.912Z"}
{"level":"info","message":"GET URL REQ => http://localhost:6201/api/v1/staff/userManagementPage","timestamp":"2025-01-02T11:59:04.927Z"}
{"level":"info","message":"GET URL REQ => http://localhost:6201/api/v1/director/userData","timestamp":"2025-01-02T11:59:07.624Z"}
{"level":"info","message":"GET URL REQ => http://localhost:6201/api/v1/profile/passRegisterData","timestamp":"2025-01-02T11:59:07.634Z"}
{"level":"info","message":"GET URL REQ line 1133=> http://localhost:6201/api/v1/user/profileData","timestamp":"2025-01-02T11:59:07.925Z"}
{"level":"info","message":"GET URL REQ line 1133=> http://localhost:6201/api/v1/user/profileData","timestamp":"2025-01-02T11:59:07.930Z"}
{"level":"info","message":"GET URL REQ => http://localhost:6201/api/v1/staff/userManagementPage","timestamp":"2025-01-02T12:01:34.272Z"}
{"level":"info","message":"GET URL REQ => http://localhost:6201/api/v1/staff/userManagementPage","timestamp":"2025-01-02T12:01:35.770Z"}
{"level":"info","message":"GET URL REQ => http://localhost:6201/api/v1/staff/userManagementPage","timestamp":"2025-01-02T12:01:37.392Z"}
{"level":"info","message":"Router-----store Register Form Data","timestamp":"2025-01-02T12:01:41.409Z"}
{"level":"info","message":"GET URL REQ => http://localhost:6201/api/v1/validateTokenData","timestamp":"2025-01-02T12:01:41.410Z"}
{"level":"info","message":"Router-----store Register Form Data","timestamp":"2025-01-02T12:01:41.418Z"}
{"level":"info","message":"GET URL REQ => http://localhost:6201/api/v1/validateTokenData","timestamp":"2025-01-02T12:01:41.419Z"}
{"level":"info","message":"GET URL REQ => http://localhost:6201/api/v1/staff/userManagementPage","timestamp":"2025-01-02T12:01:41.571Z"}
{"level":"info","message":"GET URL REQ => http://localhost:6201/api/v1/staff/userManagementPage","timestamp":"2025-01-02T12:01:41.593Z"}
{"level":"info","message":"Router-----store Register Form Data","timestamp":"2025-01-02T12:01:54.705Z"}
{"level":"info","message":"GET URL REQ => http://localhost:6201/api/v1/validateTokenData","timestamp":"2025-01-02T12:01:54.707Z"}
{"level":"info","message":"Router-----store Register Form Data","timestamp":"2025-01-02T12:01:54.711Z"}
{"level":"info","message":"GET URL REQ => http://localhost:6201/api/v1/validateTokenData","timestamp":"2025-01-02T12:01:54.711Z"}
{"level":"info","message":"GET URL REQ => http://localhost:6201/api/v1/staff/userManagementPage","timestamp":"2025-01-02T12:01:54.980Z"}
{"level":"info","message":"GET URL REQ => http://localhost:6201/api/v1/staff/userManagementPage","timestamp":"2025-01-02T12:01:54.993Z"}
{"level":"info","message":"GET URL REQ => http://localhost:6201/api/v1/director/userData","timestamp":"2025-01-02T12:01:58.466Z"}
{"level":"info","message":"GET URL REQ => http://localhost:6201/api/v1/profile/passRegisterData","timestamp":"2025-01-02T12:01:58.473Z"}
{"level":"info","message":"GET URL REQ line 1133=> http://localhost:6201/api/v1/user/profileData","timestamp":"2025-01-02T12:01:58.747Z"}
{"level":"info","message":"GET URL REQ line 1133=> http://localhost:6201/api/v1/user/profileData","timestamp":"2025-01-02T12:01:58.754Z"}
{"level":"info","message":"GET URL REQ => http://localhost:6201/api/v1/profile/MemberList","timestamp":"2025-01-02T12:02:03.239Z"}
{"level":"info","message":"GET URL REQ => http://localhost:6201/api/v1/profile/sectionTime","timestamp":"2025-01-02T12:02:06.442Z"}
{"level":"info","message":"GET URL REQ => http://localhost:6201/api/v1/profile/PackageTime","timestamp":"2025-01-02T12:02:09.054Z"}
{"level":"info","message":"\n\n\nGET URL REQ line 514=> http://localhost:6201/api/v1/profile/SessionUpdate\n\n\n","timestamp":"2025-01-02T12:02:13.445Z"}
{"level":"info","message":"GET URL REQ => http://localhost:6201/api/v1/staff/userManagementPage","timestamp":"2025-01-02T12:02:13.589Z"}
{"level":"info","message":"Router-----store Register Form Data","timestamp":"2025-01-02T12:02:16.438Z"}
{"level":"info","message":"GET URL REQ => http://localhost:6201/api/v1/validateTokenData","timestamp":"2025-01-02T12:02:16.439Z"}
{"level":"info","message":"Router-----store Register Form Data","timestamp":"2025-01-02T12:02:16.445Z"}
{"level":"info","message":"GET URL REQ => http://localhost:6201/api/v1/validateTokenData","timestamp":"2025-01-02T12:02:16.446Z"}
{"level":"info","message":"GET URL REQ => http://localhost:6201/api/v1/staff/userManagementPage","timestamp":"2025-01-02T12:02:16.603Z"}
{"level":"info","message":"GET URL REQ => http://localhost:6201/api/v1/staff/userManagementPage","timestamp":"2025-01-02T12:02:16.626Z"}
{"level":"info","message":"GET URL REQ => http://localhost:6201/api/v1/director/userData","timestamp":"2025-01-02T12:02:19.185Z"}
{"level":"info","message":"GET URL REQ => http://localhost:6201/api/v1/profile/passRegisterData","timestamp":"2025-01-02T12:02:19.190Z"}
{"level":"info","message":"GET URL REQ line 1133=> http://localhost:6201/api/v1/user/profileData","timestamp":"2025-01-02T12:02:19.449Z"}
{"level":"info","message":"GET URL REQ line 1133=> http://localhost:6201/api/v1/user/profileData","timestamp":"2025-01-02T12:02:19.455Z"}
{"level":"info","message":"GET URL REQ => http://localhost:6201/api/v1/staff/userManagementPage","timestamp":"2025-01-02T12:04:02.500Z"}
{"level":"info","message":"Router-----store Register Form Data","timestamp":"2025-01-02T12:04:16.576Z"}
{"level":"info","message":"GET URL REQ => http://localhost:6201/api/v1/validateTokenData","timestamp":"2025-01-02T12:04:16.578Z"}
{"level":"info","message":"Router-----store Register Form Data","timestamp":"2025-01-02T12:04:16.585Z"}
{"level":"info","message":"GET URL REQ => http://localhost:6201/api/v1/validateTokenData","timestamp":"2025-01-02T12:04:16.586Z"}
{"level":"info","message":"GET URL REQ => http://localhost:6201/api/v1/staff/userManagementPage","timestamp":"2025-01-02T12:04:16.869Z"}
{"level":"info","message":"GET URL REQ => http://localhost:6201/api/v1/staff/userManagementPage","timestamp":"2025-01-02T12:04:16.885Z"}
{"level":"info","message":"GET URL REQ => http://localhost:6201/api/v1/director/userData","timestamp":"2025-01-02T12:04:27.173Z"}
{"level":"info","message":"GET URL REQ => http://localhost:6201/api/v1/profile/passRegisterData","timestamp":"2025-01-02T12:04:27.179Z"}
{"level":"info","message":"GET URL REQ line 1133=> http://localhost:6201/api/v1/user/profileData","timestamp":"2025-01-02T12:04:27.639Z"}
{"level":"info","message":"GET URL REQ line 1133=> http://localhost:6201/api/v1/user/profileData","timestamp":"2025-01-02T12:04:27.646Z"}
{"level":"info","message":"GET URL REQ => http://localhost:6201/api/v1/staff/userManagementPage","timestamp":"2025-01-02T12:04:50.588Z"}
{"level":"info","message":"GET URL REQ => http://localhost:6201/api/v1/staff/userManagementPage","timestamp":"2025-01-02T12:04:53.190Z"}
{"level":"info","message":"GET URL REQ => http://localhost:6201/api/v1/staff/userManagementPage","timestamp":"2025-01-02T12:05:04.773Z"}
{"level":"info","message":"Router-----store Register Form Data","timestamp":"2025-01-02T12:05:26.369Z"}
{"level":"info","message":"GET URL REQ => http://localhost:6201/api/v1/validateTokenData","timestamp":"2025-01-02T12:05:26.370Z"}
{"level":"info","message":"Router-----store Register Form Data","timestamp":"2025-01-02T12:05:26.376Z"}
{"level":"info","message":"GET URL REQ => http://localhost:6201/api/v1/validateTokenData","timestamp":"2025-01-02T12:05:26.378Z"}
{"level":"info","message":"GET URL REQ => http://localhost:6201/api/v1/staff/userManagementPage","timestamp":"2025-01-02T12:05:26.736Z"}
{"level":"info","message":"GET URL REQ => http://localhost:6201/api/v1/staff/userManagementPage","timestamp":"2025-01-02T12:05:26.751Z"}
{"level":"info","message":"GET URL REQ => http://localhost:6201/api/v1/director/userData","timestamp":"2025-01-02T12:05:28.381Z"}
{"level":"info","message":"GET URL REQ => http://localhost:6201/api/v1/profile/passRegisterData","timestamp":"2025-01-02T12:05:28.386Z"}
{"level":"info","message":"GET URL REQ line 1133=> http://localhost:6201/api/v1/user/profileData","timestamp":"2025-01-02T12:05:28.679Z"}
{"level":"info","message":"GET URL REQ line 1133=> http://localhost:6201/api/v1/user/profileData","timestamp":"2025-01-02T12:05:28.688Z"}
{"level":"info","message":"GET URL REQ => http://localhost:6201/api/v1/profile/MemberList","timestamp":"2025-01-02T12:05:35.102Z"}
{"level":"info","message":"GET URL REQ => http://localhost:6201/api/v1/profile/sectionTime","timestamp":"2025-01-02T12:05:39.012Z"}
{"level":"info","message":"GET URL REQ => http://localhost:6201/api/v1/profile/PackageTime","timestamp":"2025-01-02T12:05:43.007Z"}
{"level":"info","message":"\n\n\nGET URL REQ line 514=> http://localhost:6201/api/v1/profile/SessionUpdate\n\n\n","timestamp":"2025-01-02T12:05:45.881Z"}
{"level":"info","message":"GET URL REQ => http://localhost:6201/api/v1/staff/userManagementPage","timestamp":"2025-01-02T12:05:46.013Z"}
{"level":"info","message":"Router-----store Register Form Data","timestamp":"2025-01-02T12:05:49.047Z"}
{"level":"info","message":"GET URL REQ => http://localhost:6201/api/v1/validateTokenData","timestamp":"2025-01-02T12:05:49.048Z"}
{"level":"info","message":"Router-----store Register Form Data","timestamp":"2025-01-02T12:05:49.052Z"}
{"level":"info","message":"GET URL REQ => http://localhost:6201/api/v1/validateTokenData","timestamp":"2025-01-02T12:05:49.052Z"}
{"level":"info","message":"GET URL REQ => http://localhost:6201/api/v1/staff/userManagementPage","timestamp":"2025-01-02T12:05:49.163Z"}
{"level":"info","message":"GET URL REQ => http://localhost:6201/api/v1/staff/userManagementPage","timestamp":"2025-01-02T12:05:49.180Z"}
{"level":"info","message":"GET URL REQ => http://localhost:6201/api/v1/director/userData","timestamp":"2025-01-02T12:05:50.135Z"}
{"level":"info","message":"GET URL REQ => http://localhost:6201/api/v1/profile/passRegisterData","timestamp":"2025-01-02T12:05:50.145Z"}
{"level":"info","message":"GET URL REQ line 1133=> http://localhost:6201/api/v1/user/profileData","timestamp":"2025-01-02T12:05:50.444Z"}
{"level":"info","message":"GET URL REQ line 1133=> http://localhost:6201/api/v1/user/profileData","timestamp":"2025-01-02T12:05:50.450Z"}
{"level":"info","message":"GET URL REQ => http://localhost:6201/api/v1/staff/userManagementPage","timestamp":"2025-01-02T12:06:11.935Z"}
{"level":"info","message":"GET URL REQ => http://localhost:6201/api/v1/staff/userManagementPage","timestamp":"2025-01-02T12:06:13.656Z"}
{"level":"info","message":"GET URL REQ => http://localhost:6201/api/v1/staff/userManagementPage","timestamp":"2025-01-02T12:06:15.714Z"}
{"level":"info","message":"GET URL REQ => http://localhost:6201/api/v1/staff/userManagementPage","timestamp":"2025-01-02T12:06:17.384Z"}
{"level":"info","message":"GET URL REQ => http://localhost:6201/api/v1/staff/userManagementPage","timestamp":"2025-01-02T12:06:21.155Z"}
{"level":"info","message":"GET URL REQ => http://localhost:6201/api/v1/profile/MemberList","timestamp":"2025-01-02T12:06:43.566Z"}
{"level":"info","message":"GET URL REQ => http://localhost:6201/api/v1/profile/sectionTime","timestamp":"2025-01-02T12:06:45.746Z"}
{"level":"info","message":"GET URL REQ => http://localhost:6201/api/v1/profile/PackageTime","timestamp":"2025-01-02T12:06:49.031Z"}
{"level":"info","message":"\n\n\nGET URL REQ line 514=> http://localhost:6201/api/v1/profile/SessionUpdate\n\n\n","timestamp":"2025-01-02T12:06:51.718Z"}
{"level":"info","message":"GET URL REQ => http://localhost:6201/api/v1/staff/userManagementPage","timestamp":"2025-01-02T12:06:51.850Z"}
{"level":"info","message":"GET URL REQ => http://localhost:6201/api/v1/director/userData","timestamp":"2025-01-02T12:06:53.832Z"}
{"level":"info","message":"GET URL REQ => http://localhost:6201/api/v1/profile/passRegisterData","timestamp":"2025-01-02T12:06:53.841Z"}
{"level":"info","message":"GET URL REQ line 1133=> http://localhost:6201/api/v1/user/profileData","timestamp":"2025-01-02T12:06:53.949Z"}
{"level":"info","message":"GET URL REQ line 1133=> http://localhost:6201/api/v1/user/profileData","timestamp":"2025-01-02T12:06:53.965Z"}
{"level":"info","message":"GET URL REQ => http://localhost:6201/api/v1/profile/MemberList","timestamp":"2025-01-02T12:07:02.194Z"}
{"level":"info","message":"GET URL REQ => http://localhost:6201/api/v1/profile/sectionTime","timestamp":"2025-01-02T12:07:05.012Z"}
{"level":"info","message":"GET URL REQ => http://localhost:6201/api/v1/profile/PackageTime","timestamp":"2025-01-02T12:07:06.904Z"}
{"level":"info","message":"\n\n\nGET URL REQ line 514=> http://localhost:6201/api/v1/profile/SessionUpdate\n\n\n","timestamp":"2025-01-02T12:07:10.633Z"}
{"level":"info","message":"GET URL REQ => http://localhost:6201/api/v1/staff/userManagementPage","timestamp":"2025-01-02T12:07:10.773Z"}
{"level":"info","message":"GET URL REQ => http://localhost:6201/api/v1/director/userData","timestamp":"2025-01-02T12:07:12.881Z"}
{"level":"info","message":"GET URL REQ => http://localhost:6201/api/v1/profile/passRegisterData","timestamp":"2025-01-02T12:07:12.890Z"}
{"level":"info","message":"GET URL REQ line 1133=> http://localhost:6201/api/v1/user/profileData","timestamp":"2025-01-02T12:07:12.993Z"}
{"level":"info","message":"GET URL REQ line 1133=> http://localhost:6201/api/v1/user/profileData","timestamp":"2025-01-02T12:07:13.009Z"}
{"level":"info","message":"GET URL REQ => http://localhost:6201/api/v1/director/userData","timestamp":"2025-01-02T12:09:53.937Z"}
{"level":"info","message":"GET URL REQ => http://localhost:6201/api/v1/profile/passRegisterData","timestamp":"2025-01-02T12:09:53.948Z"}
{"level":"info","message":"GET URL REQ line 1133=> http://localhost:6201/api/v1/user/profileData","timestamp":"2025-01-02T12:09:54.065Z"}
{"level":"info","message":"GET URL REQ line 1133=> http://localhost:6201/api/v1/user/profileData","timestamp":"2025-01-02T12:09:54.091Z"}
{"level":"info","message":"Router-----store Register Form Data","timestamp":"2025-01-02T12:14:04.875Z"}
{"level":"info","message":"GET URL REQ => http://localhost:6201/api/v1/validateTokenData","timestamp":"2025-01-02T12:14:04.876Z"}
{"level":"info","message":"Router-----store Register Form Data","timestamp":"2025-01-02T12:14:04.881Z"}
{"level":"info","message":"GET URL REQ => http://localhost:6201/api/v1/validateTokenData","timestamp":"2025-01-02T12:14:04.882Z"}
{"level":"info","message":"GET URL REQ => http://localhost:6201/api/v1/staff/userManagementPage","timestamp":"2025-01-02T12:14:05.187Z"}
{"level":"info","message":"GET URL REQ => http://localhost:6201/api/v1/staff/userManagementPage","timestamp":"2025-01-02T12:14:05.198Z"}
{"level":"info","message":"GET URL REQ => http://localhost:6201/api/v1/director/userData","timestamp":"2025-01-02T12:14:08.176Z"}
{"level":"info","message":"GET URL REQ => http://localhost:6201/api/v1/profile/passRegisterData","timestamp":"2025-01-02T12:14:08.185Z"}
{"level":"info","message":"GET URL REQ line 1133=> http://localhost:6201/api/v1/user/profileData","timestamp":"2025-01-02T12:14:08.474Z"}
{"level":"info","message":"GET URL REQ line 1133=> http://localhost:6201/api/v1/user/profileData","timestamp":"2025-01-02T12:14:08.478Z"}
{"level":"info","message":"GET URL REQ => http://localhost:6201/api/v1/profile/MemberList","timestamp":"2025-01-02T12:14:13.176Z"}
{"level":"info","message":"GET URL REQ => http://localhost:6201/api/v1/profile/sectionTime","timestamp":"2025-01-02T12:14:16.238Z"}
{"level":"info","message":"GET URL REQ => http://localhost:6201/api/v1/profile/PackageTime","timestamp":"2025-01-02T12:14:18.056Z"}
{"level":"info","message":"\n\n\nGET URL REQ line 514=> http://localhost:6201/api/v1/profile/SessionUpdate\n\n\n","timestamp":"2025-01-02T12:14:20.616Z"}
{"level":"info","message":"GET URL REQ => http://localhost:6201/api/v1/staff/userManagementPage","timestamp":"2025-01-02T12:14:20.750Z"}
{"level":"info","message":"Router-----store Register Form Data","timestamp":"2025-01-02T12:17:21.450Z"}
{"level":"info","message":"GET URL REQ => http://localhost:6201/api/v1/validateTokenData","timestamp":"2025-01-02T12:17:21.452Z"}
{"level":"info","message":"Router-----store Register Form Data","timestamp":"2025-01-02T12:17:21.458Z"}
{"level":"info","message":"GET URL REQ => http://localhost:6201/api/v1/validateTokenData","timestamp":"2025-01-02T12:17:21.460Z"}
{"level":"info","message":"GET URL REQ => http://localhost:6201/api/v1/staff/userManagementPage","timestamp":"2025-01-02T12:17:21.760Z"}
{"level":"info","message":"GET URL REQ => http://localhost:6201/api/v1/staff/userManagementPage","timestamp":"2025-01-02T12:17:21.773Z"}
{"level":"info","message":"GET URL REQ => http://localhost:6201/api/v1/director/userData","timestamp":"2025-01-02T12:17:24.153Z"}
{"level":"info","message":"GET URL REQ => http://localhost:6201/api/v1/profile/passRegisterData","timestamp":"2025-01-02T12:17:24.160Z"}
{"level":"info","message":"GET URL REQ line 1133=> http://localhost:6201/api/v1/user/profileData","timestamp":"2025-01-02T12:17:24.440Z"}
{"level":"info","message":"GET URL REQ line 1133=> http://localhost:6201/api/v1/user/profileData","timestamp":"2025-01-02T12:17:24.449Z"}
{"level":"info","message":"GET URL REQ => http://localhost:6201/api/v1/profile/MemberList","timestamp":"2025-01-02T12:17:31.522Z"}
{"level":"info","message":"GET URL REQ => http://localhost:6201/api/v1/profile/sectionTime","timestamp":"2025-01-02T12:17:39.057Z"}
{"level":"info","message":"GET URL REQ => http://localhost:6201/api/v1/profile/PackageTime","timestamp":"2025-01-02T12:17:41.882Z"}
{"level":"info","message":"\n\n\nGET URL REQ line 514=> http://localhost:6201/api/v1/profile/SessionUpdate\n\n\n","timestamp":"2025-01-02T12:17:45.114Z"}
{"level":"info","message":"GET URL REQ => http://localhost:6201/api/v1/staff/userManagementPage","timestamp":"2025-01-02T12:17:45.227Z"}
{"level":"info","message":"Router-----store Register Form Data","timestamp":"2025-01-02T12:17:50.140Z"}
{"level":"info","message":"GET URL REQ => http://localhost:6201/api/v1/validateTokenData","timestamp":"2025-01-02T12:17:50.140Z"}
{"level":"info","message":"Router-----store Register Form Data","timestamp":"2025-01-02T12:17:50.145Z"}
{"level":"info","message":"GET URL REQ => http://localhost:6201/api/v1/validateTokenData","timestamp":"2025-01-02T12:17:50.147Z"}
{"level":"info","message":"GET URL REQ => http://localhost:6201/api/v1/staff/userManagementPage","timestamp":"2025-01-02T12:17:50.605Z"}
{"level":"info","message":"GET URL REQ => http://localhost:6201/api/v1/staff/userManagementPage","timestamp":"2025-01-02T12:17:50.620Z"}
{"level":"info","message":"GET URL REQ => http://localhost:6201/api/v1/director/userData","timestamp":"2025-01-02T12:17:52.310Z"}
{"level":"info","message":"GET URL REQ => http://localhost:6201/api/v1/profile/passRegisterData","timestamp":"2025-01-02T12:17:52.323Z"}
{"level":"info","message":"GET URL REQ line 1133=> http://localhost:6201/api/v1/user/profileData","timestamp":"2025-01-02T12:17:52.606Z"}
{"level":"info","message":"GET URL REQ line 1133=> http://localhost:6201/api/v1/user/profileData","timestamp":"2025-01-02T12:17:52.612Z"}
{"level":"info","message":"GET URL REQ => http://localhost:6201/api/v1/director/userData","timestamp":"2025-01-02T12:18:17.117Z"}
{"level":"info","message":"GET URL REQ => http://localhost:6201/api/v1/profile/passRegisterData","timestamp":"2025-01-02T12:18:17.126Z"}
{"level":"info","message":"GET URL REQ line 1133=> http://localhost:6201/api/v1/user/profileData","timestamp":"2025-01-02T12:18:17.226Z"}
{"level":"info","message":"GET URL REQ line 1133=> http://localhost:6201/api/v1/user/profileData","timestamp":"2025-01-02T12:18:17.242Z"}
{"level":"info","message":"Router-----store Register Form Data","timestamp":"2025-01-02T12:19:42.601Z"}
{"level":"info","message":"GET URL REQ => http://localhost:6201/api/v1/validateTokenData","timestamp":"2025-01-02T12:19:42.603Z"}
{"level":"info","message":"Router-----store Register Form Data","timestamp":"2025-01-02T12:19:42.610Z"}
{"level":"info","message":"GET URL REQ => http://localhost:6201/api/v1/validateTokenData","timestamp":"2025-01-02T12:19:42.611Z"}
{"level":"info","message":"GET URL REQ => http://localhost:6201/api/v1/staff/userManagementPage","timestamp":"2025-01-02T12:19:42.896Z"}
{"level":"info","message":"GET URL REQ => http://localhost:6201/api/v1/staff/userManagementPage","timestamp":"2025-01-02T12:19:42.909Z"}
{"level":"info","message":"GET URL REQ => http://localhost:6201/api/v1/director/userData","timestamp":"2025-01-02T12:19:44.335Z"}
{"level":"info","message":"GET URL REQ => http://localhost:6201/api/v1/profile/passRegisterData","timestamp":"2025-01-02T12:19:44.342Z"}
{"level":"info","message":"GET URL REQ line 1133=> http://localhost:6201/api/v1/user/profileData","timestamp":"2025-01-02T12:19:44.635Z"}
{"level":"info","message":"GET URL REQ line 1133=> http://localhost:6201/api/v1/user/profileData","timestamp":"2025-01-02T12:19:44.642Z"}
{"level":"info","message":"GET URL REQ => http://localhost:6201/api/v1/profile/MemberList","timestamp":"2025-01-02T12:19:48.353Z"}
{"level":"info","message":"GET URL REQ => http://localhost:6201/api/v1/profile/sectionTime","timestamp":"2025-01-02T12:19:50.747Z"}
{"level":"info","message":"GET URL REQ => http://localhost:6201/api/v1/profile/PackageTime","timestamp":"2025-01-02T12:19:53.642Z"}
{"level":"info","message":"\n\n\nGET URL REQ line 514=> http://localhost:6201/api/v1/profile/SessionUpdate\n\n\n","timestamp":"2025-01-02T12:19:56.885Z"}
{"level":"info","message":"GET URL REQ => http://localhost:6201/api/v1/staff/userManagementPage","timestamp":"2025-01-02T12:19:57.027Z"}
{"level":"info","message":"Router-----store Register Form Data","timestamp":"2025-01-02T12:20:00.800Z"}
{"level":"info","message":"GET URL REQ => http://localhost:6201/api/v1/validateTokenData","timestamp":"2025-01-02T12:20:00.801Z"}
{"level":"info","message":"Router-----store Register Form Data","timestamp":"2025-01-02T12:20:00.808Z"}
{"level":"info","message":"GET URL REQ => http://localhost:6201/api/v1/validateTokenData","timestamp":"2025-01-02T12:20:00.809Z"}
{"level":"info","message":"GET URL REQ => http://localhost:6201/api/v1/staff/userManagementPage","timestamp":"2025-01-02T12:20:00.924Z"}
{"level":"info","message":"GET URL REQ => http://localhost:6201/api/v1/staff/userManagementPage","timestamp":"2025-01-02T12:20:00.940Z"}
{"level":"info","message":"GET URL REQ => http://localhost:6201/api/v1/director/userData","timestamp":"2025-01-02T12:20:02.622Z"}
{"level":"info","message":"GET URL REQ => http://localhost:6201/api/v1/profile/passRegisterData","timestamp":"2025-01-02T12:20:02.633Z"}
{"level":"info","message":"GET URL REQ line 1133=> http://localhost:6201/api/v1/user/profileData","timestamp":"2025-01-02T12:20:02.907Z"}
{"level":"info","message":"GET URL REQ line 1133=> http://localhost:6201/api/v1/user/profileData","timestamp":"2025-01-02T12:20:02.912Z"}
{"level":"info","message":"Router-----store Register Form Data","timestamp":"2025-01-02T12:21:40.617Z"}
{"level":"info","message":"GET URL REQ => http://localhost:6201/api/v1/validateTokenData","timestamp":"2025-01-02T12:21:40.618Z"}
{"level":"info","message":"Router-----store Register Form Data","timestamp":"2025-01-02T12:21:40.624Z"}
{"level":"info","message":"GET URL REQ => http://localhost:6201/api/v1/validateTokenData","timestamp":"2025-01-02T12:21:40.624Z"}
{"level":"info","message":"GET URL REQ => http://localhost:6201/api/v1/therapist/approvalData","timestamp":"2025-01-02T12:21:40.962Z"}
{"level":"info","message":"GET URL REQ => http://localhost:6201/api/v1/therapist/approvalData","timestamp":"2025-01-02T12:21:40.975Z"}
{"level":"info","message":"GET URL REQ => http://localhost:6201/api/v1/director/userData","timestamp":"2025-01-02T12:21:45.190Z"}
{"level":"info","message":"GET URL REQ line 1133=> http://localhost:6201/api/v1/user/profileData","timestamp":"2025-01-02T12:21:45.281Z"}
{"level":"info","message":"GET URL REQ => http://localhost:6201/api/v1/profile/passRegisterData","timestamp":"2025-01-02T12:21:45.285Z"}
{"level":"info","message":"GET URL REQ => http://localhost:6201/api/v1/profile/passRegisterData","timestamp":"2025-01-02T12:21:45.289Z"}
{"level":"info","message":"GET URL REQ line 1133=> http://localhost:6201/api/v1/user/profileData","timestamp":"2025-01-02T12:21:45.294Z"}
{"level":"info","message":"GET URL REQ => http://localhost:6201/api/v1/profile/MemberList","timestamp":"2025-01-02T12:21:50.045Z"}
{"level":"info","message":"GET URL REQ => http://localhost:6201/api/v1/profile/sectionTime","timestamp":"2025-01-02T12:21:52.854Z"}
{"level":"info","message":"GET URL REQ => http://localhost:6201/api/v1/profile/PackageTime","timestamp":"2025-01-02T12:21:54.720Z"}
{"level":"info","message":"\n\n\nGET URL REQ line 514=> http://localhost:6201/api/v1/profile/SessionUpdate\n\n\n","timestamp":"2025-01-02T12:21:57.117Z"}
{"level":"info","message":"GET URL REQ line 1133=> http://localhost:6201/api/v1/user/profileData","timestamp":"2025-01-02T12:21:57.270Z"}
{"level":"info","message":"Router-----store Register Form Data","timestamp":"2025-01-02T12:22:58.579Z"}
{"level":"info","message":"GET URL REQ => http://localhost:6201/api/v1/validateTokenData","timestamp":"2025-01-02T12:22:58.580Z"}
{"level":"info","message":"Router-----store Register Form Data","timestamp":"2025-01-02T12:22:58.585Z"}
{"level":"info","message":"GET URL REQ => http://localhost:6201/api/v1/validateTokenData","timestamp":"2025-01-02T12:22:58.586Z"}
{"level":"info","message":"GET URL REQ => http://localhost:6201/api/v1/staff/userManagementPage","timestamp":"2025-01-02T12:22:58.834Z"}
{"level":"info","message":"GET URL REQ => http://localhost:6201/api/v1/staff/userManagementPage","timestamp":"2025-01-02T12:22:58.843Z"}
{"level":"info","message":"Router-----store Register Form Data","timestamp":"2025-01-02T12:23:01.019Z"}
{"level":"info","message":"GET URL REQ => http://localhost:6201/api/v1/validateTokenData","timestamp":"2025-01-02T12:23:01.020Z"}
{"level":"info","message":"Router-----store Register Form Data","timestamp":"2025-01-02T12:23:01.026Z"}
{"level":"info","message":"GET URL REQ => http://localhost:6201/api/v1/validateTokenData","timestamp":"2025-01-02T12:23:01.027Z"}
{"level":"info","message":"GET URL REQ => http://localhost:6201/api/v1/staff/userManagementPage","timestamp":"2025-01-02T12:23:01.134Z"}
{"level":"info","message":"GET URL REQ => http://localhost:6201/api/v1/staff/userManagementPage","timestamp":"2025-01-02T12:23:01.149Z"}
{"level":"info","message":"GET URL REQ => http://localhost:6201/api/v1/director/userData","timestamp":"2025-01-02T12:23:06.507Z"}
{"level":"info","message":"GET URL REQ => http://localhost:6201/api/v1/profile/passRegisterData","timestamp":"2025-01-02T12:23:06.513Z"}
{"level":"info","message":"GET URL REQ line 1133=> http://localhost:6201/api/v1/user/profileData","timestamp":"2025-01-02T12:23:06.755Z"}
{"level":"info","message":"GET URL REQ line 1133=> http://localhost:6201/api/v1/user/profileData","timestamp":"2025-01-02T12:23:06.765Z"}
{"level":"info","message":"GET URL REQ => http://localhost:6201/api/v1/profile/MemberList","timestamp":"2025-01-02T12:23:10.646Z"}
{"level":"info","message":"GET URL REQ => http://localhost:6201/api/v1/profile/sectionTime","timestamp":"2025-01-02T12:23:14.206Z"}
{"level":"info","message":"GET URL REQ => http://localhost:6201/api/v1/profile/PackageTime","timestamp":"2025-01-02T12:23:17.204Z"}
{"level":"info","message":"\n\n\nGET URL REQ line 514=> http://localhost:6201/api/v1/profile/SessionUpdate\n\n\n","timestamp":"2025-01-02T12:23:24.346Z"}
{"level":"info","message":"GET URL REQ => http://localhost:6201/api/v1/staff/userManagementPage","timestamp":"2025-01-02T12:23:24.459Z"}
{"level":"info","message":"GET URL REQ => http://localhost:6201/api/v1/director/userData","timestamp":"2025-01-02T12:23:44.333Z"}
{"level":"info","message":"GET URL REQ => http://localhost:6201/api/v1/profile/passRegisterData","timestamp":"2025-01-02T12:23:44.339Z"}
{"level":"info","message":"GET URL REQ line 1133=> http://localhost:6201/api/v1/user/profileData","timestamp":"2025-01-02T12:23:44.494Z"}
{"level":"info","message":"GET URL REQ line 1133=> http://localhost:6201/api/v1/user/profileData","timestamp":"2025-01-02T12:23:44.520Z"}
{"level":"info","message":"Router-----store Register Form Data","timestamp":"2025-01-02T12:40:23.823Z"}
{"level":"info","message":"GET URL REQ => http://localhost:6201/api/v1/validateTokenData","timestamp":"2025-01-02T12:40:23.826Z"}
{"level":"info","message":"GET URL REQ => http://localhost:6201/api/v1/attendance/overView","timestamp":"2025-01-02T12:40:23.833Z"}
{"level":"info","message":"Router-----store Register Form Data","timestamp":"2025-01-02T12:40:23.842Z"}
{"level":"info","message":"GET URL REQ => http://localhost:6201/api/v1/validateTokenData","timestamp":"2025-01-02T12:40:23.843Z"}
{"level":"info","message":"GET URL REQ => http://localhost:6201/api/v1/attendance/overView","timestamp":"2025-01-02T12:40:23.848Z"}
{"level":"info","message":"GET URL REQ => http://localhost:6201/api/v1/users/login","timestamp":"2025-01-02T12:40:37.215Z"}
{"level":"info","message":"GET URL REQ => http://localhost:6201/api/v1/staff/dashBoard","timestamp":"2025-01-02T12:40:38.921Z"}
{"level":"info","message":"GET URL REQ => http://localhost:6201/api/v1/staff/dashBoard","timestamp":"2025-01-02T12:40:38.929Z"}
{"level":"info","message":"Router-----store Register Form Data","timestamp":"2025-01-02T12:40:38.936Z"}
{"level":"info","message":"GET URL REQ => http://localhost:6201/api/v1/validateTokenData","timestamp":"2025-01-02T12:40:38.936Z"}
{"level":"info","message":"Router-----store Register Form Data","timestamp":"2025-01-02T12:40:38.939Z"}
{"level":"info","message":"GET URL REQ => http://localhost:6201/api/v1/validateTokenData","timestamp":"2025-01-02T12:40:38.940Z"}
{"level":"info","message":"Router-----store Register Form Data","timestamp":"2025-01-02T12:40:40.315Z"}
{"level":"info","message":"GET URL REQ => http://localhost:6201/api/v1/validateTokenData","timestamp":"2025-01-02T12:40:40.317Z"}
{"level":"info","message":"Router-----store Register Form Data","timestamp":"2025-01-02T12:40:40.321Z"}
{"level":"info","message":"GET URL REQ => http://localhost:6201/api/v1/validateTokenData","timestamp":"2025-01-02T12:40:40.321Z"}
{"level":"info","message":"GET URL REQ => http://localhost:6201/api/v1/attendance/overView","timestamp":"2025-01-02T12:40:40.323Z"}
{"level":"info","message":"GET URL REQ => http://localhost:6201/api/v1/attendance/overView","timestamp":"2025-01-02T12:40:40.330Z"}
{"level":"info","message":"GET URL REQ => http://localhost:6201/api/v1/attendance/session","timestamp":"2025-01-02T12:40:41.853Z"}
{"level":"info","message":"GET URL REQ => http://localhost:6201/api/v1/attendance/session","timestamp":"2025-01-02T12:40:41.865Z"}
{"level":"info","message":"GET URL REQ => http://localhost:6201/api/v1/attendance/reportOptions","timestamp":"2025-01-02T12:41:08.289Z"}
{"level":"info","message":"GET URL REQ => http://localhost:6201/api/v1/attendance/report","timestamp":"2025-01-02T12:41:11.434Z"}
{"level":"info","message":"GET URL REQ => http://localhost:6201/api/v1/attendance/session","timestamp":"2025-01-02T12:43:05.303Z"}
{"level":"info","message":"GET URL REQ => http://localhost:6201/api/v1/attendance/session","timestamp":"2025-01-02T12:43:05.316Z"}
{"level":"info","message":"GET URL REQ => http://localhost:6201/api/v1/attendance/session","timestamp":"2025-01-02T12:43:06.942Z"}
{"level":"info","message":"GET URL REQ => http://localhost:6201/api/v1/attendance/session","timestamp":"2025-01-02T12:43:06.954Z"}
{"level":"info","message":"GET URL REQ => http://localhost:6201/api/v1/attendance/userSearch","timestamp":"2025-01-02T12:43:50.083Z"}
{"level":"info","message":"GET URL REQ => http://localhost:6201/api/v1/attendance/userSearch","timestamp":"2025-01-02T12:43:50.252Z"}
{"level":"info","message":"GET URL REQ => http://localhost:6201/api/v1/attendance/user","timestamp":"2025-01-02T12:43:52.687Z"}
{"level":"info","message":"GET URL REQ => http://localhost:6201/api/v1/attendance/user","timestamp":"2025-01-02T12:43:53.074Z"}
{"level":"info","message":"GET URL REQ => http://localhost:6201/api/v1/attendance/user","timestamp":"2025-01-02T12:43:57.967Z"}
{"level":"info","message":"GET URL REQ => http://localhost:6201/api/v1/attendance/user","timestamp":"2025-01-02T12:43:57.977Z"}
{"level":"info","message":"GET URL REQ => http://localhost:6201/api/v1/attendance/user","timestamp":"2025-01-02T12:43:59.844Z"}
{"level":"info","message":"GET URL REQ => http://localhost:6201/api/v1/attendance/user","timestamp":"2025-01-02T12:43:59.850Z"}
{"level":"info","message":"GET URL REQ => http://localhost:6201/api/v1/attendance/user","timestamp":"2025-01-02T12:44:02.687Z"}
{"level":"info","message":"GET URL REQ => http://localhost:6201/api/v1/attendance/user","timestamp":"2025-01-02T12:44:02.693Z"}
{"level":"info","message":"GET URL REQ => http://localhost:6201/api/v1/attendance/session","timestamp":"2025-01-02T12:44:24.666Z"}
{"level":"info","message":"GET URL REQ => http://localhost:6201/api/v1/attendance/session","timestamp":"2025-01-02T12:44:24.680Z"}
{"level":"info","message":"Router-----store Register Form Data","timestamp":"2025-01-02T12:45:04.205Z"}
{"level":"info","message":"GET URL REQ => http://localhost:6201/api/v1/validateTokenData","timestamp":"2025-01-02T12:45:04.206Z"}
{"level":"info","message":"GET URL REQ => http://localhost:6201/api/v1/studentFees/Data","timestamp":"2025-01-02T12:45:04.211Z"}
{"level":"info","message":"Router-----store Register Form Data","timestamp":"2025-01-02T12:45:04.215Z"}
{"level":"info","message":"GET URL REQ => http://localhost:6201/api/v1/validateTokenData","timestamp":"2025-01-02T12:45:04.217Z"}
{"level":"info","message":"GET URL REQ => http://localhost:6201/api/v1/studentFees/Data","timestamp":"2025-01-02T12:45:04.221Z"}
{"level":"info","message":"Router-----store Register Form Data","timestamp":"2025-01-02T12:45:06.586Z"}
{"level":"info","message":"GET URL REQ => http://localhost:6201/api/v1/validateTokenData","timestamp":"2025-01-02T12:45:06.587Z"}
{"level":"info","message":"Router-----store Register Form Data","timestamp":"2025-01-02T12:45:06.591Z"}
{"level":"info","message":"GET URL REQ => http://localhost:6201/api/v1/validateTokenData","timestamp":"2025-01-02T12:45:06.591Z"}
{"level":"info","message":"GET URL REQ => http://localhost:6201/api/v1/staff/studentApproval","timestamp":"2025-01-02T12:45:06.686Z"}
{"level":"info","message":"GET URL REQ => http://localhost:6201/api/v1/staff/studentApproval","timestamp":"2025-01-02T12:45:06.785Z"}
{"level":"info","message":"Router-----store Register Form Data","timestamp":"2025-01-02T12:45:08.623Z"}
{"level":"info","message":"GET URL REQ => http://localhost:6201/api/v1/validateTokenData","timestamp":"2025-01-02T12:45:08.623Z"}
{"level":"info","message":"Router-----store Register Form Data","timestamp":"2025-01-02T12:45:08.627Z"}
{"level":"info","message":"GET URL REQ => http://localhost:6201/api/v1/validateTokenData","timestamp":"2025-01-02T12:45:08.628Z"}
{"level":"info","message":"GET URL REQ => http://localhost:6201/api/v1/therapist/approvalData","timestamp":"2025-01-02T12:45:08.758Z"}
{"level":"info","message":"GET URL REQ => http://localhost:6201/api/v1/therapist/approvalData","timestamp":"2025-01-02T12:45:08.770Z"}
{"level":"info","message":"Router-----store Register Form Data","timestamp":"2025-01-02T12:45:09.502Z"}
{"level":"info","message":"GET URL REQ => http://localhost:6201/api/v1/validateTokenData","timestamp":"2025-01-02T12:45:09.503Z"}
{"level":"info","message":"Router-----store Register Form Data","timestamp":"2025-01-02T12:45:09.507Z"}
{"level":"info","message":"GET URL REQ => http://localhost:6201/api/v1/validateTokenData","timestamp":"2025-01-02T12:45:09.508Z"}
{"level":"info","message":"GET URL REQ => http://localhost:6201/api/v1/staff/userManagementPage","timestamp":"2025-01-02T12:45:09.599Z"}
{"level":"info","message":"GET URL REQ => http://localhost:6201/api/v1/staff/userManagementPage","timestamp":"2025-01-02T12:45:09.608Z"}
{"level":"info","message":"GET URL REQ => http://localhost:6201/api/v1/staff/dashBoard","timestamp":"2025-01-02T12:45:10.598Z"}
{"level":"info","message":"Router-----store Register Form Data","timestamp":"2025-01-02T12:45:10.601Z"}
{"level":"info","message":"GET URL REQ => http://localhost:6201/api/v1/validateTokenData","timestamp":"2025-01-02T12:45:10.602Z"}
{"level":"info","message":"GET URL REQ => http://localhost:6201/api/v1/staff/dashBoard","timestamp":"2025-01-02T12:45:10.604Z"}
{"level":"info","message":"Router-----store Register Form Data","timestamp":"2025-01-02T12:45:10.607Z"}
{"level":"info","message":"GET URL REQ => http://localhost:6201/api/v1/validateTokenData","timestamp":"2025-01-02T12:45:10.607Z"}
{"level":"info","message":"server running --- from server.ts","timestamp":"2025-01-02T15:37:13.659Z"}
{"level":"info","message":"GET URL REQ => http://localhost:6201/api/v1/users/login","timestamp":"2025-01-02T15:39:01.377Z"}
{"level":"error","message":"Error in userLogin: Database query failed: connect ENETUNREACH 65.2.63.226:5432","stack":"Error: Database query failed: connect ENETUNREACH 65.2.63.226:5432\n    at C:\\Users\\VIJAY L\\Desktop\\backend1\\src\\helper\\db.ts:46:11\n    at Generator.throw (<anonymous>)\n    at rejected (C:\\Users\\VIJAY L\\Desktop\\backend1\\src\\helper\\db.ts:6:65)\n    at processTicksAndRejections (node:internal/process/task_queues:95:5)","timestamp":"2025-01-02T15:39:01.398Z"}
{"level":"info","message":"GET URL REQ => http://localhost:6201/api/v1/users/login","timestamp":"2025-01-02T16:05:50.567Z"}
{"level":"info","message":"GET URL REQ => http://localhost:6201/api/v1/staff/dashBoard","timestamp":"2025-01-02T16:05:58.149Z"}
{"level":"info","message":"Router-----store Register Form Data","timestamp":"2025-01-02T16:05:58.155Z"}
{"level":"info","message":"GET URL REQ => http://localhost:6201/api/v1/validateTokenData","timestamp":"2025-01-02T16:05:58.157Z"}
{"level":"info","message":"GET URL REQ => http://localhost:6201/api/v1/staff/dashBoard","timestamp":"2025-01-02T16:05:58.168Z"}
{"level":"info","message":"Router-----store Register Form Data","timestamp":"2025-01-02T16:05:58.175Z"}
{"level":"info","message":"GET URL REQ => http://localhost:6201/api/v1/validateTokenData","timestamp":"2025-01-02T16:05:58.177Z"}
{"level":"info","message":"Router-----store Register Form Data","timestamp":"2025-01-02T16:06:49.587Z"}
{"level":"info","message":"GET URL REQ => http://localhost:6201/api/v1/validateTokenData","timestamp":"2025-01-02T16:06:49.590Z"}
{"level":"info","message":"Router-----store Register Form Data","timestamp":"2025-01-02T16:06:49.599Z"}
{"level":"info","message":"GET URL REQ => http://localhost:6201/api/v1/validateTokenData","timestamp":"2025-01-02T16:06:49.600Z"}
{"level":"info","message":"GET URL REQ => http://localhost:6201/api/v1/director/userTypeLabel","timestamp":"2025-01-02T16:06:49.614Z"}
{"level":"info","message":"GET URL REQ => http://localhost:6201/api/v1/director/userTypeLabel","timestamp":"2025-01-02T16:06:49.627Z"}
{"level":"info","message":"GET URL REQ => http://localhost:6201/api/v1/director/staff","timestamp":"2025-01-02T16:06:50.475Z"}
{"level":"info","message":"GET URL REQ => http://localhost:6201/api/v1/director/staff","timestamp":"2025-01-02T16:06:50.485Z"}
{"level":"info","message":"GET URL REQ => http://localhost:6201/api/v1/director/addEmployee","timestamp":"2025-01-02T16:07:43.947Z"}
{"level":"info","message":"GET URL REQ => http://localhost:6201/api/v1/director/userTypeLabel","timestamp":"2025-01-02T16:07:47.425Z"}
{"level":"info","message":"GET URL REQ => http://localhost:6201/api/v1/director/staff","timestamp":"2025-01-02T16:07:47.576Z"}
{"level":"info","message":"GET URL REQ => http://localhost:6201/api/v1/director/userData","timestamp":"2025-01-02T16:08:22.334Z"}
{"level":"info","message":"GET URL REQ => http://localhost:6201/api/v1/profile/passRegisterData","timestamp":"2025-01-02T16:08:22.604Z"}
{"level":"info","message":"GET URL REQ => http://localhost:6201/api/v1/staff/ProfileData","timestamp":"2025-01-02T16:08:24.478Z"}
{"level":"info","message":"GET URL REQ => http://localhost:6201/api/v1/profile/passRegisterData","timestamp":"2025-01-02T16:08:24.485Z"}
{"level":"info","message":"GET URL REQ => http://localhost:6201/api/v1/staff/ProfileData","timestamp":"2025-01-02T16:08:25.465Z"}
{"level":"info","message":"GET URL REQ => http://localhost:6201/api/v1/director/userData","timestamp":"2025-01-02T16:08:32.704Z"}
{"level":"info","message":"GET URL REQ => http://localhost:6201/api/v1/profile/passRegisterData","timestamp":"2025-01-02T16:08:36.693Z"}
{"level":"info","message":"GET URL REQ => http://localhost:6201/api/v1/staff/ProfileData","timestamp":"2025-01-02T16:08:38.592Z"}
{"level":"info","message":"GET URL REQ => http://localhost:6201/api/v1/profile/passRegisterData","timestamp":"2025-01-02T16:08:42.847Z"}
{"level":"info","message":"GET URL REQ => http://localhost:6201/api/v1/staff/ProfileData","timestamp":"2025-01-02T16:08:48.503Z"}
{"level":"info","message":"GET URL REQ => http://localhost:6201/api/v1/director/userData","timestamp":"2025-01-02T16:13:26.673Z"}
{"level":"info","message":"GET URL REQ => http://localhost:6201/api/v1/profile/passRegisterData","timestamp":"2025-01-02T16:13:26.808Z"}
{"level":"info","message":"GET URL REQ => http://localhost:6201/api/v1/staff/ProfileData","timestamp":"2025-01-02T16:13:48.158Z"}
{"level":"info","message":"GET URL REQ => http://localhost:6201/api/v1/profile/passRegisterData","timestamp":"2025-01-02T16:13:48.192Z"}
{"level":"info","message":"GET URL REQ => http://localhost:6201/api/v1/staff/ProfileData","timestamp":"2025-01-02T16:13:50.162Z"}
{"level":"info","message":"GET URL REQ => http://localhost:6201/api/v1/director/userData","timestamp":"2025-01-02T16:14:18.476Z"}
{"level":"info","message":"GET URL REQ => http://localhost:6201/api/v1/profile/passRegisterData","timestamp":"2025-01-02T16:14:18.674Z"}
{"level":"info","message":"GET URL REQ => http://localhost:6201/api/v1/staff/ProfileData","timestamp":"2025-01-02T16:14:20.177Z"}
{"level":"info","message":"GET URL REQ => http://localhost:6201/api/v1/profile/passRegisterData","timestamp":"2025-01-02T16:14:20.207Z"}
{"level":"info","message":"GET URL REQ => http://localhost:6201/api/v1/staff/ProfileData","timestamp":"2025-01-02T16:14:20.806Z"}
{"level":"info","message":"GET URL REQ => http://localhost:6201/api/v1/director/userData","timestamp":"2025-01-02T16:14:25.602Z"}
{"level":"info","message":"GET URL REQ => http://localhost:6201/api/v1/profile/passRegisterData","timestamp":"2025-01-02T16:14:25.745Z"}
{"level":"info","message":"GET URL REQ => http://localhost:6201/api/v1/staff/ProfileData","timestamp":"2025-01-02T16:14:26.929Z"}
{"level":"info","message":"GET URL REQ => http://localhost:6201/api/v1/profile/passRegisterData","timestamp":"2025-01-02T16:14:26.957Z"}
{"level":"info","message":"GET URL REQ => http://localhost:6201/api/v1/staff/ProfileData","timestamp":"2025-01-02T16:14:27.465Z"}
{"level":"info","message":"GET URL REQ => http://localhost:6201/api/v1/profile/passRegisterData","timestamp":"2025-01-02T16:15:09.372Z"}
{"level":"info","message":"GET URL REQ => http://localhost:6201/api/v1/staff/ProfileData","timestamp":"2025-01-02T16:15:09.383Z"}
{"level":"info","message":"Router-----store Register Form Data","timestamp":"2025-01-02T16:15:31.960Z"}
{"level":"info","message":"GET URL REQ => http://localhost:6201/api/v1/validateTokenData","timestamp":"2025-01-02T16:15:31.963Z"}
{"level":"info","message":"Router-----store Register Form Data","timestamp":"2025-01-02T16:15:31.969Z"}
{"level":"info","message":"GET URL REQ => http://localhost:6201/api/v1/validateTokenData","timestamp":"2025-01-02T16:15:31.970Z"}
{"level":"info","message":"GET URL REQ => http://localhost:6201/api/v1/director/userTypeLabel","timestamp":"2025-01-02T16:15:31.974Z"}
{"level":"info","message":"GET URL REQ => http://localhost:6201/api/v1/director/userTypeLabel","timestamp":"2025-01-02T16:15:31.983Z"}
{"level":"info","message":"server running --- from server.ts","timestamp":"2025-01-02T16:16:08.154Z"}
{"level":"info","message":"GET URL REQ => http://localhost:6201/api/v1/users/login","timestamp":"2025-01-02T16:16:15.514Z"}
{"level":"info","message":"GET URL REQ => http://localhost:6201/api/v1/staff/dashBoard","timestamp":"2025-01-02T16:16:20.485Z"}
{"level":"info","message":"GET URL REQ => http://localhost:6201/api/v1/staff/dashBoard","timestamp":"2025-01-02T16:16:20.504Z"}
{"level":"info","message":"Router-----store Register Form Data","timestamp":"2025-01-02T16:16:20.517Z"}
{"level":"info","message":"GET URL REQ => http://localhost:6201/api/v1/validateTokenData","timestamp":"2025-01-02T16:16:20.518Z"}
{"level":"info","message":"Router-----store Register Form Data","timestamp":"2025-01-02T16:16:20.528Z"}
{"level":"info","message":"GET URL REQ => http://localhost:6201/api/v1/validateTokenData","timestamp":"2025-01-02T16:16:20.530Z"}
{"level":"info","message":"Router-----store Register Form Data","timestamp":"2025-01-02T16:16:58.376Z"}
{"level":"info","message":"GET URL REQ => http://localhost:6201/api/v1/validateTokenData","timestamp":"2025-01-02T16:16:58.377Z"}
{"level":"info","message":"Router-----store Register Form Data","timestamp":"2025-01-02T16:16:58.386Z"}
{"level":"info","message":"GET URL REQ => http://localhost:6201/api/v1/validateTokenData","timestamp":"2025-01-02T16:16:58.387Z"}
{"level":"info","message":"Router-----store Register Form Data","timestamp":"2025-01-02T16:16:58.941Z"}
{"level":"info","message":"GET URL REQ => http://localhost:6201/api/v1/validateTokenData","timestamp":"2025-01-02T16:16:58.943Z"}
{"level":"info","message":"Router-----store Register Form Data","timestamp":"2025-01-02T16:16:58.958Z"}
{"level":"info","message":"GET URL REQ => http://localhost:6201/api/v1/validateTokenData","timestamp":"2025-01-02T16:16:58.960Z"}
{"level":"info","message":"GET URL REQ => http://localhost:6201/api/v1/director/userTypeLabel","timestamp":"2025-01-02T16:16:58.971Z"}
{"level":"info","message":"GET URL REQ => http://localhost:6201/api/v1/director/userTypeLabel","timestamp":"2025-01-02T16:16:58.987Z"}
{"level":"info","message":"GET URL REQ => http://localhost:6201/api/v1/director/staff","timestamp":"2025-01-02T16:17:00.432Z"}
{"level":"info","message":"GET URL REQ => http://localhost:6201/api/v1/director/staff","timestamp":"2025-01-02T16:17:00.443Z"}
{"level":"info","message":"GET URL REQ => http://localhost:6201/api/v1/director/userData","timestamp":"2025-01-02T16:17:03.248Z"}
{"level":"info","message":"GET URL REQ => http://localhost:6201/api/v1/staff/ProfileData","timestamp":"2025-01-02T16:17:03.381Z"}
{"level":"info","message":"GET URL REQ => http://localhost:6201/api/v1/profile/passRegisterData","timestamp":"2025-01-02T16:17:03.386Z"}
{"level":"info","message":"GET URL REQ => http://localhost:6201/api/v1/profile/passRegisterData","timestamp":"2025-01-02T16:17:03.394Z"}
{"level":"info","message":"GET URL REQ => http://localhost:6201/api/v1/staff/ProfileData","timestamp":"2025-01-02T16:17:03.401Z"}
{"level":"info","message":"Router-----store Register Form Data","timestamp":"2025-01-02T16:20:21.642Z"}
{"level":"info","message":"GET URL REQ => http://localhost:6201/api/v1/validateTokenData","timestamp":"2025-01-02T16:20:21.643Z"}
{"level":"info","message":"Router-----store Register Form Data","timestamp":"2025-01-02T16:20:21.648Z"}
{"level":"info","message":"GET URL REQ => http://localhost:6201/api/v1/validateTokenData","timestamp":"2025-01-02T16:20:21.650Z"}
{"level":"info","message":"GET URL REQ => http://localhost:6201/api/v1/futureClients/data","timestamp":"2025-01-02T16:20:22.124Z"}
{"level":"info","message":"GET URL REQ => http://localhost:6201/api/v1/futureClients/data","timestamp":"2025-01-02T16:20:22.236Z"}
{"level":"info","message":"Router-----store Register Form Data","timestamp":"2025-01-02T16:20:24.468Z"}
{"level":"info","message":"GET URL REQ => http://localhost:6201/api/v1/validateTokenData","timestamp":"2025-01-02T16:20:24.469Z"}
{"level":"info","message":"Router-----store Register Form Data","timestamp":"2025-01-02T16:20:24.474Z"}
{"level":"info","message":"GET URL REQ => http://localhost:6201/api/v1/validateTokenData","timestamp":"2025-01-02T16:20:24.475Z"}
{"level":"info","message":"GET URL REQ => http://localhost:6201/api/v1/attendance/overView","timestamp":"2025-01-02T16:20:24.485Z"}
{"level":"info","message":"GET URL REQ => http://localhost:6201/api/v1/attendance/overView","timestamp":"2025-01-02T16:20:24.492Z"}
{"level":"info","message":"Router-----store Register Form Data","timestamp":"2025-01-02T16:20:42.115Z"}
{"level":"info","message":"GET URL REQ => http://localhost:6201/api/v1/validateTokenData","timestamp":"2025-01-02T16:20:42.116Z"}
{"level":"info","message":"Router-----store Register Form Data","timestamp":"2025-01-02T16:20:42.120Z"}
{"level":"info","message":"GET URL REQ => http://localhost:6201/api/v1/validateTokenData","timestamp":"2025-01-02T16:20:42.121Z"}
{"level":"info","message":"GET URL REQ => http://localhost:6201/api/v1/director/userTypeLabel","timestamp":"2025-01-02T16:20:42.124Z"}
{"level":"info","message":"GET URL REQ => http://localhost:6201/api/v1/director/userTypeLabel","timestamp":"2025-01-02T16:20:42.132Z"}
{"level":"info","message":"GET URL REQ => http://localhost:6201/api/v1/director/staff","timestamp":"2025-01-02T16:20:42.771Z"}
{"level":"info","message":"GET URL REQ => http://localhost:6201/api/v1/director/staff","timestamp":"2025-01-02T16:20:42.786Z"}
{"level":"info","message":"GET URL REQ => http://localhost:6201/api/v1/director/userData","timestamp":"2025-01-02T16:20:49.311Z"}
{"level":"info","message":"GET URL REQ => http://localhost:6201/api/v1/staff/ProfileData","timestamp":"2025-01-02T16:20:49.394Z"}
{"level":"info","message":"GET URL REQ => http://localhost:6201/api/v1/profile/passRegisterData","timestamp":"2025-01-02T16:20:49.402Z"}
{"level":"info","message":"GET URL REQ => http://localhost:6201/api/v1/profile/passRegisterData","timestamp":"2025-01-02T16:20:49.407Z"}
{"level":"info","message":"GET URL REQ => http://localhost:6201/api/v1/staff/ProfileData","timestamp":"2025-01-02T16:20:49.414Z"}
{"level":"info","message":"Router-----store Register Form Data","timestamp":"2025-01-02T16:21:00.102Z"}
{"level":"info","message":"GET URL REQ => http://localhost:6201/api/v1/validateTokenData","timestamp":"2025-01-02T16:21:00.103Z"}
{"level":"info","message":"Router-----store Register Form Data","timestamp":"2025-01-02T16:21:00.109Z"}
{"level":"info","message":"GET URL REQ => http://localhost:6201/api/v1/validateTokenData","timestamp":"2025-01-02T16:21:00.110Z"}
{"level":"info","message":"GET URL REQ => http://localhost:6201/api/v1/futureClients/data","timestamp":"2025-01-02T16:21:00.291Z"}
{"level":"info","message":"GET URL REQ => http://localhost:6201/api/v1/futureClients/data","timestamp":"2025-01-02T16:21:00.303Z"}
{"level":"info","message":"Router-----store Register Form Data","timestamp":"2025-01-02T16:21:01.173Z"}
{"level":"info","message":"GET URL REQ => http://localhost:6201/api/v1/validateTokenData","timestamp":"2025-01-02T16:21:01.174Z"}
{"level":"info","message":"GET URL REQ => http://localhost:6201/api/v1/director/userTypeLabel","timestamp":"2025-01-02T16:21:01.180Z"}
{"level":"info","message":"Router-----store Register Form Data","timestamp":"2025-01-02T16:21:01.188Z"}
{"level":"info","message":"GET URL REQ => http://localhost:6201/api/v1/validateTokenData","timestamp":"2025-01-02T16:21:01.189Z"}
{"level":"info","message":"GET URL REQ => http://localhost:6201/api/v1/director/userTypeLabel","timestamp":"2025-01-02T16:21:01.197Z"}
{"level":"info","message":"GET URL REQ => http://localhost:6201/api/v1/director/staff","timestamp":"2025-01-02T16:21:01.363Z"}
{"level":"info","message":"GET URL REQ => http://localhost:6201/api/v1/director/staff","timestamp":"2025-01-02T16:21:01.381Z"}
{"level":"info","message":"Router-----store Register Form Data","timestamp":"2025-01-02T16:21:22.335Z"}
{"level":"info","message":"GET URL REQ => http://localhost:6201/api/v1/validateTokenData","timestamp":"2025-01-02T16:21:22.335Z"}
{"level":"info","message":"Router-----store Register Form Data","timestamp":"2025-01-02T16:21:22.341Z"}
{"level":"info","message":"GET URL REQ => http://localhost:6201/api/v1/validateTokenData","timestamp":"2025-01-02T16:21:22.342Z"}
{"level":"info","message":"GET URL REQ => http://localhost:6201/api/v1/director/userAuditList","timestamp":"2025-01-02T16:21:28.417Z"}
{"level":"info","message":"GET URL REQ => http://localhost:6201/api/v1/director/userAuditList","timestamp":"2025-01-02T16:21:28.426Z"}
{"level":"info","message":"GET URL REQ => http://localhost:6201/api/v1/director/userAuditList","timestamp":"2025-01-02T16:21:28.474Z"}
{"level":"info","message":"Router-----store Register Form Data","timestamp":"2025-01-02T16:21:39.856Z"}
{"level":"info","message":"GET URL REQ => http://localhost:6201/api/v1/validateTokenData","timestamp":"2025-01-02T16:21:39.857Z"}
{"level":"info","message":"GET URL REQ => http://localhost:6201/api/v1/attendance/overView","timestamp":"2025-01-02T16:21:39.861Z"}
{"level":"info","message":"Router-----store Register Form Data","timestamp":"2025-01-02T16:21:39.869Z"}
{"level":"info","message":"GET URL REQ => http://localhost:6201/api/v1/validateTokenData","timestamp":"2025-01-02T16:21:39.870Z"}
{"level":"info","message":"GET URL REQ => http://localhost:6201/api/v1/attendance/overView","timestamp":"2025-01-02T16:21:39.874Z"}
{"level":"info","message":"Router-----store Register Form Data","timestamp":"2025-01-02T16:21:51.060Z"}
{"level":"info","message":"GET URL REQ => http://localhost:6201/api/v1/validateTokenData","timestamp":"2025-01-02T16:21:51.062Z"}
{"level":"info","message":"Router-----store Register Form Data","timestamp":"2025-01-02T16:21:51.069Z"}
{"level":"info","message":"GET URL REQ => http://localhost:6201/api/v1/validateTokenData","timestamp":"2025-01-02T16:21:51.070Z"}
{"level":"info","message":"GET URL REQ => http://localhost:6201/api/v1/studentFees/Data","timestamp":"2025-01-02T16:21:51.081Z"}
{"level":"info","message":"GET URL REQ => http://localhost:6201/api/v1/studentFees/Data","timestamp":"2025-01-02T16:21:51.093Z"}
{"level":"info","message":"Router-----store Register Form Data","timestamp":"2025-01-02T16:21:53.988Z"}
{"level":"info","message":"GET URL REQ => http://localhost:6201/api/v1/validateTokenData","timestamp":"2025-01-02T16:21:53.990Z"}
{"level":"info","message":"GET URL REQ => http://localhost:6201/api/v1/attendance/overView","timestamp":"2025-01-02T16:21:53.994Z"}
{"level":"info","message":"Router-----store Register Form Data","timestamp":"2025-01-02T16:21:54.001Z"}
{"level":"info","message":"GET URL REQ => http://localhost:6201/api/v1/validateTokenData","timestamp":"2025-01-02T16:21:54.002Z"}
{"level":"info","message":"GET URL REQ => http://localhost:6201/api/v1/attendance/overView","timestamp":"2025-01-02T16:21:54.005Z"}
{"level":"info","message":"Router-----store Register Form Data","timestamp":"2025-01-02T16:21:58.353Z"}
{"level":"info","message":"GET URL REQ => http://localhost:6201/api/v1/validateTokenData","timestamp":"2025-01-02T16:21:58.354Z"}
{"level":"info","message":"GET URL REQ => http://localhost:6201/api/v1/attendance/overView","timestamp":"2025-01-02T16:21:58.357Z"}
{"level":"info","message":"Router-----store Register Form Data","timestamp":"2025-01-02T16:21:58.367Z"}
{"level":"info","message":"GET URL REQ => http://localhost:6201/api/v1/validateTokenData","timestamp":"2025-01-02T16:21:58.367Z"}
{"level":"info","message":"GET URL REQ => http://localhost:6201/api/v1/attendance/overView","timestamp":"2025-01-02T16:21:58.370Z"}
{"level":"info","message":"GET URL REQ => http://localhost:6201/api/v1/staff/dashBoard","timestamp":"2025-01-02T16:22:00.055Z"}
{"level":"info","message":"Router-----store Register Form Data","timestamp":"2025-01-02T16:22:00.064Z"}
{"level":"info","message":"GET URL REQ => http://localhost:6201/api/v1/validateTokenData","timestamp":"2025-01-02T16:22:00.065Z"}
{"level":"info","message":"GET URL REQ => http://localhost:6201/api/v1/staff/dashBoard","timestamp":"2025-01-02T16:22:00.070Z"}
{"level":"info","message":"Router-----store Register Form Data","timestamp":"2025-01-02T16:22:00.076Z"}
{"level":"info","message":"GET URL REQ => http://localhost:6201/api/v1/validateTokenData","timestamp":"2025-01-02T16:22:00.078Z"}
{"level":"info","message":"Router-----store Register Form Data","timestamp":"2025-01-02T16:22:29.573Z"}
{"level":"info","message":"GET URL REQ => http://localhost:6201/api/v1/validateTokenData","timestamp":"2025-01-02T16:22:29.575Z"}
{"level":"info","message":"GET URL REQ => http://localhost:6201/api/v1/attendance/overView","timestamp":"2025-01-02T16:22:29.584Z"}
{"level":"info","message":"Router-----store Register Form Data","timestamp":"2025-01-02T16:22:29.593Z"}
{"level":"info","message":"GET URL REQ => http://localhost:6201/api/v1/validateTokenData","timestamp":"2025-01-02T16:22:29.594Z"}
{"level":"info","message":"GET URL REQ => http://localhost:6201/api/v1/attendance/overView","timestamp":"2025-01-02T16:22:29.601Z"}
{"level":"info","message":"GET URL REQ => http://localhost:6201/api/v1/users/login","timestamp":"2025-01-02T16:22:37.915Z"}
{"level":"info","message":"GET URL REQ => http://localhost:6201/api/v1/staff/dashBoard","timestamp":"2025-01-02T16:22:39.761Z"}
{"level":"info","message":"Router-----store Register Form Data","timestamp":"2025-01-02T16:22:39.765Z"}
{"level":"info","message":"GET URL REQ => http://localhost:6201/api/v1/validateTokenData","timestamp":"2025-01-02T16:22:39.766Z"}
{"level":"info","message":"Router-----store Register Form Data","timestamp":"2025-01-02T16:22:39.771Z"}
{"level":"info","message":"GET URL REQ => http://localhost:6201/api/v1/validateTokenData","timestamp":"2025-01-02T16:22:39.773Z"}
{"level":"info","message":"GET URL REQ => http://localhost:6201/api/v1/staff/dashBoard","timestamp":"2025-01-02T16:22:39.777Z"}
{"level":"info","message":"Router-----store Register Form Data","timestamp":"2025-01-02T16:22:42.927Z"}
{"level":"info","message":"GET URL REQ => http://localhost:6201/api/v1/validateTokenData","timestamp":"2025-01-02T16:22:42.929Z"}
{"level":"info","message":"GET URL REQ => http://localhost:6201/api/v1/attendance/overView","timestamp":"2025-01-02T16:22:42.938Z"}
{"level":"info","message":"Router-----store Register Form Data","timestamp":"2025-01-02T16:22:42.946Z"}
{"level":"info","message":"GET URL REQ => http://localhost:6201/api/v1/validateTokenData","timestamp":"2025-01-02T16:22:42.947Z"}
{"level":"info","message":"GET URL REQ => http://localhost:6201/api/v1/attendance/overView","timestamp":"2025-01-02T16:22:42.954Z"}
{"level":"info","message":"GET URL REQ => http://localhost:6201/api/v1/attendance/session","timestamp":"2025-01-02T16:23:00.483Z"}
{"level":"info","message":"GET URL REQ => http://localhost:6201/api/v1/attendance/session","timestamp":"2025-01-02T16:23:00.496Z"}
{"level":"info","message":"Router-----store Register Form Data","timestamp":"2025-01-02T16:24:12.922Z"}
{"level":"info","message":"GET URL REQ => http://localhost:6201/api/v1/validateTokenData","timestamp":"2025-01-02T16:24:12.924Z"}
{"level":"info","message":"GET URL REQ => http://localhost:6201/api/v1/director/userTypeLabel","timestamp":"2025-01-02T16:24:12.931Z"}
{"level":"info","message":"Router-----store Register Form Data","timestamp":"2025-01-02T16:24:12.938Z"}
{"level":"info","message":"GET URL REQ => http://localhost:6201/api/v1/validateTokenData","timestamp":"2025-01-02T16:24:12.939Z"}
{"level":"info","message":"GET URL REQ => http://localhost:6201/api/v1/director/userTypeLabel","timestamp":"2025-01-02T16:24:12.945Z"}
{"level":"info","message":"GET URL REQ => http://localhost:6201/api/v1/director/staff","timestamp":"2025-01-02T16:24:13.510Z"}
{"level":"info","message":"GET URL REQ => http://localhost:6201/api/v1/director/staff","timestamp":"2025-01-02T16:24:13.524Z"}
{"level":"info","message":"Router-----store Register Form Data","timestamp":"2025-01-02T16:24:17.007Z"}
{"level":"info","message":"GET URL REQ => http://localhost:6201/api/v1/validateTokenData","timestamp":"2025-01-02T16:24:17.009Z"}
{"level":"info","message":"GET URL REQ => http://localhost:6201/api/v1/attendance/overView","timestamp":"2025-01-02T16:24:17.016Z"}
{"level":"info","message":"Router-----store Register Form Data","timestamp":"2025-01-02T16:24:17.025Z"}
{"level":"info","message":"GET URL REQ => http://localhost:6201/api/v1/validateTokenData","timestamp":"2025-01-02T16:24:17.026Z"}
{"level":"info","message":"GET URL REQ => http://localhost:6201/api/v1/attendance/overView","timestamp":"2025-01-02T16:24:17.033Z"}
{"level":"info","message":"GET URL REQ => http://localhost:6201/api/v1/attendance/session","timestamp":"2025-01-02T16:24:18.778Z"}
{"level":"info","message":"GET URL REQ => http://localhost:6201/api/v1/attendance/session","timestamp":"2025-01-02T16:24:18.791Z"}
{"level":"info","message":"GET URL REQ => http://localhost:6201/api/v1/attendance/session","timestamp":"2025-01-02T16:26:38.345Z"}
{"level":"info","message":"GET URL REQ => http://localhost:6201/api/v1/attendance/session","timestamp":"2025-01-02T16:26:40.538Z"}
{"level":"info","message":"GET URL REQ => http://localhost:6201/api/v1/attendance/session","timestamp":"2025-01-02T16:26:57.700Z"}
{"level":"info","message":"GET URL REQ => http://localhost:6201/api/v1/attendance/session","timestamp":"2025-01-02T16:26:57.707Z"}
{"level":"info","message":"GET URL REQ => http://localhost:6201/api/v1/attendance/session","timestamp":"2025-01-02T16:27:27.968Z"}
{"level":"info","message":"GET URL REQ => http://localhost:6201/api/v1/attendance/session","timestamp":"2025-01-02T16:27:57.634Z"}
{"level":"info","message":"GET URL REQ => http://localhost:6201/api/v1/attendance/session","timestamp":"2025-01-02T16:29:26.437Z"}
{"level":"info","message":"Router-----store Register Form Data","timestamp":"2025-01-02T16:29:49.514Z"}
{"level":"info","message":"GET URL REQ => http://localhost:6201/api/v1/validateTokenData","timestamp":"2025-01-02T16:29:49.516Z"}
{"level":"info","message":"GET URL REQ => http://localhost:6201/api/v1/attendance/overView","timestamp":"2025-01-02T16:29:49.521Z"}
{"level":"info","message":"Router-----store Register Form Data","timestamp":"2025-01-02T16:29:49.526Z"}
{"level":"info","message":"GET URL REQ => http://localhost:6201/api/v1/validateTokenData","timestamp":"2025-01-02T16:29:49.527Z"}
{"level":"info","message":"GET URL REQ => http://localhost:6201/api/v1/attendance/overView","timestamp":"2025-01-02T16:29:49.529Z"}
{"level":"info","message":"GET URL REQ => http://localhost:6201/api/v1/attendance/session","timestamp":"2025-01-02T16:29:58.955Z"}
{"level":"info","message":"GET URL REQ => http://localhost:6201/api/v1/attendance/session","timestamp":"2025-01-02T16:29:58.978Z"}
{"level":"info","message":"GET URL REQ => http://localhost:6201/api/v1/attendance/overView","timestamp":"2025-01-02T16:30:10.665Z"}
{"level":"info","message":"Router-----store Register Form Data","timestamp":"2025-01-02T16:30:10.675Z"}
{"level":"info","message":"GET URL REQ => http://localhost:6201/api/v1/validateTokenData","timestamp":"2025-01-02T16:30:10.675Z"}
{"level":"info","message":"Router-----store Register Form Data","timestamp":"2025-01-02T16:30:10.680Z"}
{"level":"info","message":"GET URL REQ => http://localhost:6201/api/v1/validateTokenData","timestamp":"2025-01-02T16:30:10.681Z"}
{"level":"info","message":"GET URL REQ => http://localhost:6201/api/v1/attendance/overView","timestamp":"2025-01-02T16:30:10.683Z"}
{"level":"info","message":"GET URL REQ => http://localhost:6201/api/v1/attendance/session","timestamp":"2025-01-02T16:30:12.964Z"}
{"level":"info","message":"GET URL REQ => http://localhost:6201/api/v1/attendance/session","timestamp":"2025-01-02T16:30:12.977Z"}
{"level":"info","message":"Router-----store Register Form Data","timestamp":"2025-01-02T16:30:26.102Z"}
{"level":"info","message":"GET URL REQ => http://localhost:6201/api/v1/validateTokenData","timestamp":"2025-01-02T16:30:26.103Z"}
{"level":"info","message":"GET URL REQ => http://localhost:6201/api/v1/attendance/overView","timestamp":"2025-01-02T16:30:26.110Z"}
{"level":"info","message":"Router-----store Register Form Data","timestamp":"2025-01-02T16:30:26.115Z"}
{"level":"info","message":"GET URL REQ => http://localhost:6201/api/v1/validateTokenData","timestamp":"2025-01-02T16:30:26.116Z"}
{"level":"info","message":"GET URL REQ => http://localhost:6201/api/v1/attendance/overView","timestamp":"2025-01-02T16:30:26.118Z"}
{"level":"info","message":"GET URL REQ => http://localhost:6201/api/v1/attendance/session","timestamp":"2025-01-02T16:30:32.395Z"}
{"level":"info","message":"GET URL REQ => http://localhost:6201/api/v1/attendance/session","timestamp":"2025-01-02T16:30:32.406Z"}
{"level":"info","message":"GET URL REQ => http://localhost:6201/api/v1/attendance/session","timestamp":"2025-01-02T16:30:48.547Z"}
{"level":"info","message":"GET URL REQ => http://localhost:6201/api/v1/attendance/session","timestamp":"2025-01-02T16:30:48.566Z"}
{"level":"info","message":"GET URL REQ => http://localhost:6201/api/v1/attendance/session","timestamp":"2025-01-02T16:31:02.297Z"}
{"level":"info","message":"Router-----store Register Form Data","timestamp":"2025-01-02T16:31:09.180Z"}
{"level":"info","message":"GET URL REQ => http://localhost:6201/api/v1/validateTokenData","timestamp":"2025-01-02T16:31:09.182Z"}
{"level":"info","message":"GET URL REQ => http://localhost:6201/api/v1/attendance/overView","timestamp":"2025-01-02T16:31:09.186Z"}
{"level":"info","message":"Router-----store Register Form Data","timestamp":"2025-01-02T16:31:09.194Z"}
{"level":"info","message":"GET URL REQ => http://localhost:6201/api/v1/validateTokenData","timestamp":"2025-01-02T16:31:09.195Z"}
{"level":"info","message":"GET URL REQ => http://localhost:6201/api/v1/attendance/overView","timestamp":"2025-01-02T16:31:09.197Z"}
{"level":"info","message":"GET URL REQ => http://localhost:6201/api/v1/attendance/session","timestamp":"2025-01-02T16:31:13.111Z"}
{"level":"info","message":"GET URL REQ => http://localhost:6201/api/v1/attendance/session","timestamp":"2025-01-02T16:31:13.125Z"}
{"level":"info","message":"GET URL REQ => http://localhost:6201/api/v1/attendance/reportOptions","timestamp":"2025-01-02T16:31:31.915Z"}
{"level":"info","message":"GET URL REQ => http://localhost:6201/api/v1/attendance/reportOptions","timestamp":"2025-01-02T16:31:40.439Z"}
{"level":"info","message":"GET URL REQ => http://localhost:6201/api/v1/attendance/report","timestamp":"2025-01-02T16:31:44.311Z"}
{"level":"info","message":"GET URL REQ => http://localhost:6201/api/v1/staff/dashBoard","timestamp":"2025-01-02T16:33:36.495Z"}
{"level":"info","message":"Router-----store Register Form Data","timestamp":"2025-01-02T16:33:36.505Z"}
{"level":"info","message":"GET URL REQ => http://localhost:6201/api/v1/validateTokenData","timestamp":"2025-01-02T16:33:36.506Z"}
{"level":"info","message":"GET URL REQ => http://localhost:6201/api/v1/staff/dashBoard","timestamp":"2025-01-02T16:33:36.512Z"}
{"level":"info","message":"Router-----store Register Form Data","timestamp":"2025-01-02T16:33:36.518Z"}
{"level":"info","message":"GET URL REQ => http://localhost:6201/api/v1/validateTokenData","timestamp":"2025-01-02T16:33:36.519Z"}
{"level":"info","message":"Router-----store Register Form Data","timestamp":"2025-01-02T16:33:38.525Z"}
{"level":"info","message":"GET URL REQ => http://localhost:6201/api/v1/validateTokenData","timestamp":"2025-01-02T16:33:38.526Z"}
{"level":"info","message":"Router-----store Register Form Data","timestamp":"2025-01-02T16:33:38.530Z"}
{"level":"info","message":"GET URL REQ => http://localhost:6201/api/v1/validateTokenData","timestamp":"2025-01-02T16:33:38.531Z"}
{"level":"info","message":"GET URL REQ => http://localhost:6201/api/v1/staff/userManagementPage","timestamp":"2025-01-02T16:33:38.725Z"}
{"level":"info","message":"GET URL REQ => http://localhost:6201/api/v1/staff/userManagementPage","timestamp":"2025-01-02T16:33:38.738Z"}
{"level":"info","message":"Router-----store Register Form Data","timestamp":"2025-01-02T16:33:39.820Z"}
{"level":"info","message":"GET URL REQ => http://localhost:6201/api/v1/validateTokenData","timestamp":"2025-01-02T16:33:39.821Z"}
{"level":"info","message":"Router-----store Register Form Data","timestamp":"2025-01-02T16:33:39.828Z"}
{"level":"info","message":"GET URL REQ => http://localhost:6201/api/v1/validateTokenData","timestamp":"2025-01-02T16:33:39.828Z"}
{"level":"info","message":"GET URL REQ => http://localhost:6201/api/v1/therapist/approvalData","timestamp":"2025-01-02T16:33:40.379Z"}
{"level":"info","message":"GET URL REQ => http://localhost:6201/api/v1/therapist/approvalData","timestamp":"2025-01-02T16:33:40.391Z"}
{"level":"info","message":"Router-----store Register Form Data","timestamp":"2025-01-02T16:33:40.892Z"}
{"level":"info","message":"GET URL REQ => http://localhost:6201/api/v1/validateTokenData","timestamp":"2025-01-02T16:33:40.892Z"}
{"level":"info","message":"Router-----store Register Form Data","timestamp":"2025-01-02T16:33:40.896Z"}
{"level":"info","message":"GET URL REQ => http://localhost:6201/api/v1/validateTokenData","timestamp":"2025-01-02T16:33:40.900Z"}
{"level":"info","message":"GET URL REQ => http://localhost:6201/api/v1/staff/studentApproval","timestamp":"2025-01-02T16:33:41.043Z"}
{"level":"info","message":"GET URL REQ => http://localhost:6201/api/v1/staff/studentApproval","timestamp":"2025-01-02T16:33:41.050Z"}
{"level":"info","message":"GET URL REQ => http://localhost:6201/api/v1/users/login","timestamp":"2025-01-02T16:40:26.182Z"}
{"level":"info","message":"GET URL REQ => http://localhost:6201/api/v1/staff/dashBoard","timestamp":"2025-01-02T16:40:30.531Z"}
{"level":"info","message":"Router-----store Register Form Data","timestamp":"2025-01-02T16:40:30.536Z"}
{"level":"info","message":"GET URL REQ => http://localhost:6201/api/v1/validateTokenData","timestamp":"2025-01-02T16:40:30.537Z"}
{"level":"info","message":"GET URL REQ => http://localhost:6201/api/v1/staff/dashBoard","timestamp":"2025-01-02T16:40:30.544Z"}
{"level":"info","message":"Router-----store Register Form Data","timestamp":"2025-01-02T16:40:30.547Z"}
{"level":"info","message":"GET URL REQ => http://localhost:6201/api/v1/validateTokenData","timestamp":"2025-01-02T16:40:30.547Z"}
{"level":"info","message":"Router-----store Register Form Data","timestamp":"2025-01-02T16:40:34.289Z"}
{"level":"info","message":"GET URL REQ => http://localhost:6201/api/v1/validateTokenData","timestamp":"2025-01-02T16:40:34.291Z"}
{"level":"info","message":"Router-----store Register Form Data","timestamp":"2025-01-02T16:40:34.297Z"}
{"level":"info","message":"GET URL REQ => http://localhost:6201/api/v1/validateTokenData","timestamp":"2025-01-02T16:40:34.299Z"}
{"level":"info","message":"GET URL REQ => http://localhost:6201/api/v1/attendance/overView","timestamp":"2025-01-02T16:40:34.308Z"}
{"level":"info","message":"GET URL REQ => http://localhost:6201/api/v1/attendance/overView","timestamp":"2025-01-02T16:40:34.316Z"}
{"level":"info","message":"GET URL REQ => http://localhost:6201/api/v1/attendance/session","timestamp":"2025-01-02T16:40:37.784Z"}
{"level":"info","message":"GET URL REQ => http://localhost:6201/api/v1/attendance/session","timestamp":"2025-01-02T16:40:37.812Z"}
{"level":"info","message":"GET URL REQ => http://localhost:6201/api/v1/attendance/userSearch","timestamp":"2025-01-02T16:40:42.507Z"}
{"level":"info","message":"GET URL REQ => http://localhost:6201/api/v1/attendance/userSearch","timestamp":"2025-01-02T16:40:42.682Z"}
{"level":"info","message":"GET URL REQ => http://localhost:6201/api/v1/attendance/userSearch","timestamp":"2025-01-02T16:40:42.819Z"}
{"level":"info","message":"GET URL REQ => http://localhost:6201/api/v1/attendance/userSearch","timestamp":"2025-01-02T16:40:42.934Z"}
{"level":"info","message":"GET URL REQ => http://localhost:6201/api/v1/attendance/userSearch","timestamp":"2025-01-02T16:40:43.160Z"}
{"level":"info","message":"GET URL REQ => http://localhost:6201/api/v1/attendance/user","timestamp":"2025-01-02T16:40:45.034Z"}
{"level":"info","message":"GET URL REQ => http://localhost:6201/api/v1/attendance/user","timestamp":"2025-01-02T16:40:47.600Z"}
{"level":"info","message":"GET URL REQ => http://localhost:6201/api/v1/staff/dashBoard","timestamp":"2025-01-02T16:40:57.183Z"}
{"level":"info","message":"Router-----store Register Form Data","timestamp":"2025-01-02T16:40:57.190Z"}
{"level":"info","message":"GET URL REQ => http://localhost:6201/api/v1/validateTokenData","timestamp":"2025-01-02T16:40:57.191Z"}
{"level":"info","message":"GET URL REQ => http://localhost:6201/api/v1/staff/dashBoard","timestamp":"2025-01-02T16:40:57.196Z"}
{"level":"info","message":"Router-----store Register Form Data","timestamp":"2025-01-02T16:40:57.202Z"}
{"level":"info","message":"GET URL REQ => http://localhost:6201/api/v1/validateTokenData","timestamp":"2025-01-02T16:40:57.203Z"}
{"level":"info","message":"GET URL REQ => http://localhost:6201/api/v1/users/login","timestamp":"2025-01-02T17:46:00.269Z"}
{"level":"info","message":"Router-----store Register Form Data","timestamp":"2025-01-02T17:46:02.223Z"}
{"level":"info","message":"GET URL REQ => http://localhost:6201/api/v1/validateTokenData","timestamp":"2025-01-02T17:46:02.224Z"}
{"level":"info","message":"Router-----store Register Form Data","timestamp":"2025-01-02T17:46:02.231Z"}
{"level":"info","message":"GET URL REQ => http://localhost:6201/api/v1/validateTokenData","timestamp":"2025-01-02T17:46:02.234Z"}
{"level":"info","message":"Router-----store Register Form Data","timestamp":"2025-01-02T17:46:09.588Z"}
{"level":"info","message":"GET URL REQ => http://localhost:6201/api/v1/validateTokenData","timestamp":"2025-01-02T17:46:09.590Z"}
{"level":"info","message":"Router-----store Register Form Data","timestamp":"2025-01-02T17:46:09.600Z"}
{"level":"info","message":"GET URL REQ => http://localhost:6201/api/v1/validateTokenData","timestamp":"2025-01-02T17:46:09.601Z"}
{"level":"info","message":"GET URL REQ line 1133=> http://localhost:6201/api/v1/user/profileData","timestamp":"2025-01-02T17:46:09.619Z"}
{"level":"info","message":"GET URL REQ line 1133=> http://localhost:6201/api/v1/user/profileData","timestamp":"2025-01-02T17:46:09.630Z"}
{"level":"info","message":"GET URL REQ line 1133=> http://localhost:6201/api/v1/user/profileData","timestamp":"2025-01-02T17:46:24.007Z"}
{"level":"info","message":"Router-----store Register Form Data","timestamp":"2025-01-02T17:46:24.015Z"}
{"level":"info","message":"GET URL REQ => http://localhost:6201/api/v1/validateTokenData","timestamp":"2025-01-02T17:46:24.016Z"}
{"level":"info","message":"GET URL REQ line 1133=> http://localhost:6201/api/v1/user/profileData","timestamp":"2025-01-02T17:46:24.020Z"}
{"level":"info","message":"Router-----store Register Form Data","timestamp":"2025-01-02T17:46:24.026Z"}
{"level":"info","message":"GET URL REQ => http://localhost:6201/api/v1/validateTokenData","timestamp":"2025-01-02T17:46:24.027Z"}
{"level":"info","message":"GET URL REQ => http://localhost:6201/api/v1/users/login","timestamp":"2025-01-02T17:47:02.887Z"}
{"level":"info","message":"Router-----store Register Form Data","timestamp":"2025-01-02T17:47:06.848Z"}
{"level":"info","message":"GET URL REQ => http://localhost:6201/api/v1/validateTokenData","timestamp":"2025-01-02T17:47:06.849Z"}
{"level":"info","message":"GET URL REQ => http://localhost:6201/api/v1/staff/dashBoard","timestamp":"2025-01-02T17:47:06.857Z"}
{"level":"info","message":"GET URL REQ => http://localhost:6201/api/v1/staff/dashBoard","timestamp":"2025-01-02T17:47:06.860Z"}
{"level":"info","message":"Router-----store Register Form Data","timestamp":"2025-01-02T17:47:06.864Z"}
{"level":"info","message":"GET URL REQ => http://localhost:6201/api/v1/validateTokenData","timestamp":"2025-01-02T17:47:06.864Z"}
{"level":"info","message":"Router-----store Register Form Data","timestamp":"2025-01-02T17:47:15.484Z"}
{"level":"info","message":"GET URL REQ => http://localhost:6201/api/v1/validateTokenData","timestamp":"2025-01-02T17:47:15.485Z"}
{"level":"info","message":"Router-----store Register Form Data","timestamp":"2025-01-02T17:47:15.493Z"}
{"level":"info","message":"GET URL REQ => http://localhost:6201/api/v1/validateTokenData","timestamp":"2025-01-02T17:47:15.495Z"}
{"level":"info","message":"GET URL REQ => http://localhost:6201/api/v1/attendance/overView","timestamp":"2025-01-02T17:47:15.501Z"}
{"level":"info","message":"GET URL REQ => http://localhost:6201/api/v1/attendance/overView","timestamp":"2025-01-02T17:47:15.509Z"}
{"level":"info","message":"GET URL REQ => http://localhost:6201/api/v1/attendance/session","timestamp":"2025-01-02T17:47:23.178Z"}
{"level":"info","message":"GET URL REQ => http://localhost:6201/api/v1/attendance/session","timestamp":"2025-01-02T17:47:23.191Z"}
{"level":"info","message":"GET URL REQ => http://localhost:6201/api/v1/attendance/userSearch","timestamp":"2025-01-02T17:47:26.460Z"}
{"level":"info","message":"GET URL REQ => http://localhost:6201/api/v1/attendance/userSearch","timestamp":"2025-01-02T17:47:26.680Z"}
{"level":"info","message":"GET URL REQ => http://localhost:6201/api/v1/attendance/userSearch","timestamp":"2025-01-02T17:47:27.061Z"}
{"level":"info","message":"GET URL REQ => http://localhost:6201/api/v1/attendance/userSearch","timestamp":"2025-01-02T17:47:27.310Z"}
{"level":"info","message":"GET URL REQ => http://localhost:6201/api/v1/attendance/userSearch","timestamp":"2025-01-02T17:47:27.568Z"}
{"level":"info","message":"GET URL REQ => http://localhost:6201/api/v1/attendance/userSearch","timestamp":"2025-01-02T17:47:28.009Z"}
{"level":"info","message":"GET URL REQ => http://localhost:6201/api/v1/attendance/userSearch","timestamp":"2025-01-02T17:47:28.233Z"}
{"level":"info","message":"GET URL REQ => http://localhost:6201/api/v1/attendance/userSearch","timestamp":"2025-01-02T17:47:28.433Z"}
{"level":"info","message":"GET URL REQ => http://localhost:6201/api/v1/attendance/userSearch","timestamp":"2025-01-02T17:47:28.616Z"}
{"level":"info","message":"GET URL REQ => http://localhost:6201/api/v1/attendance/userSearch","timestamp":"2025-01-02T17:47:28.803Z"}
{"level":"info","message":"GET URL REQ => http://localhost:6201/api/v1/attendance/userSearch","timestamp":"2025-01-02T17:47:30.928Z"}
{"level":"info","message":"GET URL REQ => http://localhost:6201/api/v1/attendance/user","timestamp":"2025-01-02T17:47:37.292Z"}
{"level":"info","message":"GET URL REQ => http://localhost:6201/api/v1/attendance/user","timestamp":"2025-01-02T17:47:43.039Z"}
{"level":"info","message":"GET URL REQ => http://localhost:6201/api/v1/attendance/user","timestamp":"2025-01-02T17:47:50.180Z"}
{"level":"info","message":"GET URL REQ => http://localhost:6201/api/v1/attendance/user","timestamp":"2025-01-02T17:47:50.197Z"}
{"level":"info","message":"GET URL REQ => http://localhost:6201/api/v1/attendance/user","timestamp":"2025-01-02T17:47:53.533Z"}
{"level":"info","message":"GET URL REQ => http://localhost:6201/api/v1/attendance/user","timestamp":"2025-01-02T17:47:53.548Z"}
{"level":"info","message":"GET URL REQ => http://localhost:6201/api/v1/attendance/user","timestamp":"2025-01-02T17:47:55.463Z"}
{"level":"info","message":"GET URL REQ => http://localhost:6201/api/v1/attendance/user","timestamp":"2025-01-02T17:47:55.485Z"}
{"level":"info","message":"GET URL REQ => http://localhost:6201/api/v1/attendance/user","timestamp":"2025-01-02T17:48:02.831Z"}
{"level":"info","message":"GET URL REQ => http://localhost:6201/api/v1/attendance/user","timestamp":"2025-01-02T17:48:02.841Z"}
{"level":"info","message":"GET URL REQ => http://localhost:6201/api/v1/attendance/user","timestamp":"2025-01-02T17:48:13.213Z"}
{"level":"info","message":"GET URL REQ => http://localhost:6201/api/v1/attendance/user","timestamp":"2025-01-02T17:48:13.224Z"}
{"level":"info","message":"Router-----store Register Form Data","timestamp":"2025-01-02T17:48:28.229Z"}
{"level":"info","message":"GET URL REQ => http://localhost:6201/api/v1/validateTokenData","timestamp":"2025-01-02T17:48:28.230Z"}
{"level":"info","message":"Router-----store Register Form Data","timestamp":"2025-01-02T17:48:28.235Z"}
{"level":"info","message":"GET URL REQ => http://localhost:6201/api/v1/validateTokenData","timestamp":"2025-01-02T17:48:28.235Z"}
