{"level":"info","message":"server running --- from server.ts","timestamp":"2025-01-03T03:42:17.915Z"}
{"level":"info","message":"GET URL REQ => http://localhost:6201/api/v1/users/login","timestamp":"2025-01-03T03:43:12.501Z"}
{"level":"info","message":"GET URL REQ => http://localhost:6201/api/v1/staff/dashBoard","timestamp":"2025-01-03T03:43:17.375Z"}
{"level":"info","message":"Router-----store Register Form Data","timestamp":"2025-01-03T03:43:17.380Z"}
{"level":"info","message":"GET URL REQ => http://localhost:6201/api/v1/validateTokenData","timestamp":"2025-01-03T03:43:17.381Z"}
{"level":"info","message":"GET URL REQ => http://localhost:6201/api/v1/staff/dashBoard","timestamp":"2025-01-03T03:43:17.387Z"}
{"level":"info","message":"Router-----store Register Form Data","timestamp":"2025-01-03T03:43:17.391Z"}
{"level":"info","message":"GET URL REQ => http://localhost:6201/api/v1/validateTokenData","timestamp":"2025-01-03T03:43:17.391Z"}
{"level":"info","message":"Router-----store Register Form Data","timestamp":"2025-01-03T03:43:33.829Z"}
{"level":"info","message":"GET URL REQ => http://localhost:6201/api/v1/validateTokenData","timestamp":"2025-01-03T03:43:33.831Z"}
{"level":"info","message":"Router-----store Register Form Data","timestamp":"2025-01-03T03:43:33.840Z"}
{"level":"info","message":"GET URL REQ => http://localhost:6201/api/v1/validateTokenData","timestamp":"2025-01-03T03:43:33.841Z"}
{"level":"info","message":"GET URL REQ => http://localhost:6201/api/v1/director/userTypeLabel","timestamp":"2025-01-03T03:43:33.848Z"}
{"level":"info","message":"GET URL REQ => http://localhost:6201/api/v1/director/userTypeLabel","timestamp":"2025-01-03T03:43:33.856Z"}
{"level":"info","message":"GET URL REQ => http://localhost:6201/api/v1/director/staff","timestamp":"2025-01-03T03:43:34.357Z"}
{"level":"info","message":"GET URL REQ => http://localhost:6201/api/v1/director/staff","timestamp":"2025-01-03T03:43:34.363Z"}
{"level":"info","message":"Router-----store Register Form Data","timestamp":"2025-01-03T03:43:39.820Z"}
{"level":"info","message":"GET URL REQ => http://localhost:6201/api/v1/validateTokenData","timestamp":"2025-01-03T03:43:39.821Z"}
{"level":"info","message":"GET URL REQ => http://localhost:6201/api/v1/director/userTypeLabel","timestamp":"2025-01-03T03:43:39.825Z"}
{"level":"info","message":"Router-----store Register Form Data","timestamp":"2025-01-03T03:43:39.834Z"}
{"level":"info","message":"GET URL REQ => http://localhost:6201/api/v1/validateTokenData","timestamp":"2025-01-03T03:43:39.835Z"}
{"level":"info","message":"GET URL REQ => http://localhost:6201/api/v1/director/userTypeLabel","timestamp":"2025-01-03T03:43:39.838Z"}
{"level":"info","message":"GET URL REQ => http://localhost:6201/api/v1/director/staff","timestamp":"2025-01-03T03:43:39.932Z"}
{"level":"info","message":"GET URL REQ => http://localhost:6201/api/v1/director/staff","timestamp":"2025-01-03T03:43:39.947Z"}
{"level":"info","message":"server running --- from server.ts","timestamp":"2025-01-03T03:45:08.063Z"}
{"level":"info","message":"Router-----store Register Form Data","timestamp":"2025-01-03T03:45:08.280Z"}
{"level":"info","message":"GET URL REQ => http://localhost:6201/api/v1/validateTokenData","timestamp":"2025-01-03T03:45:08.281Z"}
{"level":"info","message":"GET URL REQ => http://localhost:6201/api/v1/director/userTypeLabel","timestamp":"2025-01-03T03:45:08.294Z"}
{"level":"info","message":"Router-----store Register Form Data","timestamp":"2025-01-03T03:45:08.301Z"}
{"level":"info","message":"GET URL REQ => http://localhost:6201/api/v1/validateTokenData","timestamp":"2025-01-03T03:45:08.302Z"}
{"level":"info","message":"GET URL REQ => http://localhost:6201/api/v1/director/userTypeLabel","timestamp":"2025-01-03T03:45:08.308Z"}
{"level":"info","message":"GET URL REQ => http://localhost:6201/api/v1/director/staff","timestamp":"2025-01-03T03:45:08.575Z"}
{"level":"info","message":"GET URL REQ => http://localhost:6201/api/v1/director/staff","timestamp":"2025-01-03T03:45:08.585Z"}
{"level":"info","message":"GET URL REQ => http://localhost:6201/api/v1/director/userData","timestamp":"2025-01-03T03:45:14.818Z"}
{"level":"info","message":"GET URL REQ => http://localhost:6201/api/v1/profile/passRegisterData","timestamp":"2025-01-03T03:45:15.004Z"}
{"level":"info","message":"GET URL REQ => http://localhost:6201/api/v1/staff/ProfileData","timestamp":"2025-01-03T03:45:15.015Z"}
{"level":"info","message":"GET URL REQ => http://localhost:6201/api/v1/staff/ProfileData","timestamp":"2025-01-03T03:45:15.030Z"}
{"level":"info","message":"GET URL REQ => http://localhost:6201/api/v1/profile/passRegisterData","timestamp":"2025-01-03T03:45:15.036Z"}
{"level":"info","message":"Router-----store Register Form Data","timestamp":"2025-01-03T03:46:01.279Z"}
{"level":"info","message":"GET URL REQ => http://localhost:6201/api/v1/validateTokenData","timestamp":"2025-01-03T03:46:01.281Z"}
{"level":"info","message":"GET URL REQ => http://localhost:6201/api/v1/director/userTypeLabel","timestamp":"2025-01-03T03:46:01.284Z"}
{"level":"info","message":"GET URL REQ => http://localhost:6201/api/v1/director/staff","timestamp":"2025-01-03T03:46:12.598Z"}
{"level":"info","message":"GET URL REQ => http://localhost:6201/api/v1/director/staff","timestamp":"2025-01-03T03:46:43.422Z"}
{"level":"info","message":"GET URL REQ => http://localhost:6201/api/v1/director/staff","timestamp":"2025-01-03T03:46:50.335Z"}
{"level":"info","message":"Router-----store Register Form Data","timestamp":"2025-01-03T03:47:01.947Z"}
{"level":"info","message":"GET URL REQ => http://localhost:6201/api/v1/validateTokenData","timestamp":"2025-01-03T03:47:01.948Z"}
{"level":"info","message":"GET URL REQ => http://localhost:6201/api/v1/director/userTypeLabel","timestamp":"2025-01-03T03:47:01.952Z"}
{"level":"info","message":"Router-----store Register Form Data","timestamp":"2025-01-03T03:47:06.331Z"}
{"level":"info","message":"GET URL REQ => http://localhost:6201/api/v1/validateTokenData","timestamp":"2025-01-03T03:47:06.333Z"}
{"level":"info","message":"GET URL REQ => http://localhost:6201/api/v1/director/userTypeLabel","timestamp":"2025-01-03T03:47:06.337Z"}
{"level":"info","message":"Router-----store Register Form Data","timestamp":"2025-01-03T03:47:11.266Z"}
{"level":"info","message":"GET URL REQ => http://localhost:6201/api/v1/validateTokenData","timestamp":"2025-01-03T03:47:11.268Z"}
{"level":"info","message":"GET URL REQ => http://localhost:6201/api/v1/director/userTypeLabel","timestamp":"2025-01-03T03:47:11.272Z"}
{"level":"info","message":"Router-----store Register Form Data","timestamp":"2025-01-03T03:47:14.489Z"}
{"level":"info","message":"GET URL REQ => http://localhost:6201/api/v1/validateTokenData","timestamp":"2025-01-03T03:47:14.490Z"}
{"level":"info","message":"GET URL REQ => http://localhost:6201/api/v1/director/userTypeLabel","timestamp":"2025-01-03T03:47:14.494Z"}
{"level":"info","message":"Router-----store Register Form Data","timestamp":"2025-01-03T03:47:16.920Z"}
{"level":"info","message":"GET URL REQ => http://localhost:6201/api/v1/validateTokenData","timestamp":"2025-01-03T03:47:16.921Z"}
{"level":"info","message":"GET URL REQ => http://localhost:6201/api/v1/director/userTypeLabel","timestamp":"2025-01-03T03:47:16.925Z"}
{"level":"info","message":"GET URL REQ => http://localhost:6201/api/v1/director/userData","timestamp":"2025-01-03T03:47:24.818Z"}
{"level":"info","message":"GET URL REQ => http://localhost:6201/api/v1/profile/passRegisterData","timestamp":"2025-01-03T03:47:25.012Z"}
{"level":"info","message":"GET URL REQ => http://localhost:6201/api/v1/staff/ProfileData","timestamp":"2025-01-03T03:47:25.019Z"}
{"level":"info","message":"GET URL REQ => http://localhost:6201/api/v1/profile/passRegisterData","timestamp":"2025-01-03T03:47:25.029Z"}
{"level":"info","message":"GET URL REQ => http://localhost:6201/api/v1/staff/ProfileData","timestamp":"2025-01-03T03:47:25.034Z"}
{"level":"info","message":"Router-----store Register Form Data","timestamp":"2025-01-03T03:47:28.399Z"}
{"level":"info","message":"GET URL REQ => http://localhost:6201/api/v1/validateTokenData","timestamp":"2025-01-03T03:47:28.400Z"}
{"level":"info","message":"GET URL REQ => http://localhost:6201/api/v1/director/userTypeLabel","timestamp":"2025-01-03T03:47:28.406Z"}
{"level":"info","message":"GET URL REQ => http://localhost:6201/api/v1/profile/passRegisterData","timestamp":"2025-01-03T03:50:15.474Z"}
{"level":"info","message":"GET URL REQ => http://localhost:6201/api/v1/staff/ProfileData","timestamp":"2025-01-03T03:50:15.483Z"}
{"level":"info","message":"GET URL REQ => http://localhost:6201/api/v1/profile/passRegisterData","timestamp":"2025-01-03T03:50:15.488Z"}
{"level":"info","message":"GET URL REQ => http://localhost:6201/api/v1/staff/ProfileData","timestamp":"2025-01-03T03:50:15.495Z"}
{"level":"info","message":"GET URL REQ => http://localhost:6201/api/v1/profile/passRegisterData","timestamp":"2025-01-03T03:50:18.100Z"}
{"level":"info","message":"GET URL REQ => http://localhost:6201/api/v1/staff/ProfileData","timestamp":"2025-01-03T03:50:18.111Z"}
{"level":"info","message":"GET URL REQ => http://localhost:6201/api/v1/profile/passRegisterData","timestamp":"2025-01-03T03:50:20.762Z"}
{"level":"info","message":"GET URL REQ => http://localhost:6201/api/v1/staff/ProfileData","timestamp":"2025-01-03T03:50:20.767Z"}
{"level":"info","message":"Router-----store Register Form Data","timestamp":"2025-01-03T03:50:40.191Z"}
{"level":"info","message":"GET URL REQ => http://localhost:6201/api/v1/validateTokenData","timestamp":"2025-01-03T03:50:40.193Z"}
{"level":"info","message":"GET URL REQ => http://localhost:6201/api/v1/director/userTypeLabel","timestamp":"2025-01-03T03:50:40.198Z"}
{"level":"info","message":"Router-----store Register Form Data","timestamp":"2025-01-03T03:50:40.205Z"}
{"level":"info","message":"GET URL REQ => http://localhost:6201/api/v1/validateTokenData","timestamp":"2025-01-03T03:50:40.208Z"}
{"level":"info","message":"GET URL REQ => http://localhost:6201/api/v1/director/userTypeLabel","timestamp":"2025-01-03T03:50:40.213Z"}
{"level":"info","message":"GET URL REQ => http://localhost:6201/api/v1/director/staff","timestamp":"2025-01-03T03:50:40.343Z"}
{"level":"info","message":"GET URL REQ => http://localhost:6201/api/v1/director/staff","timestamp":"2025-01-03T03:50:40.356Z"}
{"level":"info","message":"GET URL REQ => http://localhost:6201/api/v1/director/userData","timestamp":"2025-01-03T03:51:09.097Z"}
{"level":"info","message":"GET URL REQ => http://localhost:6201/api/v1/profile/passRegisterData","timestamp":"2025-01-03T03:51:09.286Z"}
{"level":"info","message":"GET URL REQ => http://localhost:6201/api/v1/staff/ProfileData","timestamp":"2025-01-03T03:51:09.295Z"}
{"level":"info","message":"GET URL REQ => http://localhost:6201/api/v1/profile/passRegisterData","timestamp":"2025-01-03T03:51:09.302Z"}
{"level":"info","message":"GET URL REQ => http://localhost:6201/api/v1/staff/ProfileData","timestamp":"2025-01-03T03:51:09.311Z"}
{"level":"info","message":"GET URL REQ => http://localhost:6201/api/v1/profile/passRegisterData","timestamp":"2025-01-03T03:51:34.329Z"}
{"level":"info","message":"GET URL REQ => http://localhost:6201/api/v1/staff/ProfileData","timestamp":"2025-01-03T03:51:34.333Z"}
{"level":"info","message":"Router-----store Register Form Data","timestamp":"2025-01-03T03:54:03.148Z"}
{"level":"info","message":"GET URL REQ => http://localhost:6201/api/v1/validateTokenData","timestamp":"2025-01-03T03:54:03.150Z"}
{"level":"info","message":"GET URL REQ => http://localhost:6201/api/v1/director/userTypeLabel","timestamp":"2025-01-03T03:54:03.160Z"}
{"level":"info","message":"Router-----store Register Form Data","timestamp":"2025-01-03T03:54:03.190Z"}
{"level":"info","message":"GET URL REQ => http://localhost:6201/api/v1/validateTokenData","timestamp":"2025-01-03T03:54:03.191Z"}
{"level":"info","message":"GET URL REQ => http://localhost:6201/api/v1/director/userTypeLabel","timestamp":"2025-01-03T03:54:03.193Z"}
{"level":"info","message":"Router-----store Register Form Data","timestamp":"2025-01-03T03:54:06.043Z"}
{"level":"info","message":"GET URL REQ => http://localhost:6201/api/v1/validateTokenData","timestamp":"2025-01-03T03:54:06.043Z"}
{"level":"info","message":"Router-----store Register Form Data","timestamp":"2025-01-03T03:54:06.049Z"}
{"level":"info","message":"GET URL REQ => http://localhost:6201/api/v1/validateTokenData","timestamp":"2025-01-03T03:54:06.050Z"}
{"level":"info","message":"GET URL REQ => http://localhost:6201/api/v1/staff/dashBoard","timestamp":"2025-01-03T03:54:07.492Z"}
{"level":"info","message":"Router-----store Register Form Data","timestamp":"2025-01-03T03:54:07.498Z"}
{"level":"info","message":"GET URL REQ => http://localhost:6201/api/v1/validateTokenData","timestamp":"2025-01-03T03:54:07.500Z"}
{"level":"info","message":"GET URL REQ => http://localhost:6201/api/v1/staff/dashBoard","timestamp":"2025-01-03T03:54:07.504Z"}
{"level":"info","message":"GET URL REQ => http://localhost:6201/api/v1/users/login","timestamp":"2025-01-03T03:54:18.309Z"}
{"level":"info","message":"GET URL REQ => http://localhost:6201/api/v1/users/login","timestamp":"2025-01-03T03:54:43.790Z"}
{"level":"info","message":"server running --- from server.ts","timestamp":"2025-01-03T03:55:06.281Z"}
{"level":"info","message":"GET URL REQ => http://localhost:6201/api/v1/users/login","timestamp":"2025-01-03T03:55:14.878Z"}
{"level":"info","message":"GET URL REQ => http://localhost:6201/api/v1/staff/dashBoard","timestamp":"2025-01-03T03:55:16.303Z"}
{"level":"info","message":"Router-----store Register Form Data","timestamp":"2025-01-03T03:55:16.314Z"}
{"level":"info","message":"GET URL REQ => http://localhost:6201/api/v1/validateTokenData","timestamp":"2025-01-03T03:55:16.317Z"}
{"level":"info","message":"GET URL REQ => http://localhost:6201/api/v1/staff/dashBoard","timestamp":"2025-01-03T03:55:16.329Z"}
{"level":"info","message":"Router-----store Register Form Data","timestamp":"2025-01-03T03:55:16.347Z"}
{"level":"info","message":"GET URL REQ => http://localhost:6201/api/v1/validateTokenData","timestamp":"2025-01-03T03:55:16.350Z"}
{"level":"info","message":"Router-----store Register Form Data","timestamp":"2025-01-03T03:55:18.513Z"}
{"level":"info","message":"GET URL REQ => http://localhost:6201/api/v1/validateTokenData","timestamp":"2025-01-03T03:55:18.514Z"}
{"level":"info","message":"Router-----store Register Form Data","timestamp":"2025-01-03T03:55:18.517Z"}
{"level":"info","message":"GET URL REQ => http://localhost:6201/api/v1/validateTokenData","timestamp":"2025-01-03T03:55:18.518Z"}
{"level":"info","message":"GET URL REQ => http://localhost:6201/api/v1/staff/studentApproval","timestamp":"2025-01-03T03:55:18.600Z"}
{"level":"info","message":"GET URL REQ => http://localhost:6201/api/v1/staff/studentApproval","timestamp":"2025-01-03T03:55:18.609Z"}
{"level":"info","message":"Router-----store Register Form Data","timestamp":"2025-01-03T03:55:20.242Z"}
{"level":"info","message":"GET URL REQ => http://localhost:6201/api/v1/validateTokenData","timestamp":"2025-01-03T03:55:20.244Z"}
{"level":"info","message":"Router-----store Register Form Data","timestamp":"2025-01-03T03:55:20.247Z"}
{"level":"info","message":"GET URL REQ => http://localhost:6201/api/v1/validateTokenData","timestamp":"2025-01-03T03:55:20.247Z"}
{"level":"info","message":"GET URL REQ => http://localhost:6201/api/v1/therapist/approvalData","timestamp":"2025-01-03T03:55:20.339Z"}
{"level":"info","message":"GET URL REQ => http://localhost:6201/api/v1/therapist/approvalData","timestamp":"2025-01-03T03:55:20.345Z"}
{"level":"info","message":"Router-----store Register Form Data","timestamp":"2025-01-03T03:55:22.110Z"}
{"level":"info","message":"GET URL REQ => http://localhost:6201/api/v1/validateTokenData","timestamp":"2025-01-03T03:55:22.113Z"}
{"level":"info","message":"Router-----store Register Form Data","timestamp":"2025-01-03T03:55:22.117Z"}
{"level":"info","message":"GET URL REQ => http://localhost:6201/api/v1/validateTokenData","timestamp":"2025-01-03T03:55:22.118Z"}
{"level":"info","message":"GET URL REQ => http://localhost:6201/api/v1/director/userTypeLabel","timestamp":"2025-01-03T03:55:22.124Z"}
{"level":"info","message":"GET URL REQ => http://localhost:6201/api/v1/director/userTypeLabel","timestamp":"2025-01-03T03:55:22.130Z"}
{"level":"info","message":"GET URL REQ => http://localhost:6201/api/v1/director/staff","timestamp":"2025-01-03T03:55:22.234Z"}
{"level":"info","message":"GET URL REQ => http://localhost:6201/api/v1/director/staff","timestamp":"2025-01-03T03:55:22.249Z"}
{"level":"info","message":"GET URL REQ => http://localhost:6201/api/v1/director/userData","timestamp":"2025-01-03T03:55:23.447Z"}
{"level":"info","message":"GET URL REQ => http://localhost:6201/api/v1/profile/passRegisterData","timestamp":"2025-01-03T03:55:23.652Z"}
{"level":"info","message":"GET URL REQ => http://localhost:6201/api/v1/staff/ProfileData","timestamp":"2025-01-03T03:55:23.661Z"}
{"level":"info","message":"GET URL REQ => http://localhost:6201/api/v1/profile/passRegisterData","timestamp":"2025-01-03T03:55:23.670Z"}
{"level":"info","message":"GET URL REQ => http://localhost:6201/api/v1/staff/ProfileData","timestamp":"2025-01-03T03:55:23.677Z"}
{"level":"info","message":"GET URL REQ => http://localhost:6201/api/v1/profile/passRegisterData","timestamp":"2025-01-03T03:56:11.414Z"}
{"level":"info","message":"GET URL REQ => http://localhost:6201/api/v1/staff/ProfileData","timestamp":"2025-01-03T03:56:11.420Z"}
{"level":"info","message":"GET URL REQ => http://localhost:6201/api/v1/profile/passRegisterData","timestamp":"2025-01-03T03:56:12.424Z"}
{"level":"info","message":"GET URL REQ => http://localhost:6201/api/v1/staff/ProfileData","timestamp":"2025-01-03T03:56:12.430Z"}
{"level":"info","message":"GET URL REQ => http://localhost:6201/api/v1/profile/passRegisterData","timestamp":"2025-01-03T03:56:23.750Z"}
{"level":"info","message":"GET URL REQ => http://localhost:6201/api/v1/staff/ProfileData","timestamp":"2025-01-03T03:56:23.759Z"}
{"level":"info","message":"GET URL REQ => http://localhost:6201/api/v1/director/userData","timestamp":"2025-01-03T03:57:13.827Z"}
{"level":"info","message":"GET URL REQ => http://localhost:6201/api/v1/profile/passRegisterData","timestamp":"2025-01-03T03:57:14.023Z"}
{"level":"info","message":"GET URL REQ => http://localhost:6201/api/v1/staff/ProfileData","timestamp":"2025-01-03T03:57:14.030Z"}
{"level":"info","message":"GET URL REQ => http://localhost:6201/api/v1/profile/passRegisterData","timestamp":"2025-01-03T03:57:14.033Z"}
{"level":"info","message":"GET URL REQ => http://localhost:6201/api/v1/staff/ProfileData","timestamp":"2025-01-03T03:57:14.040Z"}
{"level":"info","message":"GET URL REQ => http://localhost:6201/api/v1/director/userData","timestamp":"2025-01-03T03:57:20.095Z"}
{"level":"info","message":"GET URL REQ => http://localhost:6201/api/v1/profile/passRegisterData","timestamp":"2025-01-03T03:57:20.254Z"}
{"level":"info","message":"GET URL REQ => http://localhost:6201/api/v1/staff/ProfileData","timestamp":"2025-01-03T03:57:20.263Z"}
{"level":"info","message":"GET URL REQ => http://localhost:6201/api/v1/profile/passRegisterData","timestamp":"2025-01-03T03:57:20.266Z"}
{"level":"info","message":"GET URL REQ => http://localhost:6201/api/v1/staff/ProfileData","timestamp":"2025-01-03T03:57:20.275Z"}
{"level":"info","message":"GET URL REQ => http://localhost:6201/api/v1/director/userData","timestamp":"2025-01-03T03:57:23.825Z"}
{"level":"info","message":"GET URL REQ => http://localhost:6201/api/v1/profile/passRegisterData","timestamp":"2025-01-03T03:57:23.987Z"}
{"level":"info","message":"GET URL REQ => http://localhost:6201/api/v1/staff/ProfileData","timestamp":"2025-01-03T03:57:23.995Z"}
{"level":"info","message":"GET URL REQ => http://localhost:6201/api/v1/profile/passRegisterData","timestamp":"2025-01-03T03:57:24.003Z"}
{"level":"info","message":"GET URL REQ => http://localhost:6201/api/v1/staff/ProfileData","timestamp":"2025-01-03T03:57:24.010Z"}
{"level":"info","message":"server running --- from server.ts","timestamp":"2025-01-03T03:57:58.492Z"}
{"level":"info","message":"GET URL REQ => http://localhost:6201/api/v1/users/login","timestamp":"2025-01-03T03:58:58.569Z"}
{"level":"info","message":"Router-----store Register Form Data","timestamp":"2025-01-03T03:58:59.906Z"}
{"level":"info","message":"GET URL REQ => http://localhost:6201/api/v1/validateTokenData","timestamp":"2025-01-03T03:58:59.908Z"}
{"level":"info","message":"Router-----store Register Form Data","timestamp":"2025-01-03T03:58:59.916Z"}
{"level":"info","message":"GET URL REQ => http://localhost:6201/api/v1/validateTokenData","timestamp":"2025-01-03T03:58:59.917Z"}
{"level":"info","message":"Router-----store Register Form Data","timestamp":"2025-01-03T03:59:07.793Z"}
{"level":"info","message":"GET URL REQ => http://localhost:6201/api/v1/validateTokenData","timestamp":"2025-01-03T03:59:07.795Z"}
{"level":"info","message":"Router-----store Register Form Data","timestamp":"2025-01-03T03:59:07.798Z"}
{"level":"info","message":"GET URL REQ => http://localhost:6201/api/v1/validateTokenData","timestamp":"2025-01-03T03:59:07.799Z"}
{"level":"info","message":"Router-----store Register Form Data","timestamp":"2025-01-03T03:59:22.294Z"}
{"level":"info","message":"GET URL REQ => http://localhost:6201/api/v1/validateTokenData","timestamp":"2025-01-03T03:59:22.296Z"}
{"level":"info","message":"Router-----store Register Form Data","timestamp":"2025-01-03T03:59:22.303Z"}
{"level":"info","message":"GET URL REQ => http://localhost:6201/api/v1/validateTokenData","timestamp":"2025-01-03T03:59:22.304Z"}
{"level":"info","message":"GET URL REQ => http://localhost:6201/api/v1/studentFees/Data","timestamp":"2025-01-03T03:59:22.313Z"}
{"level":"info","message":"GET URL REQ => http://localhost:6201/api/v1/studentFees/Data","timestamp":"2025-01-03T03:59:22.318Z"}
{"level":"info","message":"Router-----store Register Form Data","timestamp":"2025-01-03T03:59:23.240Z"}
{"level":"info","message":"GET URL REQ => http://localhost:6201/api/v1/validateTokenData","timestamp":"2025-01-03T03:59:23.241Z"}
{"level":"info","message":"Router-----store Register Form Data","timestamp":"2025-01-03T03:59:23.245Z"}
{"level":"info","message":"GET URL REQ => http://localhost:6201/api/v1/validateTokenData","timestamp":"2025-01-03T03:59:23.246Z"}
{"level":"info","message":"Router-----store Register Form Data","timestamp":"2025-01-03T03:59:38.218Z"}
{"level":"info","message":"GET URL REQ => http://localhost:6201/api/v1/validateTokenData","timestamp":"2025-01-03T03:59:38.219Z"}
{"level":"info","message":"GET URL REQ => http://localhost:6201/api/v1/studentFees/Data","timestamp":"2025-01-03T03:59:38.225Z"}
{"level":"info","message":"Router-----store Register Form Data","timestamp":"2025-01-03T03:59:38.230Z"}
{"level":"info","message":"GET URL REQ => http://localhost:6201/api/v1/validateTokenData","timestamp":"2025-01-03T03:59:38.230Z"}
{"level":"info","message":"GET URL REQ => http://localhost:6201/api/v1/studentFees/Data","timestamp":"2025-01-03T03:59:38.233Z"}
{"level":"info","message":"GET URL REQ => http://localhost:6201/api/v1/studentFees/Data","timestamp":"2025-01-03T03:59:51.651Z"}
{"level":"info","message":"GET URL REQ => http://localhost:6201/api/v1/studentFees/Data","timestamp":"2025-01-03T03:59:52.686Z"}
{"level":"info","message":"Router-----store Register Form Data","timestamp":"2025-01-03T03:59:56.398Z"}
{"level":"info","message":"GET URL REQ => http://localhost:6201/api/v1/validateTokenData","timestamp":"2025-01-03T03:59:56.400Z"}
{"level":"info","message":"Router-----store Register Form Data","timestamp":"2025-01-03T03:59:56.406Z"}
{"level":"info","message":"GET URL REQ => http://localhost:6201/api/v1/validateTokenData","timestamp":"2025-01-03T03:59:56.406Z"}
{"level":"info","message":"GET URL REQ line 1133=> http://localhost:6201/api/v1/user/profileData","timestamp":"2025-01-03T03:59:56.411Z"}
{"level":"info","message":"GET URL REQ line 1133=> http://localhost:6201/api/v1/user/profileData","timestamp":"2025-01-03T03:59:56.415Z"}
{"level":"info","message":"GET URL REQ line 1133=> http://localhost:6201/api/v1/user/profileData","timestamp":"2025-01-03T04:00:11.842Z"}
{"level":"info","message":"Router-----store Register Form Data","timestamp":"2025-01-03T04:00:11.850Z"}
{"level":"info","message":"GET URL REQ => http://localhost:6201/api/v1/validateTokenData","timestamp":"2025-01-03T04:00:11.851Z"}
{"level":"info","message":"Router-----store Register Form Data","timestamp":"2025-01-03T04:00:11.860Z"}
{"level":"info","message":"GET URL REQ => http://localhost:6201/api/v1/validateTokenData","timestamp":"2025-01-03T04:00:11.861Z"}
{"level":"info","message":"GET URL REQ line 1133=> http://localhost:6201/api/v1/user/profileData","timestamp":"2025-01-03T04:00:11.868Z"}
{"level":"info","message":"Router-----store Register Form Data","timestamp":"2025-01-03T04:00:32.431Z"}
{"level":"info","message":"GET URL REQ => http://localhost:6201/api/v1/validateTokenData","timestamp":"2025-01-03T04:00:32.432Z"}
{"level":"info","message":"GET URL REQ line 1133=> http://localhost:6201/api/v1/user/profileData","timestamp":"2025-01-03T04:00:32.441Z"}
{"level":"info","message":"Router-----store Register Form Data","timestamp":"2025-01-03T04:00:32.445Z"}
{"level":"info","message":"GET URL REQ => http://localhost:6201/api/v1/validateTokenData","timestamp":"2025-01-03T04:00:32.446Z"}
{"level":"info","message":"GET URL REQ line 1133=> http://localhost:6201/api/v1/user/profileData","timestamp":"2025-01-03T04:00:32.450Z"}
{"level":"info","message":"server running --- from server.ts","timestamp":"2025-01-03T04:02:08.043Z"}
{"level":"info","message":"Router-----store Register Form Data","timestamp":"2025-01-03T04:02:20.671Z"}
{"level":"info","message":"GET URL REQ => http://localhost:6201/api/v1/validateTokenData","timestamp":"2025-01-03T04:02:20.672Z"}
{"level":"info","message":"GET URL REQ line 1133=> http://localhost:6201/api/v1/user/profileData","timestamp":"2025-01-03T04:02:20.685Z"}
{"level":"info","message":"Router-----store Register Form Data","timestamp":"2025-01-03T04:02:20.688Z"}
{"level":"info","message":"GET URL REQ => http://localhost:6201/api/v1/validateTokenData","timestamp":"2025-01-03T04:02:20.689Z"}
{"level":"info","message":"GET URL REQ line 1133=> http://localhost:6201/api/v1/user/profileData","timestamp":"2025-01-03T04:02:20.692Z"}
{"level":"info","message":"server running --- from server.ts","timestamp":"2025-01-03T04:02:38.058Z"}
{"level":"info","message":"server running --- from server.ts","timestamp":"2025-01-03T04:03:23.929Z"}
{"level":"info","message":"Router-----store Register Form Data","timestamp":"2025-01-03T04:03:24.131Z"}
{"level":"info","message":"GET URL REQ => http://localhost:6201/api/v1/validateTokenData","timestamp":"2025-01-03T04:03:24.132Z"}
{"level":"info","message":"GET URL REQ line 1133=> http://localhost:6201/api/v1/user/profileData","timestamp":"2025-01-03T04:03:24.146Z"}
{"level":"info","message":"Router-----store Register Form Data","timestamp":"2025-01-03T04:03:24.150Z"}
{"level":"info","message":"GET URL REQ => http://localhost:6201/api/v1/validateTokenData","timestamp":"2025-01-03T04:03:24.151Z"}
{"level":"info","message":"GET URL REQ line 1133=> http://localhost:6201/api/v1/user/profileData","timestamp":"2025-01-03T04:03:24.159Z"}
{"level":"info","message":"server running --- from server.ts","timestamp":"2025-01-03T04:03:49.167Z"}
{"level":"info","message":"server running --- from server.ts","timestamp":"2025-01-03T04:04:05.717Z"}
{"level":"info","message":"Router-----store Register Form Data","timestamp":"2025-01-03T04:04:08.342Z"}
{"level":"info","message":"GET URL REQ => http://localhost:6201/api/v1/validateTokenData","timestamp":"2025-01-03T04:04:08.343Z"}
{"level":"info","message":"GET URL REQ line 1133=> http://localhost:6201/api/v1/user/profileData","timestamp":"2025-01-03T04:04:08.358Z"}
{"level":"info","message":"Router-----store Register Form Data","timestamp":"2025-01-03T04:04:08.362Z"}
{"level":"info","message":"GET URL REQ => http://localhost:6201/api/v1/validateTokenData","timestamp":"2025-01-03T04:04:08.363Z"}
{"level":"info","message":"GET URL REQ line 1133=> http://localhost:6201/api/v1/user/profileData","timestamp":"2025-01-03T04:04:08.366Z"}
{"level":"info","message":"server running --- from server.ts","timestamp":"2025-01-03T04:10:55.997Z"}
{"level":"info","message":"GET URL REQ line 1133=> http://localhost:6201/api/v1/user/profileData","timestamp":"2025-01-03T04:10:56.187Z"}
{"level":"info","message":"Router-----store Register Form Data","timestamp":"2025-01-03T04:10:56.195Z"}
{"level":"info","message":"GET URL REQ => http://localhost:6201/api/v1/validateTokenData","timestamp":"2025-01-03T04:10:56.196Z"}
{"level":"info","message":"Router-----store Register Form Data","timestamp":"2025-01-03T04:10:56.202Z"}
{"level":"info","message":"GET URL REQ => http://localhost:6201/api/v1/validateTokenData","timestamp":"2025-01-03T04:10:56.203Z"}
{"level":"info","message":"GET URL REQ line 1133=> http://localhost:6201/api/v1/user/profileData","timestamp":"2025-01-03T04:10:56.208Z"}
{"level":"info","message":"GET URL REQ line 1133=> http://localhost:6201/api/v1/user/profileData","timestamp":"2025-01-03T04:11:10.900Z"}
{"level":"info","message":"Router-----store Register Form Data","timestamp":"2025-01-03T04:11:10.908Z"}
{"level":"info","message":"GET URL REQ => http://localhost:6201/api/v1/validateTokenData","timestamp":"2025-01-03T04:11:10.909Z"}
{"level":"info","message":"Router-----store Register Form Data","timestamp":"2025-01-03T04:11:10.912Z"}
{"level":"info","message":"GET URL REQ => http://localhost:6201/api/v1/validateTokenData","timestamp":"2025-01-03T04:11:10.913Z"}
{"level":"info","message":"GET URL REQ line 1133=> http://localhost:6201/api/v1/user/profileData","timestamp":"2025-01-03T04:11:10.917Z"}
{"level":"info","message":"GET URL REQ => http://localhost:6201/api/v1/users/login","timestamp":"2025-01-03T04:11:38.928Z"}
{"level":"info","message":"Router-----store Register Form Data","timestamp":"2025-01-03T04:11:40.250Z"}
{"level":"info","message":"GET URL REQ => http://localhost:6201/api/v1/validateTokenData","timestamp":"2025-01-03T04:11:40.252Z"}
{"level":"info","message":"Router-----store Register Form Data","timestamp":"2025-01-03T04:11:40.259Z"}
{"level":"info","message":"GET URL REQ => http://localhost:6201/api/v1/validateTokenData","timestamp":"2025-01-03T04:11:40.261Z"}
{"level":"info","message":"Router-----store Register Form Data","timestamp":"2025-01-03T04:11:44.642Z"}
{"level":"info","message":"GET URL REQ => http://localhost:6201/api/v1/validateTokenData","timestamp":"2025-01-03T04:11:44.644Z"}
{"level":"info","message":"GET URL REQ line 1133=> http://localhost:6201/api/v1/user/profileData","timestamp":"2025-01-03T04:11:44.647Z"}
{"level":"info","message":"Router-----store Register Form Data","timestamp":"2025-01-03T04:11:44.652Z"}
{"level":"info","message":"GET URL REQ => http://localhost:6201/api/v1/validateTokenData","timestamp":"2025-01-03T04:11:44.654Z"}
{"level":"info","message":"GET URL REQ line 1133=> http://localhost:6201/api/v1/user/profileData","timestamp":"2025-01-03T04:11:44.658Z"}
{"level":"info","message":"Router-----store Register Form Data","timestamp":"2025-01-03T04:11:59.021Z"}
{"level":"info","message":"GET URL REQ => http://localhost:6201/api/v1/validateTokenData","timestamp":"2025-01-03T04:11:59.022Z"}
{"level":"info","message":"GET URL REQ line 1133=> http://localhost:6201/api/v1/user/profileData","timestamp":"2025-01-03T04:11:59.033Z"}
{"level":"info","message":"Router-----store Register Form Data","timestamp":"2025-01-03T04:11:59.038Z"}
{"level":"info","message":"GET URL REQ => http://localhost:6201/api/v1/validateTokenData","timestamp":"2025-01-03T04:11:59.039Z"}
{"level":"info","message":"GET URL REQ line 1133=> http://localhost:6201/api/v1/user/profileData","timestamp":"2025-01-03T04:11:59.043Z"}
{"level":"info","message":"Router-----store Register Form Data","timestamp":"2025-01-03T04:12:55.114Z"}
{"level":"info","message":"GET URL REQ => http://localhost:6201/api/v1/validateTokenData","timestamp":"2025-01-03T04:12:55.115Z"}
{"level":"info","message":"GET URL REQ line 1133=> http://localhost:6201/api/v1/user/profileData","timestamp":"2025-01-03T04:12:55.121Z"}
{"level":"info","message":"Router-----store Register Form Data","timestamp":"2025-01-03T04:12:59.015Z"}
{"level":"info","message":"GET URL REQ => http://localhost:6201/api/v1/validateTokenData","timestamp":"2025-01-03T04:12:59.017Z"}
{"level":"info","message":"GET URL REQ line 1133=> http://localhost:6201/api/v1/user/profileData","timestamp":"2025-01-03T04:12:59.020Z"}
{"level":"info","message":"GET URL REQ line 1133=> http://localhost:6201/api/v1/user/profileData","timestamp":"2025-01-03T04:14:40.711Z"}
{"level":"info","message":"Router-----store Register Form Data","timestamp":"2025-01-03T04:14:40.718Z"}
{"level":"info","message":"GET URL REQ => http://localhost:6201/api/v1/validateTokenData","timestamp":"2025-01-03T04:14:40.719Z"}
{"level":"info","message":"Router-----store Register Form Data","timestamp":"2025-01-03T04:14:40.723Z"}
{"level":"info","message":"GET URL REQ => http://localhost:6201/api/v1/validateTokenData","timestamp":"2025-01-03T04:14:40.723Z"}
{"level":"info","message":"GET URL REQ line 1133=> http://localhost:6201/api/v1/user/profileData","timestamp":"2025-01-03T04:14:40.726Z"}
{"level":"info","message":"Router-----store Register Form Data","timestamp":"2025-01-03T04:18:33.971Z"}
{"level":"info","message":"GET URL REQ => http://localhost:6201/api/v1/validateTokenData","timestamp":"2025-01-03T04:18:33.972Z"}
{"level":"info","message":"GET URL REQ line 1133=> http://localhost:6201/api/v1/user/profileData","timestamp":"2025-01-03T04:18:33.979Z"}
{"level":"info","message":"Router-----store Register Form Data","timestamp":"2025-01-03T04:18:36.277Z"}
{"level":"info","message":"GET URL REQ => http://localhost:6201/api/v1/validateTokenData","timestamp":"2025-01-03T04:18:36.278Z"}
{"level":"info","message":"GET URL REQ line 1133=> http://localhost:6201/api/v1/user/profileData","timestamp":"2025-01-03T04:18:36.283Z"}
{"level":"info","message":"Router-----store Register Form Data","timestamp":"2025-01-03T04:36:37.153Z"}
{"level":"info","message":"GET URL REQ => http://localhost:6201/api/v1/validateTokenData","timestamp":"2025-01-03T04:36:37.153Z"}
{"level":"info","message":"GET URL REQ line 1133=> http://localhost:6201/api/v1/user/profileData","timestamp":"2025-01-03T04:36:37.157Z"}
{"level":"info","message":"Router-----store Register Form Data","timestamp":"2025-01-03T04:36:38.784Z"}
{"level":"info","message":"GET URL REQ => http://localhost:6201/api/v1/validateTokenData","timestamp":"2025-01-03T04:36:38.785Z"}
{"level":"info","message":"GET URL REQ line 1133=> http://localhost:6201/api/v1/user/profileData","timestamp":"2025-01-03T04:36:38.790Z"}
{"level":"info","message":"Router-----store Register Form Data","timestamp":"2025-01-03T04:36:46.090Z"}
{"level":"info","message":"GET URL REQ => http://localhost:6201/api/v1/validateTokenData","timestamp":"2025-01-03T04:36:46.092Z"}
{"level":"info","message":"GET URL REQ line 1133=> http://localhost:6201/api/v1/user/profileData","timestamp":"2025-01-03T04:36:46.099Z"}
{"level":"info","message":"Router-----store Register Form Data","timestamp":"2025-01-03T04:37:14.344Z"}
{"level":"info","message":"GET URL REQ => http://localhost:6201/api/v1/validateTokenData","timestamp":"2025-01-03T04:37:14.346Z"}
{"level":"info","message":"GET URL REQ line 1133=> http://localhost:6201/api/v1/user/profileData","timestamp":"2025-01-03T04:37:14.354Z"}
{"level":"info","message":"Router-----store Register Form Data","timestamp":"2025-01-03T04:37:14.363Z"}
{"level":"info","message":"GET URL REQ => http://localhost:6201/api/v1/validateTokenData","timestamp":"2025-01-03T04:37:14.364Z"}
{"level":"info","message":"GET URL REQ line 1133=> http://localhost:6201/api/v1/user/profileData","timestamp":"2025-01-03T04:37:14.370Z"}
{"level":"info","message":"Router-----store Register Form Data","timestamp":"2025-01-03T04:37:43.014Z"}
{"level":"info","message":"GET URL REQ => http://localhost:6201/api/v1/validateTokenData","timestamp":"2025-01-03T04:37:43.017Z"}
{"level":"info","message":"GET URL REQ line 1133=> http://localhost:6201/api/v1/user/profileData","timestamp":"2025-01-03T04:37:43.029Z"}
{"level":"info","message":"Router-----store Register Form Data","timestamp":"2025-01-03T04:37:46.667Z"}
{"level":"info","message":"GET URL REQ => http://localhost:6201/api/v1/validateTokenData","timestamp":"2025-01-03T04:37:46.669Z"}
{"level":"info","message":"GET URL REQ line 1133=> http://localhost:6201/api/v1/user/profileData","timestamp":"2025-01-03T04:37:46.682Z"}
{"level":"info","message":"Router-----store Register Form Data","timestamp":"2025-01-03T04:37:50.947Z"}
{"level":"info","message":"GET URL REQ => http://localhost:6201/api/v1/validateTokenData","timestamp":"2025-01-03T04:37:50.949Z"}
{"level":"info","message":"GET URL REQ line 1133=> http://localhost:6201/api/v1/user/profileData","timestamp":"2025-01-03T04:37:50.957Z"}
{"level":"info","message":"Router-----store Register Form Data","timestamp":"2025-01-03T04:37:50.965Z"}
{"level":"info","message":"GET URL REQ => http://localhost:6201/api/v1/validateTokenData","timestamp":"2025-01-03T04:37:50.966Z"}
{"level":"info","message":"GET URL REQ line 1133=> http://localhost:6201/api/v1/user/profileData","timestamp":"2025-01-03T04:37:50.974Z"}
{"level":"info","message":"GET URL REQ line 1133=> http://localhost:6201/api/v1/user/profileData","timestamp":"2025-01-03T04:38:08.285Z"}
{"level":"info","message":"Router-----store Register Form Data","timestamp":"2025-01-03T04:38:08.293Z"}
{"level":"info","message":"GET URL REQ => http://localhost:6201/api/v1/validateTokenData","timestamp":"2025-01-03T04:38:08.295Z"}
{"level":"info","message":"Router-----store Register Form Data","timestamp":"2025-01-03T04:38:08.305Z"}
{"level":"info","message":"GET URL REQ => http://localhost:6201/api/v1/validateTokenData","timestamp":"2025-01-03T04:38:08.306Z"}
{"level":"info","message":"GET URL REQ line 1133=> http://localhost:6201/api/v1/user/profileData","timestamp":"2025-01-03T04:38:08.312Z"}
{"level":"info","message":"Router-----store Register Form Data","timestamp":"2025-01-03T04:38:50.007Z"}
{"level":"info","message":"GET URL REQ => http://localhost:6201/api/v1/validateTokenData","timestamp":"2025-01-03T04:38:50.008Z"}
{"level":"info","message":"GET URL REQ line 1133=> http://localhost:6201/api/v1/user/profileData","timestamp":"2025-01-03T04:38:50.014Z"}
{"level":"info","message":"Router-----store Register Form Data","timestamp":"2025-01-03T04:38:51.026Z"}
{"level":"info","message":"GET URL REQ => http://localhost:6201/api/v1/validateTokenData","timestamp":"2025-01-03T04:38:51.026Z"}
{"level":"info","message":"GET URL REQ line 1133=> http://localhost:6201/api/v1/user/profileData","timestamp":"2025-01-03T04:38:51.030Z"}
{"level":"info","message":"Router-----store Register Form Data","timestamp":"2025-01-03T04:39:02.313Z"}
{"level":"info","message":"GET URL REQ => http://localhost:6201/api/v1/validateTokenData","timestamp":"2025-01-03T04:39:02.314Z"}
{"level":"info","message":"GET URL REQ line 1133=> http://localhost:6201/api/v1/user/profileData","timestamp":"2025-01-03T04:39:02.320Z"}
{"level":"info","message":"Router-----store Register Form Data","timestamp":"2025-01-03T04:39:03.980Z"}
{"level":"info","message":"GET URL REQ => http://localhost:6201/api/v1/validateTokenData","timestamp":"2025-01-03T04:39:03.983Z"}
{"level":"info","message":"GET URL REQ line 1133=> http://localhost:6201/api/v1/user/profileData","timestamp":"2025-01-03T04:39:03.988Z"}
{"level":"info","message":"Router-----store Register Form Data","timestamp":"2025-01-03T04:39:06.253Z"}
{"level":"info","message":"GET URL REQ => http://localhost:6201/api/v1/validateTokenData","timestamp":"2025-01-03T04:39:06.253Z"}
{"level":"info","message":"GET URL REQ line 1133=> http://localhost:6201/api/v1/user/profileData","timestamp":"2025-01-03T04:39:06.257Z"}
{"level":"info","message":"Router-----store Register Form Data","timestamp":"2025-01-03T04:39:08.906Z"}
{"level":"info","message":"GET URL REQ => http://localhost:6201/api/v1/validateTokenData","timestamp":"2025-01-03T04:39:08.908Z"}
{"level":"info","message":"GET URL REQ line 1133=> http://localhost:6201/api/v1/user/profileData","timestamp":"2025-01-03T04:39:08.917Z"}
{"level":"info","message":"GET URL REQ line 1133=> http://localhost:6201/api/v1/user/profileData","timestamp":"2025-01-03T04:41:35.201Z"}
{"level":"info","message":"Router-----store Register Form Data","timestamp":"2025-01-03T04:41:35.206Z"}
{"level":"info","message":"GET URL REQ => http://localhost:6201/api/v1/validateTokenData","timestamp":"2025-01-03T04:41:35.207Z"}
{"level":"info","message":"Router-----store Register Form Data","timestamp":"2025-01-03T04:41:35.214Z"}
{"level":"info","message":"GET URL REQ => http://localhost:6201/api/v1/validateTokenData","timestamp":"2025-01-03T04:41:35.215Z"}
{"level":"info","message":"GET URL REQ line 1133=> http://localhost:6201/api/v1/user/profileData","timestamp":"2025-01-03T04:41:35.221Z"}
{"level":"info","message":"Router-----store Register Form Data","timestamp":"2025-01-03T04:42:34.759Z"}
{"level":"info","message":"GET URL REQ => http://localhost:6201/api/v1/validateTokenData","timestamp":"2025-01-03T04:42:34.762Z"}
{"level":"info","message":"GET URL REQ line 1133=> http://localhost:6201/api/v1/user/profileData","timestamp":"2025-01-03T04:42:34.771Z"}
{"level":"info","message":"Router-----store Register Form Data","timestamp":"2025-01-03T04:42:41.907Z"}
{"level":"info","message":"GET URL REQ => http://localhost:6201/api/v1/validateTokenData","timestamp":"2025-01-03T04:42:41.909Z"}
{"level":"info","message":"GET URL REQ line 1133=> http://localhost:6201/api/v1/user/profileData","timestamp":"2025-01-03T04:42:41.914Z"}
{"level":"info","message":"Router-----store Register Form Data","timestamp":"2025-01-03T04:42:41.924Z"}
{"level":"info","message":"GET URL REQ => http://localhost:6201/api/v1/validateTokenData","timestamp":"2025-01-03T04:42:41.925Z"}
{"level":"info","message":"GET URL REQ line 1133=> http://localhost:6201/api/v1/user/profileData","timestamp":"2025-01-03T04:42:41.929Z"}
{"level":"info","message":"Router-----store Register Form Data","timestamp":"2025-01-03T04:43:05.909Z"}
{"level":"info","message":"GET URL REQ => http://localhost:6201/api/v1/validateTokenData","timestamp":"2025-01-03T04:43:05.911Z"}
{"level":"info","message":"GET URL REQ line 1133=> http://localhost:6201/api/v1/user/profileData","timestamp":"2025-01-03T04:43:05.915Z"}
{"level":"info","message":"Router-----store Register Form Data","timestamp":"2025-01-03T04:43:08.707Z"}
{"level":"info","message":"GET URL REQ => http://localhost:6201/api/v1/validateTokenData","timestamp":"2025-01-03T04:43:08.710Z"}
{"level":"info","message":"GET URL REQ line 1133=> http://localhost:6201/api/v1/user/profileData","timestamp":"2025-01-03T04:43:08.716Z"}
{"level":"info","message":"Router-----store Register Form Data","timestamp":"2025-01-03T04:43:11.650Z"}
{"level":"info","message":"GET URL REQ => http://localhost:6201/api/v1/validateTokenData","timestamp":"2025-01-03T04:43:11.651Z"}
{"level":"info","message":"GET URL REQ line 1133=> http://localhost:6201/api/v1/user/profileData","timestamp":"2025-01-03T04:43:11.655Z"}
{"level":"info","message":"Router-----store Register Form Data","timestamp":"2025-01-03T04:43:26.285Z"}
{"level":"info","message":"GET URL REQ => http://localhost:6201/api/v1/validateTokenData","timestamp":"2025-01-03T04:43:26.287Z"}
{"level":"info","message":"GET URL REQ line 1133=> http://localhost:6201/api/v1/user/profileData","timestamp":"2025-01-03T04:43:26.298Z"}
{"level":"info","message":"Router-----store Register Form Data","timestamp":"2025-01-03T04:43:27.617Z"}
{"level":"info","message":"GET URL REQ => http://localhost:6201/api/v1/validateTokenData","timestamp":"2025-01-03T04:43:27.619Z"}
{"level":"info","message":"GET URL REQ line 1133=> http://localhost:6201/api/v1/user/profileData","timestamp":"2025-01-03T04:43:27.622Z"}
{"level":"info","message":"Router-----store Register Form Data","timestamp":"2025-01-03T04:43:59.138Z"}
{"level":"info","message":"GET URL REQ => http://localhost:6201/api/v1/validateTokenData","timestamp":"2025-01-03T04:43:59.139Z"}
{"level":"info","message":"GET URL REQ line 1133=> http://localhost:6201/api/v1/user/profileData","timestamp":"2025-01-03T04:43:59.150Z"}
{"level":"info","message":"Router-----store Register Form Data","timestamp":"2025-01-03T04:43:59.156Z"}
{"level":"info","message":"GET URL REQ => http://localhost:6201/api/v1/validateTokenData","timestamp":"2025-01-03T04:43:59.159Z"}
{"level":"info","message":"GET URL REQ line 1133=> http://localhost:6201/api/v1/user/profileData","timestamp":"2025-01-03T04:43:59.166Z"}
{"level":"info","message":"Router-----store Register Form Data","timestamp":"2025-01-03T04:44:18.572Z"}
{"level":"info","message":"GET URL REQ => http://localhost:6201/api/v1/validateTokenData","timestamp":"2025-01-03T04:44:18.573Z"}
{"level":"info","message":"GET URL REQ line 1133=> http://localhost:6201/api/v1/user/profileData","timestamp":"2025-01-03T04:44:18.578Z"}
{"level":"info","message":"Router-----store Register Form Data","timestamp":"2025-01-03T04:44:20.312Z"}
{"level":"info","message":"GET URL REQ => http://localhost:6201/api/v1/validateTokenData","timestamp":"2025-01-03T04:44:20.313Z"}
{"level":"info","message":"GET URL REQ line 1133=> http://localhost:6201/api/v1/user/profileData","timestamp":"2025-01-03T04:44:20.317Z"}
{"level":"info","message":"Router-----store Register Form Data","timestamp":"2025-01-03T04:44:51.109Z"}
{"level":"info","message":"GET URL REQ => http://localhost:6201/api/v1/validateTokenData","timestamp":"2025-01-03T04:44:51.110Z"}
{"level":"info","message":"GET URL REQ line 1133=> http://localhost:6201/api/v1/user/profileData","timestamp":"2025-01-03T04:44:51.115Z"}
{"level":"info","message":"Router-----store Register Form Data","timestamp":"2025-01-03T04:45:27.058Z"}
{"level":"info","message":"GET URL REQ => http://localhost:6201/api/v1/validateTokenData","timestamp":"2025-01-03T04:45:27.059Z"}
{"level":"info","message":"GET URL REQ line 1133=> http://localhost:6201/api/v1/user/profileData","timestamp":"2025-01-03T04:45:27.064Z"}
{"level":"info","message":"Router-----store Register Form Data","timestamp":"2025-01-03T04:45:52.471Z"}
{"level":"info","message":"GET URL REQ => http://localhost:6201/api/v1/validateTokenData","timestamp":"2025-01-03T04:45:52.473Z"}
{"level":"info","message":"GET URL REQ line 1133=> http://localhost:6201/api/v1/user/profileData","timestamp":"2025-01-03T04:45:52.476Z"}
{"level":"info","message":"Router-----store Register Form Data","timestamp":"2025-01-03T04:45:57.973Z"}
{"level":"info","message":"GET URL REQ => http://localhost:6201/api/v1/validateTokenData","timestamp":"2025-01-03T04:45:57.975Z"}
{"level":"info","message":"GET URL REQ line 1133=> http://localhost:6201/api/v1/user/profileData","timestamp":"2025-01-03T04:45:57.981Z"}
{"level":"info","message":"Router-----store Register Form Data","timestamp":"2025-01-03T04:46:01.333Z"}
{"level":"info","message":"GET URL REQ => http://localhost:6201/api/v1/validateTokenData","timestamp":"2025-01-03T04:46:01.333Z"}
{"level":"info","message":"GET URL REQ line 1133=> http://localhost:6201/api/v1/user/profileData","timestamp":"2025-01-03T04:46:01.342Z"}
{"level":"info","message":"Router-----store Register Form Data","timestamp":"2025-01-03T04:46:03.437Z"}
{"level":"info","message":"GET URL REQ => http://localhost:6201/api/v1/validateTokenData","timestamp":"2025-01-03T04:46:03.438Z"}
{"level":"info","message":"GET URL REQ line 1133=> http://localhost:6201/api/v1/user/profileData","timestamp":"2025-01-03T04:46:03.443Z"}
{"level":"info","message":"Router-----store Register Form Data","timestamp":"2025-01-03T04:46:05.935Z"}
{"level":"info","message":"GET URL REQ => http://localhost:6201/api/v1/validateTokenData","timestamp":"2025-01-03T04:46:05.936Z"}
{"level":"info","message":"GET URL REQ line 1133=> http://localhost:6201/api/v1/user/profileData","timestamp":"2025-01-03T04:46:05.940Z"}
{"level":"info","message":"Router-----store Register Form Data","timestamp":"2025-01-03T04:46:12.983Z"}
{"level":"info","message":"GET URL REQ => http://localhost:6201/api/v1/validateTokenData","timestamp":"2025-01-03T04:46:12.984Z"}
{"level":"info","message":"GET URL REQ line 1133=> http://localhost:6201/api/v1/user/profileData","timestamp":"2025-01-03T04:46:12.988Z"}
{"level":"info","message":"Router-----store Register Form Data","timestamp":"2025-01-03T04:46:16.746Z"}
{"level":"info","message":"GET URL REQ => http://localhost:6201/api/v1/validateTokenData","timestamp":"2025-01-03T04:46:16.747Z"}
{"level":"info","message":"GET URL REQ line 1133=> http://localhost:6201/api/v1/user/profileData","timestamp":"2025-01-03T04:46:16.752Z"}
{"level":"info","message":"Router-----store Register Form Data","timestamp":"2025-01-03T04:46:19.866Z"}
{"level":"info","message":"GET URL REQ => http://localhost:6201/api/v1/validateTokenData","timestamp":"2025-01-03T04:46:19.868Z"}
{"level":"info","message":"GET URL REQ line 1133=> http://localhost:6201/api/v1/user/profileData","timestamp":"2025-01-03T04:46:19.873Z"}
{"level":"info","message":"Router-----store Register Form Data","timestamp":"2025-01-03T04:46:22.445Z"}
{"level":"info","message":"GET URL REQ => http://localhost:6201/api/v1/validateTokenData","timestamp":"2025-01-03T04:46:22.446Z"}
{"level":"info","message":"GET URL REQ line 1133=> http://localhost:6201/api/v1/user/profileData","timestamp":"2025-01-03T04:46:22.452Z"}
{"level":"info","message":"Router-----store Register Form Data","timestamp":"2025-01-03T04:46:22.462Z"}
{"level":"info","message":"GET URL REQ => http://localhost:6201/api/v1/validateTokenData","timestamp":"2025-01-03T04:46:22.463Z"}
{"level":"info","message":"GET URL REQ line 1133=> http://localhost:6201/api/v1/user/profileData","timestamp":"2025-01-03T04:46:22.470Z"}
{"level":"info","message":"Router-----store Register Form Data","timestamp":"2025-01-03T04:48:04.261Z"}
{"level":"info","message":"GET URL REQ => http://localhost:6201/api/v1/validateTokenData","timestamp":"2025-01-03T04:48:04.262Z"}
{"level":"info","message":"GET URL REQ line 1133=> http://localhost:6201/api/v1/user/profileData","timestamp":"2025-01-03T04:48:04.271Z"}
{"level":"info","message":"Router-----store Register Form Data","timestamp":"2025-01-03T04:48:10.946Z"}
{"level":"info","message":"GET URL REQ => http://localhost:6201/api/v1/validateTokenData","timestamp":"2025-01-03T04:48:10.947Z"}
{"level":"info","message":"GET URL REQ line 1133=> http://localhost:6201/api/v1/user/profileData","timestamp":"2025-01-03T04:48:10.952Z"}
{"level":"info","message":"Router-----store Register Form Data","timestamp":"2025-01-03T04:48:21.255Z"}
{"level":"info","message":"GET URL REQ => http://localhost:6201/api/v1/validateTokenData","timestamp":"2025-01-03T04:48:21.257Z"}
{"level":"info","message":"GET URL REQ line 1133=> http://localhost:6201/api/v1/user/profileData","timestamp":"2025-01-03T04:48:21.261Z"}
{"level":"info","message":"Router-----store Register Form Data","timestamp":"2025-01-03T04:49:04.570Z"}
{"level":"info","message":"GET URL REQ => http://localhost:6201/api/v1/validateTokenData","timestamp":"2025-01-03T04:49:04.572Z"}
{"level":"info","message":"GET URL REQ line 1133=> http://localhost:6201/api/v1/user/profileData","timestamp":"2025-01-03T04:49:04.578Z"}
{"level":"info","message":"Router-----store Register Form Data","timestamp":"2025-01-03T04:49:04.584Z"}
{"level":"info","message":"GET URL REQ => http://localhost:6201/api/v1/validateTokenData","timestamp":"2025-01-03T04:49:04.585Z"}
{"level":"info","message":"GET URL REQ line 1133=> http://localhost:6201/api/v1/user/profileData","timestamp":"2025-01-03T04:49:04.593Z"}
{"level":"info","message":"Router-----store Register Form Data","timestamp":"2025-01-03T04:50:29.772Z"}
{"level":"info","message":"GET URL REQ => http://localhost:6201/api/v1/validateTokenData","timestamp":"2025-01-03T04:50:29.773Z"}
{"level":"info","message":"GET URL REQ line 1133=> http://localhost:6201/api/v1/user/profileData","timestamp":"2025-01-03T04:50:29.783Z"}
{"level":"info","message":"Router-----store Register Form Data","timestamp":"2025-01-03T04:50:29.787Z"}
{"level":"info","message":"GET URL REQ => http://localhost:6201/api/v1/validateTokenData","timestamp":"2025-01-03T04:50:29.787Z"}
{"level":"info","message":"GET URL REQ line 1133=> http://localhost:6201/api/v1/user/profileData","timestamp":"2025-01-03T04:50:29.792Z"}
{"level":"info","message":"Router-----store Register Form Data","timestamp":"2025-01-03T04:51:07.461Z"}
{"level":"info","message":"GET URL REQ => http://localhost:6201/api/v1/validateTokenData","timestamp":"2025-01-03T04:51:07.462Z"}
{"level":"info","message":"GET URL REQ line 1133=> http://localhost:6201/api/v1/user/profileData","timestamp":"2025-01-03T04:51:07.466Z"}
{"level":"info","message":"Router-----store Register Form Data","timestamp":"2025-01-03T04:51:22.809Z"}
{"level":"info","message":"GET URL REQ => http://localhost:6201/api/v1/validateTokenData","timestamp":"2025-01-03T04:51:22.811Z"}
{"level":"info","message":"GET URL REQ line 1133=> http://localhost:6201/api/v1/user/profileData","timestamp":"2025-01-03T04:51:22.816Z"}
{"level":"info","message":"GET URL REQ line 1133=> http://localhost:6201/api/v1/user/profileData","timestamp":"2025-01-03T04:51:34.372Z"}
{"level":"info","message":"Router-----store Register Form Data","timestamp":"2025-01-03T04:51:34.378Z"}
{"level":"info","message":"GET URL REQ => http://localhost:6201/api/v1/validateTokenData","timestamp":"2025-01-03T04:51:34.379Z"}
{"level":"info","message":"Router-----store Register Form Data","timestamp":"2025-01-03T04:51:36.583Z"}
{"level":"info","message":"GET URL REQ => http://localhost:6201/api/v1/validateTokenData","timestamp":"2025-01-03T04:51:36.585Z"}
{"level":"info","message":"GET URL REQ line 1133=> http://localhost:6201/api/v1/user/profileData","timestamp":"2025-01-03T04:51:36.589Z"}
{"level":"info","message":"Router-----store Register Form Data","timestamp":"2025-01-03T04:51:56.222Z"}
{"level":"info","message":"GET URL REQ => http://localhost:6201/api/v1/validateTokenData","timestamp":"2025-01-03T04:51:56.226Z"}
{"level":"info","message":"GET URL REQ line 1133=> http://localhost:6201/api/v1/user/profileData","timestamp":"2025-01-03T04:51:56.232Z"}
{"level":"info","message":"Router-----store Register Form Data","timestamp":"2025-01-03T04:52:04.991Z"}
{"level":"info","message":"GET URL REQ => http://localhost:6201/api/v1/validateTokenData","timestamp":"2025-01-03T04:52:04.992Z"}
{"level":"info","message":"GET URL REQ line 1133=> http://localhost:6201/api/v1/user/profileData","timestamp":"2025-01-03T04:52:04.998Z"}
{"level":"info","message":"Router-----store Register Form Data","timestamp":"2025-01-03T04:52:22.602Z"}
{"level":"info","message":"GET URL REQ => http://localhost:6201/api/v1/validateTokenData","timestamp":"2025-01-03T04:52:22.603Z"}
{"level":"info","message":"GET URL REQ line 1133=> http://localhost:6201/api/v1/user/profileData","timestamp":"2025-01-03T04:52:22.611Z"}
{"level":"info","message":"Router-----store Register Form Data","timestamp":"2025-01-03T04:52:22.620Z"}
{"level":"info","message":"GET URL REQ => http://localhost:6201/api/v1/validateTokenData","timestamp":"2025-01-03T04:52:22.621Z"}
{"level":"info","message":"GET URL REQ line 1133=> http://localhost:6201/api/v1/user/profileData","timestamp":"2025-01-03T04:52:22.627Z"}
{"level":"info","message":"Router-----store Register Form Data","timestamp":"2025-01-03T04:52:40.976Z"}
{"level":"info","message":"GET URL REQ => http://localhost:6201/api/v1/validateTokenData","timestamp":"2025-01-03T04:52:40.977Z"}
{"level":"info","message":"GET URL REQ line 1133=> http://localhost:6201/api/v1/user/profileData","timestamp":"2025-01-03T04:52:40.984Z"}
{"level":"info","message":"Router-----store Register Form Data","timestamp":"2025-01-03T04:52:40.988Z"}
{"level":"info","message":"GET URL REQ => http://localhost:6201/api/v1/validateTokenData","timestamp":"2025-01-03T04:52:40.989Z"}
{"level":"info","message":"GET URL REQ line 1133=> http://localhost:6201/api/v1/user/profileData","timestamp":"2025-01-03T04:52:40.994Z"}
{"level":"info","message":"Router-----store Register Form Data","timestamp":"2025-01-03T04:53:12.259Z"}
{"level":"info","message":"GET URL REQ => http://localhost:6201/api/v1/validateTokenData","timestamp":"2025-01-03T04:53:12.261Z"}
{"level":"info","message":"GET URL REQ line 1133=> http://localhost:6201/api/v1/user/profileData","timestamp":"2025-01-03T04:53:12.267Z"}
{"level":"info","message":"Router-----store Register Form Data","timestamp":"2025-01-03T04:53:16.442Z"}
{"level":"info","message":"GET URL REQ => http://localhost:6201/api/v1/validateTokenData","timestamp":"2025-01-03T04:53:16.443Z"}
{"level":"info","message":"GET URL REQ line 1133=> http://localhost:6201/api/v1/user/profileData","timestamp":"2025-01-03T04:53:16.447Z"}
{"level":"info","message":"Router-----store Register Form Data","timestamp":"2025-01-03T04:53:42.806Z"}
{"level":"info","message":"GET URL REQ => http://localhost:6201/api/v1/validateTokenData","timestamp":"2025-01-03T04:53:42.807Z"}
{"level":"info","message":"GET URL REQ line 1133=> http://localhost:6201/api/v1/user/profileData","timestamp":"2025-01-03T04:53:42.813Z"}
{"level":"info","message":"Router-----store Register Form Data","timestamp":"2025-01-03T04:53:50.395Z"}
{"level":"info","message":"GET URL REQ => http://localhost:6201/api/v1/validateTokenData","timestamp":"2025-01-03T04:53:50.397Z"}
{"level":"info","message":"GET URL REQ line 1133=> http://localhost:6201/api/v1/user/profileData","timestamp":"2025-01-03T04:53:50.408Z"}
{"level":"info","message":"Router-----store Register Form Data","timestamp":"2025-01-03T04:53:50.417Z"}
{"level":"info","message":"GET URL REQ => http://localhost:6201/api/v1/validateTokenData","timestamp":"2025-01-03T04:53:50.418Z"}
{"level":"info","message":"GET URL REQ line 1133=> http://localhost:6201/api/v1/user/profileData","timestamp":"2025-01-03T04:53:50.424Z"}
{"level":"info","message":"Router-----store Register Form Data","timestamp":"2025-01-03T04:55:53.780Z"}
{"level":"info","message":"GET URL REQ => http://localhost:6201/api/v1/validateTokenData","timestamp":"2025-01-03T04:55:53.782Z"}
{"level":"info","message":"GET URL REQ line 1133=> http://localhost:6201/api/v1/user/profileData","timestamp":"2025-01-03T04:55:53.787Z"}
{"level":"info","message":"Router-----store Register Form Data","timestamp":"2025-01-03T04:55:53.793Z"}
{"level":"info","message":"GET URL REQ => http://localhost:6201/api/v1/validateTokenData","timestamp":"2025-01-03T04:55:53.795Z"}
{"level":"info","message":"GET URL REQ line 1133=> http://localhost:6201/api/v1/user/profileData","timestamp":"2025-01-03T04:55:53.801Z"}
{"level":"info","message":"Router-----store Register Form Data","timestamp":"2025-01-03T04:57:03.474Z"}
{"level":"info","message":"GET URL REQ => http://localhost:6201/api/v1/validateTokenData","timestamp":"2025-01-03T04:57:03.476Z"}
{"level":"info","message":"GET URL REQ line 1133=> http://localhost:6201/api/v1/user/profileData","timestamp":"2025-01-03T04:57:03.487Z"}
{"level":"info","message":"Router-----store Register Form Data","timestamp":"2025-01-03T04:57:03.495Z"}
{"level":"info","message":"GET URL REQ => http://localhost:6201/api/v1/validateTokenData","timestamp":"2025-01-03T04:57:03.496Z"}
{"level":"info","message":"GET URL REQ line 1133=> http://localhost:6201/api/v1/user/profileData","timestamp":"2025-01-03T04:57:03.501Z"}
{"level":"info","message":"Router-----store Register Form Data","timestamp":"2025-01-03T04:58:17.638Z"}
{"level":"info","message":"GET URL REQ => http://localhost:6201/api/v1/validateTokenData","timestamp":"2025-01-03T04:58:17.645Z"}
{"level":"info","message":"GET URL REQ line 1133=> http://localhost:6201/api/v1/user/profileData","timestamp":"2025-01-03T04:58:17.657Z"}
{"level":"info","message":"Router-----store Register Form Data","timestamp":"2025-01-03T04:58:21.959Z"}
{"level":"info","message":"GET URL REQ => http://localhost:6201/api/v1/validateTokenData","timestamp":"2025-01-03T04:58:21.961Z"}
{"level":"info","message":"GET URL REQ line 1133=> http://localhost:6201/api/v1/user/profileData","timestamp":"2025-01-03T04:58:21.970Z"}
{"level":"info","message":"Router-----store Register Form Data","timestamp":"2025-01-03T04:58:25.801Z"}
{"level":"info","message":"GET URL REQ => http://localhost:6201/api/v1/validateTokenData","timestamp":"2025-01-03T04:58:25.802Z"}
{"level":"info","message":"GET URL REQ line 1133=> http://localhost:6201/api/v1/user/profileData","timestamp":"2025-01-03T04:58:25.808Z"}
{"level":"info","message":"Router-----store Register Form Data","timestamp":"2025-01-03T04:58:56.958Z"}
{"level":"info","message":"GET URL REQ => http://localhost:6201/api/v1/validateTokenData","timestamp":"2025-01-03T04:58:56.959Z"}
{"level":"info","message":"GET URL REQ line 1133=> http://localhost:6201/api/v1/user/profileData","timestamp":"2025-01-03T04:58:56.965Z"}
{"level":"info","message":"Router-----store Register Form Data","timestamp":"2025-01-03T04:58:59.657Z"}
{"level":"info","message":"GET URL REQ => http://localhost:6201/api/v1/validateTokenData","timestamp":"2025-01-03T04:58:59.659Z"}
{"level":"info","message":"GET URL REQ line 1133=> http://localhost:6201/api/v1/user/profileData","timestamp":"2025-01-03T04:58:59.664Z"}
{"level":"info","message":"Router-----store Register Form Data","timestamp":"2025-01-03T04:58:59.669Z"}
{"level":"info","message":"GET URL REQ => http://localhost:6201/api/v1/validateTokenData","timestamp":"2025-01-03T04:58:59.670Z"}
{"level":"info","message":"GET URL REQ line 1133=> http://localhost:6201/api/v1/user/profileData","timestamp":"2025-01-03T04:58:59.677Z"}
{"level":"info","message":"Router-----store Register Form Data","timestamp":"2025-01-03T04:59:11.890Z"}
{"level":"info","message":"GET URL REQ => http://localhost:6201/api/v1/validateTokenData","timestamp":"2025-01-03T04:59:11.891Z"}
{"level":"info","message":"GET URL REQ line 1133=> http://localhost:6201/api/v1/user/profileData","timestamp":"2025-01-03T04:59:11.899Z"}
{"level":"info","message":"Router-----store Register Form Data","timestamp":"2025-01-03T04:59:13.250Z"}
{"level":"info","message":"GET URL REQ => http://localhost:6201/api/v1/validateTokenData","timestamp":"2025-01-03T04:59:13.251Z"}
{"level":"info","message":"GET URL REQ line 1133=> http://localhost:6201/api/v1/user/profileData","timestamp":"2025-01-03T04:59:13.255Z"}
{"level":"info","message":"Router-----store Register Form Data","timestamp":"2025-01-03T04:59:17.805Z"}
{"level":"info","message":"GET URL REQ => http://localhost:6201/api/v1/validateTokenData","timestamp":"2025-01-03T04:59:17.809Z"}
{"level":"info","message":"GET URL REQ line 1133=> http://localhost:6201/api/v1/user/profileData","timestamp":"2025-01-03T04:59:17.816Z"}
{"level":"info","message":"Router-----store Register Form Data","timestamp":"2025-01-03T04:59:24.814Z"}
{"level":"info","message":"GET URL REQ => http://localhost:6201/api/v1/validateTokenData","timestamp":"2025-01-03T04:59:24.817Z"}
{"level":"info","message":"GET URL REQ line 1133=> http://localhost:6201/api/v1/user/profileData","timestamp":"2025-01-03T04:59:24.828Z"}
{"level":"info","message":"Router-----store Register Form Data","timestamp":"2025-01-03T04:59:24.837Z"}
{"level":"info","message":"GET URL REQ => http://localhost:6201/api/v1/validateTokenData","timestamp":"2025-01-03T04:59:24.838Z"}
{"level":"info","message":"GET URL REQ line 1133=> http://localhost:6201/api/v1/user/profileData","timestamp":"2025-01-03T04:59:24.844Z"}
{"level":"info","message":"Router-----store Register Form Data","timestamp":"2025-01-03T04:59:42.117Z"}
{"level":"info","message":"GET URL REQ => http://localhost:6201/api/v1/validateTokenData","timestamp":"2025-01-03T04:59:42.119Z"}
{"level":"info","message":"GET URL REQ line 1133=> http://localhost:6201/api/v1/user/profileData","timestamp":"2025-01-03T04:59:42.126Z"}
{"level":"info","message":"Router-----store Register Form Data","timestamp":"2025-01-03T04:59:47.175Z"}
{"level":"info","message":"GET URL REQ => http://localhost:6201/api/v1/validateTokenData","timestamp":"2025-01-03T04:59:47.176Z"}
{"level":"info","message":"GET URL REQ line 1133=> http://localhost:6201/api/v1/user/profileData","timestamp":"2025-01-03T04:59:47.183Z"}
{"level":"info","message":"Router-----store Register Form Data","timestamp":"2025-01-03T04:59:47.188Z"}
{"level":"info","message":"GET URL REQ => http://localhost:6201/api/v1/validateTokenData","timestamp":"2025-01-03T04:59:47.189Z"}
{"level":"info","message":"GET URL REQ line 1133=> http://localhost:6201/api/v1/user/profileData","timestamp":"2025-01-03T04:59:47.192Z"}
{"level":"info","message":"Router-----store Register Form Data","timestamp":"2025-01-03T05:00:04.108Z"}
{"level":"info","message":"GET URL REQ => http://localhost:6201/api/v1/validateTokenData","timestamp":"2025-01-03T05:00:04.109Z"}
{"level":"info","message":"GET URL REQ line 1133=> http://localhost:6201/api/v1/user/profileData","timestamp":"2025-01-03T05:00:04.116Z"}
{"level":"info","message":"Router-----store Register Form Data","timestamp":"2025-01-03T05:00:04.121Z"}
{"level":"info","message":"GET URL REQ => http://localhost:6201/api/v1/validateTokenData","timestamp":"2025-01-03T05:00:04.122Z"}
{"level":"info","message":"GET URL REQ line 1133=> http://localhost:6201/api/v1/user/profileData","timestamp":"2025-01-03T05:00:04.128Z"}
{"level":"info","message":"Router-----store Register Form Data","timestamp":"2025-01-03T05:00:20.080Z"}
{"level":"info","message":"GET URL REQ => http://localhost:6201/api/v1/validateTokenData","timestamp":"2025-01-03T05:00:20.083Z"}
{"level":"info","message":"GET URL REQ line 1133=> http://localhost:6201/api/v1/user/profileData","timestamp":"2025-01-03T05:00:20.087Z"}
{"level":"info","message":"Router-----store Register Form Data","timestamp":"2025-01-03T05:00:21.460Z"}
{"level":"info","message":"GET URL REQ => http://localhost:6201/api/v1/validateTokenData","timestamp":"2025-01-03T05:00:21.462Z"}
{"level":"info","message":"GET URL REQ line 1133=> http://localhost:6201/api/v1/user/profileData","timestamp":"2025-01-03T05:00:21.468Z"}
{"level":"info","message":"Router-----store Register Form Data","timestamp":"2025-01-03T05:00:32.840Z"}
{"level":"info","message":"GET URL REQ => http://localhost:6201/api/v1/validateTokenData","timestamp":"2025-01-03T05:00:32.842Z"}
{"level":"info","message":"GET URL REQ line 1133=> http://localhost:6201/api/v1/user/profileData","timestamp":"2025-01-03T05:00:32.846Z"}
{"level":"info","message":"Router-----store Register Form Data","timestamp":"2025-01-03T05:00:38.620Z"}
{"level":"info","message":"GET URL REQ => http://localhost:6201/api/v1/validateTokenData","timestamp":"2025-01-03T05:00:38.621Z"}
{"level":"info","message":"GET URL REQ line 1133=> http://localhost:6201/api/v1/user/profileData","timestamp":"2025-01-03T05:00:38.631Z"}
{"level":"info","message":"Router-----store Register Form Data","timestamp":"2025-01-03T05:00:38.639Z"}
{"level":"info","message":"GET URL REQ => http://localhost:6201/api/v1/validateTokenData","timestamp":"2025-01-03T05:00:38.640Z"}
{"level":"info","message":"GET URL REQ line 1133=> http://localhost:6201/api/v1/user/profileData","timestamp":"2025-01-03T05:00:38.652Z"}
{"level":"info","message":"Router-----store Register Form Data","timestamp":"2025-01-03T05:09:12.351Z"}
{"level":"info","message":"GET URL REQ => http://localhost:6201/api/v1/validateTokenData","timestamp":"2025-01-03T05:09:12.352Z"}
{"level":"info","message":"GET URL REQ line 1133=> http://localhost:6201/api/v1/user/profileData","timestamp":"2025-01-03T05:09:12.363Z"}
{"level":"info","message":"Router-----store Register Form Data","timestamp":"2025-01-03T05:09:12.367Z"}
{"level":"info","message":"GET URL REQ => http://localhost:6201/api/v1/validateTokenData","timestamp":"2025-01-03T05:09:12.368Z"}
{"level":"info","message":"GET URL REQ line 1133=> http://localhost:6201/api/v1/user/profileData","timestamp":"2025-01-03T05:09:12.372Z"}
{"level":"info","message":"Router-----store Register Form Data","timestamp":"2025-01-03T05:09:55.875Z"}
{"level":"info","message":"GET URL REQ => http://localhost:6201/api/v1/validateTokenData","timestamp":"2025-01-03T05:09:55.876Z"}
{"level":"info","message":"GET URL REQ line 1133=> http://localhost:6201/api/v1/user/profileData","timestamp":"2025-01-03T05:09:55.886Z"}
{"level":"info","message":"Router-----store Register Form Data","timestamp":"2025-01-03T05:09:58.305Z"}
{"level":"info","message":"GET URL REQ => http://localhost:6201/api/v1/validateTokenData","timestamp":"2025-01-03T05:09:58.306Z"}
{"level":"info","message":"GET URL REQ line 1133=> http://localhost:6201/api/v1/user/profileData","timestamp":"2025-01-03T05:09:58.314Z"}
{"level":"info","message":"Router-----store Register Form Data","timestamp":"2025-01-03T05:10:05.084Z"}
{"level":"info","message":"GET URL REQ => http://localhost:6201/api/v1/validateTokenData","timestamp":"2025-01-03T05:10:05.087Z"}
{"level":"info","message":"GET URL REQ line 1133=> http://localhost:6201/api/v1/user/profileData","timestamp":"2025-01-03T05:10:05.100Z"}
{"level":"info","message":"Router-----store Register Form Data","timestamp":"2025-01-03T05:10:05.121Z"}
{"level":"info","message":"GET URL REQ => http://localhost:6201/api/v1/validateTokenData","timestamp":"2025-01-03T05:10:05.124Z"}
{"level":"info","message":"GET URL REQ line 1133=> http://localhost:6201/api/v1/user/profileData","timestamp":"2025-01-03T05:10:05.133Z"}
{"level":"info","message":"Router-----store Register Form Data","timestamp":"2025-01-03T05:10:17.883Z"}
{"level":"info","message":"GET URL REQ => http://localhost:6201/api/v1/validateTokenData","timestamp":"2025-01-03T05:10:17.884Z"}
{"level":"info","message":"GET URL REQ line 1133=> http://localhost:6201/api/v1/user/profileData","timestamp":"2025-01-03T05:10:17.890Z"}
{"level":"info","message":"Router-----store Register Form Data","timestamp":"2025-01-03T05:11:08.522Z"}
{"level":"info","message":"GET URL REQ => http://localhost:6201/api/v1/validateTokenData","timestamp":"2025-01-03T05:11:08.524Z"}
{"level":"info","message":"GET URL REQ line 1133=> http://localhost:6201/api/v1/user/profileData","timestamp":"2025-01-03T05:11:08.529Z"}
{"level":"info","message":"Router-----store Register Form Data","timestamp":"2025-01-03T05:11:11.680Z"}
{"level":"info","message":"GET URL REQ => http://localhost:6201/api/v1/validateTokenData","timestamp":"2025-01-03T05:11:11.681Z"}
{"level":"info","message":"GET URL REQ line 1133=> http://localhost:6201/api/v1/user/profileData","timestamp":"2025-01-03T05:11:11.685Z"}
{"level":"info","message":"Router-----store Register Form Data","timestamp":"2025-01-03T05:11:11.696Z"}
{"level":"info","message":"GET URL REQ => http://localhost:6201/api/v1/validateTokenData","timestamp":"2025-01-03T05:11:11.697Z"}
{"level":"info","message":"GET URL REQ line 1133=> http://localhost:6201/api/v1/user/profileData","timestamp":"2025-01-03T05:11:11.702Z"}
{"level":"info","message":"Router-----store Register Form Data","timestamp":"2025-01-03T05:11:27.629Z"}
{"level":"info","message":"GET URL REQ => http://localhost:6201/api/v1/validateTokenData","timestamp":"2025-01-03T05:11:27.630Z"}
{"level":"info","message":"GET URL REQ line 1133=> http://localhost:6201/api/v1/user/profileData","timestamp":"2025-01-03T05:11:27.635Z"}
{"level":"info","message":"server running --- from server.ts","timestamp":"2025-01-03T05:13:27.548Z"}
{"level":"info","message":"server running --- from server.ts","timestamp":"2025-01-03T05:13:42.825Z"}
{"level":"info","message":"server running --- from server.ts","timestamp":"2025-01-03T05:13:50.714Z"}
{"level":"info","message":"server running --- from server.ts","timestamp":"2025-01-03T05:13:56.007Z"}
{"level":"info","message":"GET URL REQ => http://localhost:6201/api/v1/users/login","timestamp":"2025-01-03T05:14:06.472Z"}
{"level":"info","message":"GET URL REQ => http://localhost:6201/api/v1/staff/dashBoard","timestamp":"2025-01-03T05:14:08.231Z"}
{"level":"info","message":"Router-----store Register Form Data","timestamp":"2025-01-03T05:14:08.242Z"}
{"level":"info","message":"GET URL REQ => http://localhost:6201/api/v1/validateTokenData","timestamp":"2025-01-03T05:14:08.243Z"}
{"level":"info","message":"GET URL REQ => http://localhost:6201/api/v1/staff/dashBoard","timestamp":"2025-01-03T05:14:08.250Z"}
{"level":"info","message":"Router-----store Register Form Data","timestamp":"2025-01-03T05:14:08.258Z"}
{"level":"info","message":"GET URL REQ => http://localhost:6201/api/v1/validateTokenData","timestamp":"2025-01-03T05:14:08.259Z"}
{"level":"info","message":"server running --- from server.ts","timestamp":"2025-01-03T05:17:01.888Z"}
{"level":"info","message":"server running --- from server.ts","timestamp":"2025-01-03T05:17:24.567Z"}
{"level":"info","message":"GET URL REQ => http://localhost:6201/api/v1/users/login","timestamp":"2025-01-03T05:18:29.052Z"}
{"level":"info","message":"Router-----store Register Form Data","timestamp":"2025-01-03T05:18:30.574Z"}
{"level":"info","message":"GET URL REQ => http://localhost:6201/api/v1/validateTokenData","timestamp":"2025-01-03T05:18:30.576Z"}
{"level":"info","message":"Router-----store Register Form Data","timestamp":"2025-01-03T05:18:30.582Z"}
{"level":"info","message":"GET URL REQ => http://localhost:6201/api/v1/validateTokenData","timestamp":"2025-01-03T05:18:30.583Z"}
{"level":"info","message":"Router-----store Register Form Data","timestamp":"2025-01-03T05:18:35.326Z"}
{"level":"info","message":"GET URL REQ => http://localhost:6201/api/v1/validateTokenData","timestamp":"2025-01-03T05:18:35.329Z"}
{"level":"info","message":"GET URL REQ line 1133=> http://localhost:6201/api/v1/user/profileData","timestamp":"2025-01-03T05:18:35.349Z"}
{"level":"info","message":"Router-----store Register Form Data","timestamp":"2025-01-03T05:18:35.408Z"}
{"level":"info","message":"GET URL REQ => http://localhost:6201/api/v1/validateTokenData","timestamp":"2025-01-03T05:18:35.411Z"}
{"level":"info","message":"GET URL REQ line 1133=> http://localhost:6201/api/v1/user/profileData","timestamp":"2025-01-03T05:18:35.424Z"}
{"level":"info","message":"GET URL REQ => http://localhost:6201/api/v1/users/login","timestamp":"2025-01-03T05:19:30.358Z"}
{"level":"info","message":"Router-----store Register Form Data","timestamp":"2025-01-03T05:19:31.691Z"}
{"level":"info","message":"GET URL REQ => http://localhost:6201/api/v1/validateTokenData","timestamp":"2025-01-03T05:19:31.694Z"}
{"level":"info","message":"Router-----store Register Form Data","timestamp":"2025-01-03T05:19:31.701Z"}
{"level":"info","message":"GET URL REQ => http://localhost:6201/api/v1/validateTokenData","timestamp":"2025-01-03T05:19:31.702Z"}
{"level":"info","message":"Router-----store Register Form Data","timestamp":"2025-01-03T05:19:32.871Z"}
{"level":"info","message":"GET URL REQ => http://localhost:6201/api/v1/validateTokenData","timestamp":"2025-01-03T05:19:32.872Z"}
{"level":"info","message":"GET URL REQ line 1133=> http://localhost:6201/api/v1/user/profileData","timestamp":"2025-01-03T05:19:32.880Z"}
{"level":"info","message":"Router-----store Register Form Data","timestamp":"2025-01-03T05:19:32.886Z"}
{"level":"info","message":"GET URL REQ => http://localhost:6201/api/v1/validateTokenData","timestamp":"2025-01-03T05:19:32.887Z"}
{"level":"info","message":"GET URL REQ line 1133=> http://localhost:6201/api/v1/user/profileData","timestamp":"2025-01-03T05:19:32.896Z"}
{"level":"info","message":"Router-----store Register Form Data","timestamp":"2025-01-03T05:20:12.530Z"}
{"level":"info","message":"GET URL REQ => http://localhost:6201/api/v1/validateTokenData","timestamp":"2025-01-03T05:20:12.531Z"}
{"level":"info","message":"GET URL REQ line 1133=> http://localhost:6201/api/v1/user/profileData","timestamp":"2025-01-03T05:20:12.543Z"}
{"level":"info","message":"Router-----store Register Form Data","timestamp":"2025-01-03T05:20:12.562Z"}
{"level":"info","message":"GET URL REQ => http://localhost:6201/api/v1/validateTokenData","timestamp":"2025-01-03T05:20:12.564Z"}
{"level":"info","message":"GET URL REQ line 1133=> http://localhost:6201/api/v1/user/profileData","timestamp":"2025-01-03T05:20:12.584Z"}
{"level":"info","message":"Router-----store Register Form Data","timestamp":"2025-01-03T05:21:51.717Z"}
{"level":"info","message":"GET URL REQ => http://localhost:6201/api/v1/validateTokenData","timestamp":"2025-01-03T05:21:51.721Z"}
{"level":"info","message":"GET URL REQ line 1133=> http://localhost:6201/api/v1/user/profileData","timestamp":"2025-01-03T05:21:51.734Z"}
{"level":"info","message":"Router-----store Register Form Data","timestamp":"2025-01-03T05:22:01.777Z"}
{"level":"info","message":"GET URL REQ => http://localhost:6201/api/v1/validateTokenData","timestamp":"2025-01-03T05:22:01.779Z"}
{"level":"info","message":"GET URL REQ line 1133=> http://localhost:6201/api/v1/user/profileData","timestamp":"2025-01-03T05:22:01.785Z"}
{"level":"info","message":"Router-----store Register Form Data","timestamp":"2025-01-03T05:22:05.480Z"}
{"level":"info","message":"GET URL REQ => http://localhost:6201/api/v1/validateTokenData","timestamp":"2025-01-03T05:22:05.482Z"}
{"level":"info","message":"GET URL REQ line 1133=> http://localhost:6201/api/v1/user/profileData","timestamp":"2025-01-03T05:22:05.488Z"}
{"level":"info","message":"Router-----store Register Form Data","timestamp":"2025-01-03T05:22:07.172Z"}
{"level":"info","message":"GET URL REQ => http://localhost:6201/api/v1/validateTokenData","timestamp":"2025-01-03T05:22:07.175Z"}
{"level":"info","message":"GET URL REQ line 1133=> http://localhost:6201/api/v1/user/profileData","timestamp":"2025-01-03T05:22:07.188Z"}
{"level":"info","message":"Router-----store Register Form Data","timestamp":"2025-01-03T05:22:20.678Z"}
{"level":"info","message":"GET URL REQ => http://localhost:6201/api/v1/validateTokenData","timestamp":"2025-01-03T05:22:20.679Z"}
{"level":"info","message":"GET URL REQ line 1133=> http://localhost:6201/api/v1/user/profileData","timestamp":"2025-01-03T05:22:20.690Z"}
{"level":"info","message":"Router-----store Register Form Data","timestamp":"2025-01-03T05:22:22.918Z"}
{"level":"info","message":"GET URL REQ => http://localhost:6201/api/v1/validateTokenData","timestamp":"2025-01-03T05:22:22.920Z"}
{"level":"info","message":"GET URL REQ line 1133=> http://localhost:6201/api/v1/user/profileData","timestamp":"2025-01-03T05:22:22.928Z"}
{"level":"info","message":"Router-----store Register Form Data","timestamp":"2025-01-03T05:22:22.940Z"}
{"level":"info","message":"GET URL REQ => http://localhost:6201/api/v1/validateTokenData","timestamp":"2025-01-03T05:22:22.941Z"}
{"level":"info","message":"GET URL REQ line 1133=> http://localhost:6201/api/v1/user/profileData","timestamp":"2025-01-03T05:22:22.954Z"}
{"level":"info","message":"Router-----store Register Form Data","timestamp":"2025-01-03T05:22:24.686Z"}
{"level":"info","message":"GET URL REQ => http://localhost:6201/api/v1/validateTokenData","timestamp":"2025-01-03T05:22:24.688Z"}
{"level":"info","message":"GET URL REQ line 1133=> http://localhost:6201/api/v1/user/profileData","timestamp":"2025-01-03T05:22:24.698Z"}
{"level":"info","message":"GET URL REQ => http://localhost:6201/api/v1/users/login","timestamp":"2025-01-03T05:22:40.325Z"}
{"level":"info","message":"Router-----store Register Form Data","timestamp":"2025-01-03T05:22:41.533Z"}
{"level":"info","message":"GET URL REQ => http://localhost:6201/api/v1/validateTokenData","timestamp":"2025-01-03T05:22:41.535Z"}
{"level":"info","message":"Router-----store Register Form Data","timestamp":"2025-01-03T05:22:41.540Z"}
{"level":"info","message":"GET URL REQ => http://localhost:6201/api/v1/validateTokenData","timestamp":"2025-01-03T05:22:41.541Z"}
{"level":"info","message":"Router-----store Register Form Data","timestamp":"2025-01-03T05:22:43.811Z"}
{"level":"info","message":"GET URL REQ => http://localhost:6201/api/v1/validateTokenData","timestamp":"2025-01-03T05:22:43.813Z"}
{"level":"info","message":"GET URL REQ line 1133=> http://localhost:6201/api/v1/user/profileData","timestamp":"2025-01-03T05:22:43.819Z"}
{"level":"info","message":"Router-----store Register Form Data","timestamp":"2025-01-03T05:22:43.826Z"}
{"level":"info","message":"GET URL REQ => http://localhost:6201/api/v1/validateTokenData","timestamp":"2025-01-03T05:22:43.827Z"}
{"level":"info","message":"GET URL REQ line 1133=> http://localhost:6201/api/v1/user/profileData","timestamp":"2025-01-03T05:22:43.833Z"}
{"level":"info","message":"server running --- from server.ts","timestamp":"2025-01-03T05:23:01.015Z"}
{"level":"info","message":"GET URL REQ => http://localhost:6201/api/v1/users/login","timestamp":"2025-01-03T05:23:18.216Z"}
{"level":"info","message":"Router-----store Register Form Data","timestamp":"2025-01-03T05:23:19.926Z"}
{"level":"info","message":"GET URL REQ => http://localhost:6201/api/v1/validateTokenData","timestamp":"2025-01-03T05:23:19.930Z"}
{"level":"info","message":"Router-----store Register Form Data","timestamp":"2025-01-03T05:23:19.936Z"}
{"level":"info","message":"GET URL REQ => http://localhost:6201/api/v1/validateTokenData","timestamp":"2025-01-03T05:23:19.937Z"}
{"level":"info","message":"Router-----store Register Form Data","timestamp":"2025-01-03T05:23:22.135Z"}
{"level":"info","message":"GET URL REQ => http://localhost:6201/api/v1/validateTokenData","timestamp":"2025-01-03T05:23:22.137Z"}
{"level":"info","message":"GET URL REQ line 1133=> http://localhost:6201/api/v1/user/profileData","timestamp":"2025-01-03T05:23:22.148Z"}
{"level":"info","message":"Router-----store Register Form Data","timestamp":"2025-01-03T05:23:22.160Z"}
{"level":"info","message":"GET URL REQ => http://localhost:6201/api/v1/validateTokenData","timestamp":"2025-01-03T05:23:22.162Z"}
{"level":"info","message":"GET URL REQ line 1133=> http://localhost:6201/api/v1/user/profileData","timestamp":"2025-01-03T05:23:22.170Z"}
{"level":"info","message":"Router-----store Register Form Data","timestamp":"2025-01-03T05:23:52.411Z"}
{"level":"info","message":"GET URL REQ => http://localhost:6201/api/v1/validateTokenData","timestamp":"2025-01-03T05:23:52.412Z"}
{"level":"info","message":"GET URL REQ line 1133=> http://localhost:6201/api/v1/user/profileData","timestamp":"2025-01-03T05:23:52.416Z"}
{"level":"info","message":"Router-----store Register Form Data","timestamp":"2025-01-03T05:23:53.865Z"}
{"level":"info","message":"GET URL REQ => http://localhost:6201/api/v1/validateTokenData","timestamp":"2025-01-03T05:23:53.867Z"}
{"level":"info","message":"GET URL REQ line 1133=> http://localhost:6201/api/v1/user/profileData","timestamp":"2025-01-03T05:23:53.871Z"}
{"level":"info","message":"Router-----store Register Form Data","timestamp":"2025-01-03T05:31:58.126Z"}
{"level":"info","message":"GET URL REQ => http://192.168.29.35:6201/api/v1/validateTokenData","timestamp":"2025-01-03T05:31:58.127Z"}
{"level":"info","message":"GET URL REQ line 1133=> http://192.168.29.35:6201/api/v1/user/profileData","timestamp":"2025-01-03T05:31:58.135Z"}
{"level":"info","message":"Router-----store Register Form Data","timestamp":"2025-01-03T05:31:58.140Z"}
{"level":"info","message":"GET URL REQ => http://192.168.29.35:6201/api/v1/validateTokenData","timestamp":"2025-01-03T05:31:58.141Z"}
{"level":"info","message":"GET URL REQ line 1133=> http://192.168.29.35:6201/api/v1/user/profileData","timestamp":"2025-01-03T05:31:58.148Z"}
{"level":"info","message":"Router----- line 17","timestamp":"2025-01-03T05:34:06.577Z"}
{"level":"info","message":"GET URL REQ => http://192.168.29.35:6201/api/v1/validatetoken","timestamp":"2025-01-03T05:34:06.579Z"}
{"level":"error","message":"Error in userLogin: Cannot read properties of undefined (reading 'result')","stack":"TypeError: Cannot read properties of undefined (reading 'result')\n    at UserRepository.<anonymous> (C:\\Users\\VIJAY L\\Desktop\\backend1\\src\\api\\users\\user-repository.ts:377:37)\n    at Generator.next (<anonymous>)\n    at fulfilled (C:\\Users\\VIJAY L\\Desktop\\backend1\\src\\api\\users\\user-repository.ts:5:58)\n    at processTicksAndRejections (node:internal/process/task_queues:95:5)","timestamp":"2025-01-03T05:34:06.933Z"}
{"level":"info","message":"Router----- line 17","timestamp":"2025-01-03T05:34:06.945Z"}
{"level":"info","message":"GET URL REQ => http://192.168.29.35:6201/api/v1/validatetoken","timestamp":"2025-01-03T05:34:06.946Z"}
{"level":"error","message":"Error in userLogin: Cannot read properties of undefined (reading 'result')","stack":"TypeError: Cannot read properties of undefined (reading 'result')\n    at UserRepository.<anonymous> (C:\\Users\\VIJAY L\\Desktop\\backend1\\src\\api\\users\\user-repository.ts:377:37)\n    at Generator.next (<anonymous>)\n    at fulfilled (C:\\Users\\VIJAY L\\Desktop\\backend1\\src\\api\\users\\user-repository.ts:5:58)\n    at processTicksAndRejections (node:internal/process/task_queues:95:5)","timestamp":"2025-01-03T05:34:07.098Z"}
{"level":"info","message":"Router----- line 17","timestamp":"2025-01-03T05:34:11.368Z"}
{"level":"info","message":"GET URL REQ => http://192.168.29.35:6201/api/v1/validatetoken","timestamp":"2025-01-03T05:34:11.369Z"}
{"level":"error","message":"Error in userLogin: Cannot read properties of undefined (reading 'result')","stack":"TypeError: Cannot read properties of undefined (reading 'result')\n    at UserRepository.<anonymous> (C:\\Users\\VIJAY L\\Desktop\\backend1\\src\\api\\users\\user-repository.ts:377:37)\n    at Generator.next (<anonymous>)\n    at fulfilled (C:\\Users\\VIJAY L\\Desktop\\backend1\\src\\api\\users\\user-repository.ts:5:58)\n    at processTicksAndRejections (node:internal/process/task_queues:95:5)","timestamp":"2025-01-03T05:34:11.533Z"}
{"level":"info","message":"GET URL REQ => http://192.168.29.35:6201/api/v1/users/login","timestamp":"2025-01-03T05:35:22.801Z"}
{"level":"info","message":"Router-----store Register Form Data","timestamp":"2025-01-03T05:35:27.467Z"}
{"level":"info","message":"GET URL REQ => http://192.168.29.35:6201/api/v1/validateTokenData","timestamp":"2025-01-03T05:35:27.469Z"}
{"level":"info","message":"Router-----store Register Form Data","timestamp":"2025-01-03T05:35:27.533Z"}
{"level":"info","message":"GET URL REQ => http://192.168.29.35:6201/api/v1/validateTokenData","timestamp":"2025-01-03T05:35:27.535Z"}
{"level":"info","message":"Router-----store Register Form Data","timestamp":"2025-01-03T05:35:29.296Z"}
{"level":"info","message":"GET URL REQ => http://192.168.29.35:6201/api/v1/validateTokenData","timestamp":"2025-01-03T05:35:29.298Z"}
{"level":"info","message":"GET URL REQ line 1133=> http://192.168.29.35:6201/api/v1/user/profileData","timestamp":"2025-01-03T05:35:29.319Z"}
{"level":"info","message":"GET URL REQ line 1133=> http://192.168.29.35:6201/api/v1/user/profileData","timestamp":"2025-01-03T05:35:29.332Z"}
{"level":"info","message":"Router-----store Register Form Data","timestamp":"2025-01-03T05:35:29.361Z"}
{"level":"info","message":"GET URL REQ => http://192.168.29.35:6201/api/v1/validateTokenData","timestamp":"2025-01-03T05:35:29.363Z"}
{"level":"info","message":"server running --- from server.ts","timestamp":"2025-01-03T05:59:25.431Z"}
{"level":"info","message":"GET URL REQ => http://192.168.29.35:6201/api/v1/users/login","timestamp":"2025-01-03T06:15:11.918Z"}
{"level":"info","message":"Router-----store Register Form Data","timestamp":"2025-01-03T06:15:13.783Z"}
{"level":"info","message":"GET URL REQ => http://192.168.29.35:6201/api/v1/validateTokenData","timestamp":"2025-01-03T06:15:13.784Z"}
{"level":"info","message":"Router-----store Register Form Data","timestamp":"2025-01-03T06:15:13.792Z"}
{"level":"info","message":"GET URL REQ => http://192.168.29.35:6201/api/v1/validateTokenData","timestamp":"2025-01-03T06:15:13.793Z"}
{"level":"info","message":"Router-----store Register Form Data","timestamp":"2025-01-03T06:16:13.443Z"}
{"level":"info","message":"GET URL REQ => http://192.168.29.35:6201/api/v1/validateTokenData","timestamp":"2025-01-03T06:16:13.445Z"}
{"level":"info","message":"Router-----store Register Form Data","timestamp":"2025-01-03T06:16:13.453Z"}
{"level":"info","message":"GET URL REQ => http://192.168.29.35:6201/api/v1/validateTokenData","timestamp":"2025-01-03T06:16:13.454Z"}
{"level":"info","message":"Router-----store Register Form Data","timestamp":"2025-01-03T06:16:14.954Z"}
{"level":"info","message":"GET URL REQ => http://192.168.29.35:6201/api/v1/validateTokenData","timestamp":"2025-01-03T06:16:14.956Z"}
{"level":"info","message":"Router-----store Register Form Data","timestamp":"2025-01-03T06:16:14.960Z"}
{"level":"info","message":"GET URL REQ => http://192.168.29.35:6201/api/v1/validateTokenData","timestamp":"2025-01-03T06:16:14.963Z"}
{"level":"info","message":"GET URL REQ => http://192.168.29.35:6201/api/v1/studentFees/Data","timestamp":"2025-01-03T06:16:14.972Z"}
{"level":"info","message":"GET URL REQ => http://192.168.29.35:6201/api/v1/studentFees/Data","timestamp":"2025-01-03T06:16:14.977Z"}
{"level":"info","message":"Router-----store Register Form Data","timestamp":"2025-01-03T06:16:16.389Z"}
{"level":"info","message":"GET URL REQ => http://192.168.29.35:6201/api/v1/validateTokenData","timestamp":"2025-01-03T06:16:16.390Z"}
{"level":"info","message":"Router-----store Register Form Data","timestamp":"2025-01-03T06:16:16.399Z"}
{"level":"info","message":"GET URL REQ => http://192.168.29.35:6201/api/v1/validateTokenData","timestamp":"2025-01-03T06:16:16.400Z"}
{"level":"info","message":"GET URL REQ line 1133=> http://192.168.29.35:6201/api/v1/user/profileData","timestamp":"2025-01-03T06:16:16.407Z"}
{"level":"info","message":"GET URL REQ line 1133=> http://192.168.29.35:6201/api/v1/user/profileData","timestamp":"2025-01-03T06:16:16.411Z"}
{"level":"info","message":"GET URL REQ => http://192.168.29.35:6201/api/v1/users/login","timestamp":"2025-01-03T06:16:45.788Z"}
{"level":"info","message":"Router-----store Register Form Data","timestamp":"2025-01-03T06:16:47.194Z"}
{"level":"info","message":"GET URL REQ => http://192.168.29.35:6201/api/v1/validateTokenData","timestamp":"2025-01-03T06:16:47.196Z"}
{"level":"info","message":"Router-----store Register Form Data","timestamp":"2025-01-03T06:16:47.205Z"}
{"level":"info","message":"GET URL REQ => http://192.168.29.35:6201/api/v1/validateTokenData","timestamp":"2025-01-03T06:16:47.206Z"}
{"level":"info","message":"GET URL REQ => http://192.168.29.35:6201/api/v1/staff/dashBoard","timestamp":"2025-01-03T06:16:47.212Z"}
{"level":"info","message":"GET URL REQ => http://192.168.29.35:6201/api/v1/staff/dashBoard","timestamp":"2025-01-03T06:16:47.220Z"}
{"level":"info","message":"Router-----store Register Form Data","timestamp":"2025-01-03T06:16:51.225Z"}
{"level":"info","message":"GET URL REQ => http://192.168.29.35:6201/api/v1/validateTokenData","timestamp":"2025-01-03T06:16:51.228Z"}
{"level":"info","message":"Router-----store Register Form Data","timestamp":"2025-01-03T06:16:51.235Z"}
{"level":"info","message":"GET URL REQ => http://192.168.29.35:6201/api/v1/validateTokenData","timestamp":"2025-01-03T06:16:51.236Z"}
{"level":"info","message":"GET URL REQ => http://192.168.29.35:6201/api/v1/attendance/overView","timestamp":"2025-01-03T06:16:51.242Z"}
{"level":"info","message":"GET URL REQ => http://192.168.29.35:6201/api/v1/attendance/overView","timestamp":"2025-01-03T06:16:51.250Z"}
{"level":"info","message":"GET URL REQ => http://192.168.29.35:6201/api/v1/attendance/session","timestamp":"2025-01-03T06:16:52.602Z"}
{"level":"info","message":"GET URL REQ => http://192.168.29.35:6201/api/v1/attendance/session","timestamp":"2025-01-03T06:16:52.612Z"}
{"level":"info","message":"GET URL REQ => http://192.168.29.35:6201/api/v1/users/login","timestamp":"2025-01-03T06:17:30.993Z"}
{"level":"info","message":"Router-----store Register Form Data","timestamp":"2025-01-03T06:17:32.223Z"}
{"level":"info","message":"GET URL REQ => http://192.168.29.35:6201/api/v1/validateTokenData","timestamp":"2025-01-03T06:17:32.226Z"}
{"level":"info","message":"Router-----store Register Form Data","timestamp":"2025-01-03T06:17:32.231Z"}
{"level":"info","message":"GET URL REQ => http://192.168.29.35:6201/api/v1/validateTokenData","timestamp":"2025-01-03T06:17:32.231Z"}
{"level":"info","message":"Router-----store Register Form Data","timestamp":"2025-01-03T06:17:37.438Z"}
{"level":"info","message":"GET URL REQ => http://192.168.29.35:6201/api/v1/validateTokenData","timestamp":"2025-01-03T06:17:37.440Z"}
{"level":"info","message":"GET URL REQ => http://192.168.29.35:6201/api/v1/studentFees/Data","timestamp":"2025-01-03T06:17:37.444Z"}
{"level":"info","message":"Router-----store Register Form Data","timestamp":"2025-01-03T06:17:37.448Z"}
{"level":"info","message":"GET URL REQ => http://192.168.29.35:6201/api/v1/validateTokenData","timestamp":"2025-01-03T06:17:37.449Z"}
{"level":"info","message":"GET URL REQ => http://192.168.29.35:6201/api/v1/studentFees/Data","timestamp":"2025-01-03T06:17:37.455Z"}
{"level":"info","message":"Router-----store Register Form Data","timestamp":"2025-01-03T06:17:44.399Z"}
{"level":"info","message":"GET URL REQ => http://192.168.29.35:6201/api/v1/validateTokenData","timestamp":"2025-01-03T06:17:44.400Z"}
{"level":"info","message":"Router-----store Register Form Data","timestamp":"2025-01-03T06:17:44.406Z"}
{"level":"info","message":"GET URL REQ => http://192.168.29.35:6201/api/v1/validateTokenData","timestamp":"2025-01-03T06:17:44.407Z"}
{"level":"info","message":"Router-----store Register Form Data","timestamp":"2025-01-03T06:18:31.213Z"}
{"level":"info","message":"GET URL REQ => http://192.168.29.35:6201/api/v1/validateTokenData","timestamp":"2025-01-03T06:18:31.214Z"}
{"level":"info","message":"Router-----store Register Form Data","timestamp":"2025-01-03T06:18:35.213Z"}
{"level":"info","message":"GET URL REQ => http://192.168.29.35:6201/api/v1/validateTokenData","timestamp":"2025-01-03T06:18:35.213Z"}
{"level":"info","message":"Router-----store Register Form Data","timestamp":"2025-01-03T06:18:40.676Z"}
{"level":"info","message":"GET URL REQ => http://192.168.29.35:6201/api/v1/validateTokenData","timestamp":"2025-01-03T06:18:40.677Z"}
{"level":"info","message":"Router-----store Register Form Data","timestamp":"2025-01-03T06:18:59.901Z"}
{"level":"info","message":"GET URL REQ => http://192.168.29.35:6201/api/v1/validateTokenData","timestamp":"2025-01-03T06:18:59.902Z"}
{"level":"info","message":"Router-----store Register Form Data","timestamp":"2025-01-03T06:19:30.325Z"}
{"level":"info","message":"GET URL REQ => http://192.168.29.35:6201/api/v1/validateTokenData","timestamp":"2025-01-03T06:19:30.326Z"}
{"level":"info","message":"Router-----store Register Form Data","timestamp":"2025-01-03T06:19:36.569Z"}
{"level":"info","message":"GET URL REQ => http://192.168.29.35:6201/api/v1/validateTokenData","timestamp":"2025-01-03T06:19:36.569Z"}
{"level":"info","message":"GET URL REQ => http://192.168.29.35:6201/api/v1/users/login","timestamp":"2025-01-03T06:31:20.963Z"}
{"level":"info","message":"Router-----store Register Form Data","timestamp":"2025-01-03T06:31:46.568Z"}
{"level":"info","message":"GET URL REQ => http://192.168.29.35:6201/api/v1/validateTokenData","timestamp":"2025-01-03T06:31:46.569Z"}
{"level":"info","message":"Router-----store Register Form Data","timestamp":"2025-01-03T06:31:46.575Z"}
{"level":"info","message":"GET URL REQ => http://192.168.29.35:6201/api/v1/validateTokenData","timestamp":"2025-01-03T06:31:46.576Z"}
{"level":"info","message":"Router-----store Register Form Data","timestamp":"2025-01-03T06:32:11.654Z"}
{"level":"info","message":"GET URL REQ => http://192.168.29.35:6201/api/v1/validateTokenData","timestamp":"2025-01-03T06:32:11.654Z"}
{"level":"info","message":"Router-----store Register Form Data","timestamp":"2025-01-03T06:32:11.663Z"}
{"level":"info","message":"GET URL REQ => http://192.168.29.35:6201/api/v1/validateTokenData","timestamp":"2025-01-03T06:32:11.663Z"}
{"level":"info","message":"Router-----store Register Form Data","timestamp":"2025-01-03T06:33:11.791Z"}
{"level":"info","message":"GET URL REQ => http://192.168.29.35:6201/api/v1/validateTokenData","timestamp":"2025-01-03T06:33:11.792Z"}
{"level":"info","message":"Router-----store Register Form Data","timestamp":"2025-01-03T06:33:17.633Z"}
{"level":"info","message":"GET URL REQ => http://192.168.29.35:6201/api/v1/validateTokenData","timestamp":"2025-01-03T06:33:17.635Z"}
{"level":"info","message":"Router-----store Register Form Data","timestamp":"2025-01-03T06:33:17.642Z"}
{"level":"info","message":"GET URL REQ => http://192.168.29.35:6201/api/v1/validateTokenData","timestamp":"2025-01-03T06:33:17.643Z"}
{"level":"info","message":"Router-----store Register Form Data","timestamp":"2025-01-03T06:33:18.325Z"}
{"level":"info","message":"GET URL REQ => http://192.168.29.35:6201/api/v1/validateTokenData","timestamp":"2025-01-03T06:33:18.327Z"}
{"level":"info","message":"Router-----store Register Form Data","timestamp":"2025-01-03T06:33:18.335Z"}
{"level":"info","message":"GET URL REQ => http://192.168.29.35:6201/api/v1/validateTokenData","timestamp":"2025-01-03T06:33:18.335Z"}
{"level":"info","message":"Router-----store Register Form Data","timestamp":"2025-01-03T06:33:20.087Z"}
{"level":"info","message":"GET URL REQ => http://192.168.29.35:6201/api/v1/validateTokenData","timestamp":"2025-01-03T06:33:20.088Z"}
{"level":"info","message":"Router-----store Register Form Data","timestamp":"2025-01-03T06:33:20.095Z"}
{"level":"info","message":"GET URL REQ => http://192.168.29.35:6201/api/v1/validateTokenData","timestamp":"2025-01-03T06:33:20.096Z"}
{"level":"info","message":"Router-----store Register Form Data","timestamp":"2025-01-03T06:33:20.949Z"}
{"level":"info","message":"GET URL REQ => http://192.168.29.35:6201/api/v1/validateTokenData","timestamp":"2025-01-03T06:33:20.951Z"}
{"level":"info","message":"GET URL REQ line 1133=> http://192.168.29.35:6201/api/v1/user/profileData","timestamp":"2025-01-03T06:33:20.962Z"}
{"level":"info","message":"Router-----store Register Form Data","timestamp":"2025-01-03T06:33:20.969Z"}
{"level":"info","message":"GET URL REQ => http://192.168.29.35:6201/api/v1/validateTokenData","timestamp":"2025-01-03T06:33:20.970Z"}
{"level":"info","message":"GET URL REQ line 1133=> http://192.168.29.35:6201/api/v1/user/profileData","timestamp":"2025-01-03T06:33:20.980Z"}
{"level":"info","message":"Router-----store Register Form Data","timestamp":"2025-01-03T06:33:22.034Z"}
{"level":"info","message":"GET URL REQ => http://192.168.29.35:6201/api/v1/validateTokenData","timestamp":"2025-01-03T06:33:22.036Z"}
{"level":"info","message":"Router-----store Register Form Data","timestamp":"2025-01-03T06:33:22.041Z"}
{"level":"info","message":"GET URL REQ => http://192.168.29.35:6201/api/v1/validateTokenData","timestamp":"2025-01-03T06:33:22.042Z"}
{"level":"info","message":"Router-----store Register Form Data","timestamp":"2025-01-03T06:33:28.147Z"}
{"level":"info","message":"GET URL REQ => http://192.168.29.35:6201/api/v1/validateTokenData","timestamp":"2025-01-03T06:33:28.148Z"}
{"level":"info","message":"Router-----store Register Form Data","timestamp":"2025-01-03T06:35:37.065Z"}
{"level":"info","message":"GET URL REQ => http://192.168.29.35:6201/api/v1/validateTokenData","timestamp":"2025-01-03T06:35:37.066Z"}
{"level":"info","message":"Router-----store Register Form Data","timestamp":"2025-01-03T06:35:46.159Z"}
{"level":"info","message":"GET URL REQ => http://192.168.29.35:6201/api/v1/validateTokenData","timestamp":"2025-01-03T06:35:46.159Z"}
{"level":"info","message":"Router-----store Register Form Data","timestamp":"2025-01-03T06:35:57.775Z"}
{"level":"info","message":"GET URL REQ => http://192.168.29.35:6201/api/v1/validateTokenData","timestamp":"2025-01-03T06:35:57.776Z"}
{"level":"info","message":"Router-----store Register Form Data","timestamp":"2025-01-03T06:42:48.559Z"}
{"level":"info","message":"GET URL REQ => http://192.168.29.35:6201/api/v1/validateTokenData","timestamp":"2025-01-03T06:42:48.560Z"}
{"level":"info","message":"Router-----store Register Form Data","timestamp":"2025-01-03T06:42:48.566Z"}
{"level":"info","message":"GET URL REQ => http://192.168.29.35:6201/api/v1/validateTokenData","timestamp":"2025-01-03T06:42:48.567Z"}
{"level":"info","message":"Router-----store Register Form Data","timestamp":"2025-01-03T06:43:14.579Z"}
{"level":"info","message":"GET URL REQ => http://192.168.29.35:6201/api/v1/validateTokenData","timestamp":"2025-01-03T06:43:14.583Z"}
{"level":"info","message":"Router-----store Register Form Data","timestamp":"2025-01-03T06:43:14.588Z"}
{"level":"info","message":"GET URL REQ => http://192.168.29.35:6201/api/v1/validateTokenData","timestamp":"2025-01-03T06:43:14.588Z"}
{"level":"info","message":"Router-----store Register Form Data","timestamp":"2025-01-03T06:43:29.310Z"}
{"level":"info","message":"GET URL REQ => http://192.168.29.35:6201/api/v1/validateTokenData","timestamp":"2025-01-03T06:43:29.311Z"}
{"level":"info","message":"Router-----store Register Form Data","timestamp":"2025-01-03T06:43:29.316Z"}
{"level":"info","message":"GET URL REQ => http://192.168.29.35:6201/api/v1/validateTokenData","timestamp":"2025-01-03T06:43:29.316Z"}
{"level":"info","message":"Router-----store Register Form Data","timestamp":"2025-01-03T06:58:13.434Z"}
{"level":"info","message":"GET URL REQ => http://192.168.29.35:6201/api/v1/validateTokenData","timestamp":"2025-01-03T06:58:13.435Z"}
{"level":"info","message":"Router-----store Register Form Data","timestamp":"2025-01-03T06:58:13.445Z"}
{"level":"info","message":"GET URL REQ => http://192.168.29.35:6201/api/v1/validateTokenData","timestamp":"2025-01-03T06:58:13.445Z"}
{"level":"info","message":"Router-----store Register Form Data","timestamp":"2025-01-03T06:58:16.436Z"}
{"level":"info","message":"GET URL REQ => http://192.168.29.35:6201/api/v1/validateTokenData","timestamp":"2025-01-03T06:58:16.437Z"}
{"level":"info","message":"Router-----store Register Form Data","timestamp":"2025-01-03T06:58:31.201Z"}
{"level":"info","message":"GET URL REQ => http://192.168.29.35:6201/api/v1/validateTokenData","timestamp":"2025-01-03T06:58:31.204Z"}
{"level":"info","message":"Router-----store Register Form Data","timestamp":"2025-01-03T07:01:14.324Z"}
{"level":"info","message":"GET URL REQ => http://192.168.29.35:6201/api/v1/validateTokenData","timestamp":"2025-01-03T07:01:14.325Z"}
{"level":"info","message":"Router-----store Register Form Data","timestamp":"2025-01-03T07:01:39.516Z"}
{"level":"info","message":"GET URL REQ => http://192.168.29.35:6201/api/v1/validateTokenData","timestamp":"2025-01-03T07:01:39.518Z"}
{"level":"info","message":"Router-----store Register Form Data","timestamp":"2025-01-03T07:03:39.765Z"}
{"level":"info","message":"GET URL REQ => http://192.168.29.35:6201/api/v1/validateTokenData","timestamp":"2025-01-03T07:03:39.767Z"}
{"level":"info","message":"Router-----store Register Form Data","timestamp":"2025-01-03T07:03:43.227Z"}
{"level":"info","message":"GET URL REQ => http://192.168.29.35:6201/api/v1/validateTokenData","timestamp":"2025-01-03T07:03:43.228Z"}
{"level":"info","message":"Router-----store Register Form Data","timestamp":"2025-01-03T07:03:56.451Z"}
{"level":"info","message":"GET URL REQ => http://192.168.29.35:6201/api/v1/validateTokenData","timestamp":"2025-01-03T07:03:56.453Z"}
{"level":"info","message":"Router-----store Register Form Data","timestamp":"2025-01-03T07:04:11.500Z"}
{"level":"info","message":"GET URL REQ => http://192.168.29.35:6201/api/v1/validateTokenData","timestamp":"2025-01-03T07:04:11.502Z"}
{"level":"info","message":"Router-----store Register Form Data","timestamp":"2025-01-03T07:04:16.725Z"}
{"level":"info","message":"GET URL REQ => http://192.168.29.35:6201/api/v1/validateTokenData","timestamp":"2025-01-03T07:04:16.728Z"}
{"level":"info","message":"Router-----store Register Form Data","timestamp":"2025-01-03T07:04:23.997Z"}
{"level":"info","message":"GET URL REQ => http://192.168.29.35:6201/api/v1/validateTokenData","timestamp":"2025-01-03T07:04:23.998Z"}
{"level":"info","message":"server running --- from server.ts","timestamp":"2025-01-03T07:06:10.219Z"}
{"level":"info","message":"server running --- from server.ts","timestamp":"2025-01-03T07:06:35.996Z"}
{"level":"info","message":"server running --- from server.ts","timestamp":"2025-01-03T07:08:16.822Z"}
{"level":"info","message":"server running --- from server.ts","timestamp":"2025-01-03T07:08:35.423Z"}
{"level":"info","message":"server running --- from server.ts","timestamp":"2025-01-03T07:09:04.207Z"}
{"level":"info","message":"server running --- from server.ts","timestamp":"2025-01-03T07:10:02.786Z"}
{"level":"info","message":"server running --- from server.ts","timestamp":"2025-01-03T07:10:08.343Z"}
{"level":"info","message":"server running --- from server.ts","timestamp":"2025-01-03T07:10:21.807Z"}
{"level":"info","message":"server running --- from server.ts","timestamp":"2025-01-03T07:10:31.855Z"}
{"level":"info","message":"server running --- from server.ts","timestamp":"2025-01-03T07:34:46.628Z"}
{"level":"info","message":"server running --- from server.ts","timestamp":"2025-01-03T07:34:57.157Z"}
{"level":"info","message":"server running --- from server.ts","timestamp":"2025-01-03T07:35:34.687Z"}
{"level":"info","message":"server running --- from server.ts","timestamp":"2025-01-03T07:36:15.115Z"}
{"level":"info","message":"server running --- from server.ts","timestamp":"2025-01-03T07:36:24.595Z"}
{"level":"info","message":"server running --- from server.ts","timestamp":"2025-01-03T07:36:30.976Z"}
{"level":"info","message":"server running --- from server.ts","timestamp":"2025-01-03T07:36:36.710Z"}
{"level":"info","message":"server running --- from server.ts","timestamp":"2025-01-03T07:36:48.745Z"}
{"level":"info","message":"server running --- from server.ts","timestamp":"2025-01-03T07:37:16.435Z"}
{"level":"info","message":"server running --- from server.ts","timestamp":"2025-01-03T07:37:26.715Z"}
{"level":"info","message":"GET URL REQ => http://192.168.29.35:6201/api/v1/users/login","timestamp":"2025-01-03T08:23:03.414Z"}
{"level":"info","message":"Router-----store Register Form Data","timestamp":"2025-01-03T08:23:05.641Z"}
{"level":"info","message":"GET URL REQ => http://192.168.29.35:6201/api/v1/validateTokenData","timestamp":"2025-01-03T08:23:05.644Z"}
{"level":"info","message":"Router-----store Register Form Data","timestamp":"2025-01-03T08:23:05.649Z"}
{"level":"info","message":"GET URL REQ => http://192.168.29.35:6201/api/v1/validateTokenData","timestamp":"2025-01-03T08:23:05.650Z"}
{"level":"info","message":"Router-----store Register Form Data","timestamp":"2025-01-03T08:23:08.083Z"}
{"level":"info","message":"GET URL REQ => http://192.168.29.35:6201/api/v1/validateTokenData","timestamp":"2025-01-03T08:23:08.085Z"}
{"level":"info","message":"Router-----store Register Form Data","timestamp":"2025-01-03T08:23:08.100Z"}
{"level":"info","message":"GET URL REQ => http://192.168.29.35:6201/api/v1/validateTokenData","timestamp":"2025-01-03T08:23:08.102Z"}
{"level":"info","message":"GET URL REQ => http://192.168.29.35:6201/api/v1/attendance/userData","timestamp":"2025-01-03T08:23:08.121Z"}
{"level":"info","message":"GET URL REQ => http://192.168.29.35:6201/api/v1/attendance/userData","timestamp":"2025-01-03T08:23:08.133Z"}
{"level":"info","message":"GET URL REQ => http://192.168.29.35:6201/api/v1/studentFees/Data","timestamp":"2025-01-03T08:23:39.935Z"}
{"level":"info","message":"Router-----store Register Form Data","timestamp":"2025-01-03T08:23:39.947Z"}
{"level":"info","message":"GET URL REQ => http://192.168.29.35:6201/api/v1/validateTokenData","timestamp":"2025-01-03T08:23:39.948Z"}
{"level":"info","message":"Router-----store Register Form Data","timestamp":"2025-01-03T08:23:39.951Z"}
{"level":"info","message":"GET URL REQ => http://192.168.29.35:6201/api/v1/validateTokenData","timestamp":"2025-01-03T08:23:39.952Z"}
{"level":"info","message":"GET URL REQ => http://192.168.29.35:6201/api/v1/studentFees/Data","timestamp":"2025-01-03T08:23:39.959Z"}
{"level":"info","message":"Router-----store Register Form Data","timestamp":"2025-01-03T08:23:43.321Z"}
{"level":"info","message":"GET URL REQ => http://192.168.29.35:6201/api/v1/validateTokenData","timestamp":"2025-01-03T08:23:43.323Z"}
{"level":"info","message":"Router-----store Register Form Data","timestamp":"2025-01-03T08:23:43.330Z"}
{"level":"info","message":"GET URL REQ => http://192.168.29.35:6201/api/v1/validateTokenData","timestamp":"2025-01-03T08:23:43.331Z"}
{"level":"info","message":"GET URL REQ => http://192.168.29.35:6201/api/v1/attendance/userData","timestamp":"2025-01-03T08:23:43.339Z"}
{"level":"info","message":"GET URL REQ => http://192.168.29.35:6201/api/v1/attendance/userData","timestamp":"2025-01-03T08:23:43.347Z"}
{"level":"info","message":"GET URL REQ => http://192.168.29.35:6201/api/v1/users/login","timestamp":"2025-01-03T09:22:25.670Z"}
{"level":"info","message":"GET URL REQ => http://192.168.29.35:6201/api/v1/staff/dashBoard","timestamp":"2025-01-03T09:22:27.446Z"}
{"level":"info","message":"Router-----store Register Form Data","timestamp":"2025-01-03T09:22:27.460Z"}
{"level":"info","message":"GET URL REQ => http://192.168.29.35:6201/api/v1/validateTokenData","timestamp":"2025-01-03T09:22:27.461Z"}
{"level":"info","message":"GET URL REQ => http://192.168.29.35:6201/api/v1/staff/dashBoard","timestamp":"2025-01-03T09:22:27.468Z"}
{"level":"info","message":"Router-----store Register Form Data","timestamp":"2025-01-03T09:22:27.474Z"}
{"level":"info","message":"GET URL REQ => http://192.168.29.35:6201/api/v1/validateTokenData","timestamp":"2025-01-03T09:22:27.474Z"}
{"level":"info","message":"GET URL REQ => http://192.168.29.35:6201/api/v1/users/login","timestamp":"2025-01-03T09:22:47.581Z"}
{"level":"info","message":"GET URL REQ => http://192.168.29.35:6201/api/v1/users/login","timestamp":"2025-01-03T09:23:03.811Z"}
{"level":"info","message":"GET URL REQ => http://192.168.29.35:6201/api/v1/users/login","timestamp":"2025-01-03T09:23:09.600Z"}
{"level":"info","message":"Router-----store Register Form Data","timestamp":"2025-01-03T09:23:11.432Z"}
{"level":"info","message":"GET URL REQ => http://192.168.29.35:6201/api/v1/validateTokenData","timestamp":"2025-01-03T09:23:11.434Z"}
{"level":"info","message":"Router-----store Register Form Data","timestamp":"2025-01-03T09:23:11.437Z"}
{"level":"info","message":"GET URL REQ => http://192.168.29.35:6201/api/v1/validateTokenData","timestamp":"2025-01-03T09:23:11.438Z"}
{"level":"info","message":"Router-----store Register Form Data","timestamp":"2025-01-03T09:23:15.630Z"}
{"level":"info","message":"GET URL REQ => http://192.168.29.35:6201/api/v1/validateTokenData","timestamp":"2025-01-03T09:23:15.631Z"}
{"level":"info","message":"GET URL REQ => http://192.168.29.35:6201/api/v1/attendance/userData","timestamp":"2025-01-03T09:23:15.637Z"}
{"level":"info","message":"Router-----store Register Form Data","timestamp":"2025-01-03T09:23:15.644Z"}
{"level":"info","message":"GET URL REQ => http://192.168.29.35:6201/api/v1/validateTokenData","timestamp":"2025-01-03T09:23:15.645Z"}
{"level":"info","message":"GET URL REQ => http://192.168.29.35:6201/api/v1/attendance/userData","timestamp":"2025-01-03T09:23:15.648Z"}
{"level":"info","message":"Router-----store Register Form Data","timestamp":"2025-01-03T09:23:41.934Z"}
{"level":"info","message":"GET URL REQ => http://192.168.29.35:6201/api/v1/validateTokenData","timestamp":"2025-01-03T09:23:41.935Z"}
{"level":"info","message":"GET URL REQ => http://192.168.29.35:6201/api/v1/attendance/userData","timestamp":"2025-01-03T09:23:41.943Z"}
{"level":"info","message":"Router-----store Register Form Data","timestamp":"2025-01-03T09:23:41.951Z"}
{"level":"info","message":"GET URL REQ => http://192.168.29.35:6201/api/v1/validateTokenData","timestamp":"2025-01-03T09:23:41.952Z"}
{"level":"info","message":"GET URL REQ => http://192.168.29.35:6201/api/v1/attendance/userData","timestamp":"2025-01-03T09:23:41.956Z"}
{"level":"info","message":"Router-----store Register Form Data","timestamp":"2025-01-03T09:24:15.618Z"}
{"level":"info","message":"GET URL REQ => http://192.168.29.35:6201/api/v1/validateTokenData","timestamp":"2025-01-03T09:24:15.621Z"}
{"level":"info","message":"GET URL REQ => http://192.168.29.35:6201/api/v1/attendance/userData","timestamp":"2025-01-03T09:24:15.632Z"}
{"level":"info","message":"Router-----store Register Form Data","timestamp":"2025-01-03T09:29:48.002Z"}
{"level":"info","message":"GET URL REQ => http://192.168.29.35:6201/api/v1/validateTokenData","timestamp":"2025-01-03T09:29:48.003Z"}
{"level":"info","message":"GET URL REQ => http://192.168.29.35:6201/api/v1/attendance/userData","timestamp":"2025-01-03T09:29:48.007Z"}
{"level":"info","message":"GET URL REQ => http://192.168.29.35:6201/api/v1/attendance/userData","timestamp":"2025-01-03T09:29:48.265Z"}
{"level":"info","message":"GET URL REQ => http://192.168.29.35:6201/api/v1/attendance/userData","timestamp":"2025-01-03T09:29:48.380Z"}
{"level":"info","message":"GET URL REQ => http://192.168.29.35:6201/api/v1/attendance/userData","timestamp":"2025-01-03T09:29:48.483Z"}
{"level":"info","message":"GET URL REQ => http://192.168.29.35:6201/api/v1/attendance/userData","timestamp":"2025-01-03T09:29:48.584Z"}
{"level":"info","message":"GET URL REQ => http://192.168.29.35:6201/api/v1/attendance/userData","timestamp":"2025-01-03T09:29:48.683Z"}
{"level":"info","message":"GET URL REQ => http://192.168.29.35:6201/api/v1/attendance/userData","timestamp":"2025-01-03T09:29:48.839Z"}
{"level":"info","message":"GET URL REQ => http://192.168.29.35:6201/api/v1/attendance/userData","timestamp":"2025-01-03T09:29:48.927Z"}
{"level":"info","message":"GET URL REQ => http://192.168.29.35:6201/api/v1/attendance/userData","timestamp":"2025-01-03T09:29:48.987Z"}
{"level":"info","message":"GET URL REQ => http://192.168.29.35:6201/api/v1/attendance/userData","timestamp":"2025-01-03T09:29:49.054Z"}
{"level":"info","message":"GET URL REQ => http://192.168.29.35:6201/api/v1/attendance/userData","timestamp":"2025-01-03T09:29:49.124Z"}
{"level":"info","message":"GET URL REQ => http://192.168.29.35:6201/api/v1/attendance/userData","timestamp":"2025-01-03T09:29:49.186Z"}
{"level":"info","message":"GET URL REQ => http://192.168.29.35:6201/api/v1/attendance/userData","timestamp":"2025-01-03T09:29:49.237Z"}
{"level":"info","message":"GET URL REQ => http://192.168.29.35:6201/api/v1/attendance/userData","timestamp":"2025-01-03T09:29:49.298Z"}
{"level":"info","message":"GET URL REQ => http://192.168.29.35:6201/api/v1/attendance/userData","timestamp":"2025-01-03T09:29:49.347Z"}
{"level":"info","message":"GET URL REQ => http://192.168.29.35:6201/api/v1/attendance/userData","timestamp":"2025-01-03T09:29:49.404Z"}
{"level":"info","message":"GET URL REQ => http://192.168.29.35:6201/api/v1/attendance/userData","timestamp":"2025-01-03T09:29:49.462Z"}
{"level":"info","message":"GET URL REQ => http://192.168.29.35:6201/api/v1/attendance/userData","timestamp":"2025-01-03T09:29:49.517Z"}
{"level":"info","message":"GET URL REQ => http://192.168.29.35:6201/api/v1/attendance/userData","timestamp":"2025-01-03T09:29:49.567Z"}
{"level":"info","message":"GET URL REQ => http://192.168.29.35:6201/api/v1/attendance/userData","timestamp":"2025-01-03T09:29:49.618Z"}
{"level":"info","message":"GET URL REQ => http://192.168.29.35:6201/api/v1/attendance/userData","timestamp":"2025-01-03T09:29:49.670Z"}
{"level":"info","message":"GET URL REQ => http://192.168.29.35:6201/api/v1/attendance/userData","timestamp":"2025-01-03T09:29:49.726Z"}
{"level":"info","message":"GET URL REQ => http://192.168.29.35:6201/api/v1/attendance/userData","timestamp":"2025-01-03T09:29:49.799Z"}
{"level":"info","message":"GET URL REQ => http://192.168.29.35:6201/api/v1/attendance/userData","timestamp":"2025-01-03T09:29:49.869Z"}
{"level":"info","message":"GET URL REQ => http://192.168.29.35:6201/api/v1/attendance/userData","timestamp":"2025-01-03T09:29:49.936Z"}
{"level":"info","message":"GET URL REQ => http://192.168.29.35:6201/api/v1/attendance/userData","timestamp":"2025-01-03T09:29:50.014Z"}
{"level":"info","message":"GET URL REQ => http://192.168.29.35:6201/api/v1/attendance/userData","timestamp":"2025-01-03T09:29:50.076Z"}
{"level":"info","message":"GET URL REQ => http://192.168.29.35:6201/api/v1/attendance/userData","timestamp":"2025-01-03T09:29:50.147Z"}
{"level":"info","message":"GET URL REQ => http://192.168.29.35:6201/api/v1/attendance/userData","timestamp":"2025-01-03T09:29:50.238Z"}
{"level":"info","message":"GET URL REQ => http://192.168.29.35:6201/api/v1/attendance/userData","timestamp":"2025-01-03T09:29:50.324Z"}
{"level":"info","message":"GET URL REQ => http://192.168.29.35:6201/api/v1/attendance/userData","timestamp":"2025-01-03T09:29:50.416Z"}
{"level":"info","message":"GET URL REQ => http://192.168.29.35:6201/api/v1/attendance/userData","timestamp":"2025-01-03T09:29:50.506Z"}
{"level":"info","message":"GET URL REQ => http://192.168.29.35:6201/api/v1/attendance/userData","timestamp":"2025-01-03T09:29:50.601Z"}
{"level":"info","message":"GET URL REQ => http://192.168.29.35:6201/api/v1/attendance/userData","timestamp":"2025-01-03T09:29:50.661Z"}
{"level":"info","message":"GET URL REQ => http://192.168.29.35:6201/api/v1/attendance/userData","timestamp":"2025-01-03T09:29:50.743Z"}
{"level":"info","message":"GET URL REQ => http://192.168.29.35:6201/api/v1/attendance/userData","timestamp":"2025-01-03T09:29:50.832Z"}
{"level":"info","message":"GET URL REQ => http://192.168.29.35:6201/api/v1/attendance/userData","timestamp":"2025-01-03T09:29:50.926Z"}
{"level":"info","message":"Router-----store Register Form Data","timestamp":"2025-01-03T09:29:51.020Z"}
{"level":"info","message":"GET URL REQ => http://192.168.29.35:6201/api/v1/validateTokenData","timestamp":"2025-01-03T09:29:51.023Z"}
{"level":"info","message":"GET URL REQ => http://192.168.29.35:6201/api/v1/attendance/userData","timestamp":"2025-01-03T09:29:51.042Z"}
{"level":"info","message":"Router-----store Register Form Data","timestamp":"2025-01-03T09:29:55.846Z"}
{"level":"info","message":"GET URL REQ => http://192.168.29.35:6201/api/v1/validateTokenData","timestamp":"2025-01-03T09:29:55.848Z"}
{"level":"info","message":"GET URL REQ => http://192.168.29.35:6201/api/v1/attendance/userData","timestamp":"2025-01-03T09:29:55.852Z"}
{"level":"info","message":"Router-----store Register Form Data","timestamp":"2025-01-03T09:29:55.861Z"}
{"level":"info","message":"GET URL REQ => http://192.168.29.35:6201/api/v1/validateTokenData","timestamp":"2025-01-03T09:29:55.862Z"}
{"level":"info","message":"GET URL REQ => http://192.168.29.35:6201/api/v1/attendance/userData","timestamp":"2025-01-03T09:29:55.866Z"}
{"level":"info","message":"GET URL REQ => http://192.168.29.35:6201/api/v1/attendance/userData","timestamp":"2025-01-03T09:29:55.921Z"}
{"level":"info","message":"GET URL REQ => http://192.168.29.35:6201/api/v1/attendance/userData","timestamp":"2025-01-03T09:29:55.983Z"}
{"level":"info","message":"GET URL REQ => http://192.168.29.35:6201/api/v1/attendance/userData","timestamp":"2025-01-03T09:29:56.046Z"}
{"level":"info","message":"GET URL REQ => http://192.168.29.35:6201/api/v1/attendance/userData","timestamp":"2025-01-03T09:29:56.098Z"}
{"level":"info","message":"GET URL REQ => http://192.168.29.35:6201/api/v1/attendance/userData","timestamp":"2025-01-03T09:29:56.106Z"}
{"level":"info","message":"GET URL REQ => http://192.168.29.35:6201/api/v1/attendance/userData","timestamp":"2025-01-03T09:29:56.155Z"}
{"level":"info","message":"GET URL REQ => http://192.168.29.35:6201/api/v1/attendance/userData","timestamp":"2025-01-03T09:29:56.169Z"}
{"level":"info","message":"GET URL REQ => http://192.168.29.35:6201/api/v1/attendance/userData","timestamp":"2025-01-03T09:29:56.219Z"}
{"level":"info","message":"GET URL REQ => http://192.168.29.35:6201/api/v1/attendance/userData","timestamp":"2025-01-03T09:29:56.231Z"}
{"level":"info","message":"GET URL REQ => http://192.168.29.35:6201/api/v1/attendance/userData","timestamp":"2025-01-03T09:29:56.300Z"}
{"level":"info","message":"GET URL REQ => http://192.168.29.35:6201/api/v1/attendance/userData","timestamp":"2025-01-03T09:29:56.315Z"}
{"level":"info","message":"GET URL REQ => http://192.168.29.35:6201/api/v1/attendance/userData","timestamp":"2025-01-03T09:29:56.372Z"}
{"level":"info","message":"GET URL REQ => http://192.168.29.35:6201/api/v1/attendance/userData","timestamp":"2025-01-03T09:29:56.386Z"}
{"level":"info","message":"GET URL REQ => http://192.168.29.35:6201/api/v1/attendance/userData","timestamp":"2025-01-03T09:29:56.465Z"}
{"level":"info","message":"GET URL REQ => http://192.168.29.35:6201/api/v1/attendance/userData","timestamp":"2025-01-03T09:29:56.486Z"}
{"level":"info","message":"GET URL REQ => http://192.168.29.35:6201/api/v1/attendance/userData","timestamp":"2025-01-03T09:29:56.553Z"}
{"level":"info","message":"GET URL REQ => http://192.168.29.35:6201/api/v1/attendance/userData","timestamp":"2025-01-03T09:29:56.573Z"}
{"level":"info","message":"GET URL REQ => http://192.168.29.35:6201/api/v1/attendance/userData","timestamp":"2025-01-03T09:29:56.638Z"}
{"level":"info","message":"GET URL REQ => http://192.168.29.35:6201/api/v1/attendance/userData","timestamp":"2025-01-03T09:29:56.664Z"}
{"level":"info","message":"GET URL REQ => http://192.168.29.35:6201/api/v1/attendance/userData","timestamp":"2025-01-03T09:29:56.720Z"}
{"level":"info","message":"GET URL REQ => http://192.168.29.35:6201/api/v1/attendance/userData","timestamp":"2025-01-03T09:29:56.745Z"}
{"level":"info","message":"GET URL REQ => http://192.168.29.35:6201/api/v1/attendance/userData","timestamp":"2025-01-03T09:29:56.833Z"}
{"level":"info","message":"GET URL REQ => http://192.168.29.35:6201/api/v1/attendance/userData","timestamp":"2025-01-03T09:29:56.840Z"}
{"level":"info","message":"GET URL REQ => http://192.168.29.35:6201/api/v1/attendance/userData","timestamp":"2025-01-03T09:29:56.893Z"}
{"level":"info","message":"GET URL REQ => http://192.168.29.35:6201/api/v1/attendance/userData","timestamp":"2025-01-03T09:29:56.923Z"}
{"level":"info","message":"GET URL REQ => http://192.168.29.35:6201/api/v1/attendance/userData","timestamp":"2025-01-03T09:29:56.955Z"}
{"level":"info","message":"GET URL REQ => http://192.168.29.35:6201/api/v1/attendance/userData","timestamp":"2025-01-03T09:29:56.984Z"}
{"level":"info","message":"GET URL REQ => http://192.168.29.35:6201/api/v1/attendance/userData","timestamp":"2025-01-03T09:29:57.016Z"}
{"level":"info","message":"GET URL REQ => http://192.168.29.35:6201/api/v1/attendance/userData","timestamp":"2025-01-03T09:29:57.044Z"}
{"level":"info","message":"GET URL REQ => http://192.168.29.35:6201/api/v1/attendance/userData","timestamp":"2025-01-03T09:29:57.076Z"}
{"level":"info","message":"GET URL REQ => http://192.168.29.35:6201/api/v1/attendance/userData","timestamp":"2025-01-03T09:29:57.104Z"}
{"level":"info","message":"Router-----store Register Form Data","timestamp":"2025-01-03T09:29:57.116Z"}
{"level":"info","message":"GET URL REQ => http://192.168.29.35:6201/api/v1/validateTokenData","timestamp":"2025-01-03T09:29:57.116Z"}
{"level":"info","message":"GET URL REQ => http://192.168.29.35:6201/api/v1/attendance/userData","timestamp":"2025-01-03T09:29:57.121Z"}
{"level":"info","message":"GET URL REQ => http://192.168.29.35:6201/api/v1/attendance/userData","timestamp":"2025-01-03T09:29:57.146Z"}
{"level":"info","message":"GET URL REQ => http://192.168.29.35:6201/api/v1/attendance/userData","timestamp":"2025-01-03T09:29:57.169Z"}
{"level":"info","message":"GET URL REQ => http://192.168.29.35:6201/api/v1/attendance/userData","timestamp":"2025-01-03T09:29:57.193Z"}
{"level":"info","message":"GET URL REQ => http://192.168.29.35:6201/api/v1/attendance/userData","timestamp":"2025-01-03T09:29:57.202Z"}
{"level":"info","message":"GET URL REQ => http://192.168.29.35:6201/api/v1/attendance/userData","timestamp":"2025-01-03T09:29:57.240Z"}
{"level":"info","message":"GET URL REQ => http://192.168.29.35:6201/api/v1/attendance/userData","timestamp":"2025-01-03T09:29:57.248Z"}
{"level":"info","message":"GET URL REQ => http://192.168.29.35:6201/api/v1/attendance/userData","timestamp":"2025-01-03T09:29:57.255Z"}
{"level":"info","message":"GET URL REQ => http://192.168.29.35:6201/api/v1/attendance/userData","timestamp":"2025-01-03T09:29:57.337Z"}
{"level":"info","message":"GET URL REQ => http://192.168.29.35:6201/api/v1/attendance/userData","timestamp":"2025-01-03T09:29:57.352Z"}
{"level":"info","message":"GET URL REQ => http://192.168.29.35:6201/api/v1/attendance/userData","timestamp":"2025-01-03T09:29:57.428Z"}
{"level":"info","message":"GET URL REQ => http://192.168.29.35:6201/api/v1/attendance/userData","timestamp":"2025-01-03T09:29:57.453Z"}
{"level":"info","message":"GET URL REQ => http://192.168.29.35:6201/api/v1/attendance/userData","timestamp":"2025-01-03T09:29:57.519Z"}
{"level":"info","message":"GET URL REQ => http://192.168.29.35:6201/api/v1/attendance/userData","timestamp":"2025-01-03T09:29:57.551Z"}
{"level":"info","message":"GET URL REQ => http://192.168.29.35:6201/api/v1/attendance/userData","timestamp":"2025-01-03T09:29:57.627Z"}
{"level":"info","message":"GET URL REQ => http://192.168.29.35:6201/api/v1/attendance/userData","timestamp":"2025-01-03T09:29:57.643Z"}
{"level":"info","message":"GET URL REQ => http://192.168.29.35:6201/api/v1/attendance/userData","timestamp":"2025-01-03T09:29:57.829Z"}
{"level":"info","message":"GET URL REQ => http://192.168.29.35:6201/api/v1/attendance/userData","timestamp":"2025-01-03T09:29:57.859Z"}
{"level":"info","message":"GET URL REQ => http://192.168.29.35:6201/api/v1/attendance/userData","timestamp":"2025-01-03T09:29:57.914Z"}
{"level":"info","message":"GET URL REQ => http://192.168.29.35:6201/api/v1/attendance/userData","timestamp":"2025-01-03T09:29:57.947Z"}
{"level":"info","message":"GET URL REQ => http://192.168.29.35:6201/api/v1/attendance/userData","timestamp":"2025-01-03T09:29:58.003Z"}
{"level":"info","message":"GET URL REQ => http://192.168.29.35:6201/api/v1/attendance/userData","timestamp":"2025-01-03T09:29:58.024Z"}
{"level":"info","message":"GET URL REQ => http://192.168.29.35:6201/api/v1/attendance/userData","timestamp":"2025-01-03T09:29:58.066Z"}
{"level":"info","message":"GET URL REQ => http://192.168.29.35:6201/api/v1/attendance/userData","timestamp":"2025-01-03T09:29:58.097Z"}
{"level":"info","message":"GET URL REQ => http://192.168.29.35:6201/api/v1/attendance/userData","timestamp":"2025-01-03T09:29:58.129Z"}
{"level":"info","message":"GET URL REQ => http://192.168.29.35:6201/api/v1/attendance/userData","timestamp":"2025-01-03T09:29:58.161Z"}
{"level":"info","message":"GET URL REQ => http://192.168.29.35:6201/api/v1/attendance/userData","timestamp":"2025-01-03T09:29:58.191Z"}
{"level":"info","message":"GET URL REQ => http://192.168.29.35:6201/api/v1/attendance/userData","timestamp":"2025-01-03T09:29:58.224Z"}
{"level":"info","message":"GET URL REQ => http://192.168.29.35:6201/api/v1/attendance/userData","timestamp":"2025-01-03T09:29:58.253Z"}
{"level":"info","message":"GET URL REQ => http://192.168.29.35:6201/api/v1/attendance/userData","timestamp":"2025-01-03T09:29:58.290Z"}
{"level":"info","message":"GET URL REQ => http://192.168.29.35:6201/api/v1/attendance/userData","timestamp":"2025-01-03T09:29:58.321Z"}
{"level":"info","message":"GET URL REQ => http://192.168.29.35:6201/api/v1/attendance/userData","timestamp":"2025-01-03T09:29:58.352Z"}
{"level":"info","message":"GET URL REQ => http://192.168.29.35:6201/api/v1/attendance/userData","timestamp":"2025-01-03T09:29:58.383Z"}
{"level":"info","message":"GET URL REQ => http://192.168.29.35:6201/api/v1/attendance/userData","timestamp":"2025-01-03T09:29:58.418Z"}
{"level":"info","message":"GET URL REQ => http://192.168.29.35:6201/api/v1/attendance/userData","timestamp":"2025-01-03T09:29:58.447Z"}
{"level":"info","message":"GET URL REQ => http://192.168.29.35:6201/api/v1/attendance/userData","timestamp":"2025-01-03T09:29:58.480Z"}
{"level":"info","message":"GET URL REQ => http://192.168.29.35:6201/api/v1/attendance/userData","timestamp":"2025-01-03T09:29:58.512Z"}
{"level":"info","message":"GET URL REQ => http://192.168.29.35:6201/api/v1/attendance/userData","timestamp":"2025-01-03T09:29:58.539Z"}
{"level":"info","message":"GET URL REQ => http://192.168.29.35:6201/api/v1/attendance/userData","timestamp":"2025-01-03T09:29:58.572Z"}
{"level":"info","message":"GET URL REQ => http://192.168.29.35:6201/api/v1/attendance/userData","timestamp":"2025-01-03T09:29:58.601Z"}
{"level":"info","message":"GET URL REQ => http://192.168.29.35:6201/api/v1/attendance/userData","timestamp":"2025-01-03T09:29:58.635Z"}
{"level":"info","message":"GET URL REQ => http://192.168.29.35:6201/api/v1/attendance/userData","timestamp":"2025-01-03T09:29:58.667Z"}
{"level":"info","message":"GET URL REQ => http://192.168.29.35:6201/api/v1/attendance/userData","timestamp":"2025-01-03T09:29:58.698Z"}
{"level":"info","message":"GET URL REQ => http://192.168.29.35:6201/api/v1/attendance/userData","timestamp":"2025-01-03T09:29:58.732Z"}
{"level":"info","message":"GET URL REQ => http://192.168.29.35:6201/api/v1/attendance/userData","timestamp":"2025-01-03T09:29:58.763Z"}
{"level":"info","message":"GET URL REQ => http://192.168.29.35:6201/api/v1/attendance/userData","timestamp":"2025-01-03T09:29:58.798Z"}
{"level":"info","message":"GET URL REQ => http://192.168.29.35:6201/api/v1/attendance/userData","timestamp":"2025-01-03T09:29:58.829Z"}
{"level":"info","message":"GET URL REQ => http://192.168.29.35:6201/api/v1/attendance/userData","timestamp":"2025-01-03T09:29:58.854Z"}
{"level":"info","message":"GET URL REQ => http://192.168.29.35:6201/api/v1/attendance/userData","timestamp":"2025-01-03T09:29:58.888Z"}
{"level":"info","message":"GET URL REQ => http://192.168.29.35:6201/api/v1/attendance/userData","timestamp":"2025-01-03T09:29:58.920Z"}
{"level":"info","message":"GET URL REQ => http://192.168.29.35:6201/api/v1/attendance/userData","timestamp":"2025-01-03T09:29:58.949Z"}
{"level":"info","message":"GET URL REQ => http://192.168.29.35:6201/api/v1/attendance/userData","timestamp":"2025-01-03T09:29:58.977Z"}
{"level":"info","message":"GET URL REQ => http://192.168.29.35:6201/api/v1/attendance/userData","timestamp":"2025-01-03T09:29:59.009Z"}
{"level":"info","message":"GET URL REQ => http://192.168.29.35:6201/api/v1/attendance/userData","timestamp":"2025-01-03T09:29:59.044Z"}
{"level":"info","message":"GET URL REQ => http://192.168.29.35:6201/api/v1/attendance/userData","timestamp":"2025-01-03T09:29:59.073Z"}
{"level":"info","message":"GET URL REQ => http://192.168.29.35:6201/api/v1/attendance/userData","timestamp":"2025-01-03T09:29:59.110Z"}
{"level":"info","message":"GET URL REQ => http://192.168.29.35:6201/api/v1/attendance/userData","timestamp":"2025-01-03T09:29:59.140Z"}
{"level":"info","message":"GET URL REQ => http://192.168.29.35:6201/api/v1/attendance/userData","timestamp":"2025-01-03T09:29:59.172Z"}
{"level":"info","message":"GET URL REQ => http://192.168.29.35:6201/api/v1/attendance/userData","timestamp":"2025-01-03T09:29:59.201Z"}
{"level":"info","message":"GET URL REQ => http://192.168.29.35:6201/api/v1/attendance/userData","timestamp":"2025-01-03T09:29:59.234Z"}
{"level":"info","message":"GET URL REQ => http://192.168.29.35:6201/api/v1/attendance/userData","timestamp":"2025-01-03T09:29:59.264Z"}
{"level":"info","message":"GET URL REQ => http://192.168.29.35:6201/api/v1/attendance/userData","timestamp":"2025-01-03T09:29:59.298Z"}
{"level":"info","message":"GET URL REQ => http://192.168.29.35:6201/api/v1/attendance/userData","timestamp":"2025-01-03T09:29:59.333Z"}
{"level":"info","message":"GET URL REQ => http://192.168.29.35:6201/api/v1/attendance/userData","timestamp":"2025-01-03T09:29:59.362Z"}
{"level":"info","message":"GET URL REQ => http://192.168.29.35:6201/api/v1/attendance/userData","timestamp":"2025-01-03T09:29:59.394Z"}
{"level":"info","message":"GET URL REQ => http://192.168.29.35:6201/api/v1/attendance/userData","timestamp":"2025-01-03T09:29:59.514Z"}
{"level":"info","message":"GET URL REQ => http://192.168.29.35:6201/api/v1/attendance/userData","timestamp":"2025-01-03T09:29:59.518Z"}
{"level":"info","message":"GET URL REQ => http://192.168.29.35:6201/api/v1/attendance/userData","timestamp":"2025-01-03T09:29:59.569Z"}
{"level":"info","message":"GET URL REQ => http://192.168.29.35:6201/api/v1/attendance/userData","timestamp":"2025-01-03T09:29:59.578Z"}
{"level":"info","message":"GET URL REQ => http://192.168.29.35:6201/api/v1/attendance/userData","timestamp":"2025-01-03T09:29:59.639Z"}
{"level":"info","message":"GET URL REQ => http://192.168.29.35:6201/api/v1/attendance/userData","timestamp":"2025-01-03T09:29:59.650Z"}
{"level":"info","message":"GET URL REQ => http://192.168.29.35:6201/api/v1/attendance/userData","timestamp":"2025-01-03T09:29:59.705Z"}
{"level":"info","message":"GET URL REQ => http://192.168.29.35:6201/api/v1/attendance/userData","timestamp":"2025-01-03T09:29:59.718Z"}
{"level":"info","message":"GET URL REQ => http://192.168.29.35:6201/api/v1/attendance/userData","timestamp":"2025-01-03T09:29:59.777Z"}
{"level":"info","message":"GET URL REQ => http://192.168.29.35:6201/api/v1/attendance/userData","timestamp":"2025-01-03T09:29:59.789Z"}
{"level":"info","message":"GET URL REQ => http://192.168.29.35:6201/api/v1/attendance/userData","timestamp":"2025-01-03T09:29:59.838Z"}
{"level":"info","message":"GET URL REQ => http://192.168.29.35:6201/api/v1/attendance/userData","timestamp":"2025-01-03T09:29:59.858Z"}
{"level":"info","message":"GET URL REQ => http://192.168.29.35:6201/api/v1/attendance/userData","timestamp":"2025-01-03T09:29:59.931Z"}
{"level":"info","message":"GET URL REQ => http://192.168.29.35:6201/api/v1/attendance/userData","timestamp":"2025-01-03T09:29:59.951Z"}
{"level":"info","message":"GET URL REQ => http://192.168.29.35:6201/api/v1/attendance/userData","timestamp":"2025-01-03T09:30:00.020Z"}
{"level":"info","message":"GET URL REQ => http://192.168.29.35:6201/api/v1/attendance/userData","timestamp":"2025-01-03T09:30:00.041Z"}
{"level":"info","message":"GET URL REQ => http://192.168.29.35:6201/api/v1/attendance/userData","timestamp":"2025-01-03T09:30:00.108Z"}
{"level":"info","message":"GET URL REQ => http://192.168.29.35:6201/api/v1/attendance/userData","timestamp":"2025-01-03T09:30:00.127Z"}
{"level":"info","message":"GET URL REQ => http://192.168.29.35:6201/api/v1/attendance/userData","timestamp":"2025-01-03T09:30:00.203Z"}
{"level":"info","message":"GET URL REQ => http://192.168.29.35:6201/api/v1/attendance/userData","timestamp":"2025-01-03T09:30:00.222Z"}
{"level":"info","message":"GET URL REQ => http://192.168.29.35:6201/api/v1/attendance/userData","timestamp":"2025-01-03T09:30:00.387Z"}
{"level":"info","message":"Router-----store Register Form Data","timestamp":"2025-01-03T09:30:02.254Z"}
{"level":"info","message":"GET URL REQ => http://192.168.29.35:6201/api/v1/validateTokenData","timestamp":"2025-01-03T09:30:02.255Z"}
{"level":"info","message":"Router-----store Register Form Data","timestamp":"2025-01-03T09:30:02.261Z"}
{"level":"info","message":"GET URL REQ => http://192.168.29.35:6201/api/v1/validateTokenData","timestamp":"2025-01-03T09:30:02.262Z"}
{"level":"info","message":"GET URL REQ => http://192.168.29.35:6201/api/v1/attendance/userData","timestamp":"2025-01-03T09:30:02.276Z"}
{"level":"info","message":"GET URL REQ => http://192.168.29.35:6201/api/v1/attendance/userData","timestamp":"2025-01-03T09:30:02.306Z"}
{"level":"info","message":"GET URL REQ => http://192.168.29.35:6201/api/v1/attendance/userData","timestamp":"2025-01-03T09:30:02.385Z"}
{"level":"info","message":"GET URL REQ => http://192.168.29.35:6201/api/v1/attendance/userData","timestamp":"2025-01-03T09:30:02.410Z"}
{"level":"info","message":"GET URL REQ => http://192.168.29.35:6201/api/v1/attendance/userData","timestamp":"2025-01-03T09:30:02.456Z"}
{"level":"info","message":"GET URL REQ => http://192.168.29.35:6201/api/v1/attendance/userData","timestamp":"2025-01-03T09:30:02.474Z"}
{"level":"info","message":"GET URL REQ => http://192.168.29.35:6201/api/v1/attendance/userData","timestamp":"2025-01-03T09:30:02.530Z"}
{"level":"info","message":"GET URL REQ => http://192.168.29.35:6201/api/v1/attendance/userData","timestamp":"2025-01-03T09:30:02.549Z"}
{"level":"info","message":"GET URL REQ => http://192.168.29.35:6201/api/v1/attendance/userData","timestamp":"2025-01-03T09:30:02.599Z"}
{"level":"info","message":"GET URL REQ => http://192.168.29.35:6201/api/v1/attendance/userData","timestamp":"2025-01-03T09:30:02.612Z"}
{"level":"info","message":"GET URL REQ => http://192.168.29.35:6201/api/v1/attendance/userData","timestamp":"2025-01-03T09:30:02.663Z"}
{"level":"info","message":"GET URL REQ => http://192.168.29.35:6201/api/v1/attendance/userData","timestamp":"2025-01-03T09:30:02.678Z"}
{"level":"info","message":"GET URL REQ => http://192.168.29.35:6201/api/v1/attendance/userData","timestamp":"2025-01-03T09:30:02.733Z"}
{"level":"info","message":"GET URL REQ => http://192.168.29.35:6201/api/v1/attendance/userData","timestamp":"2025-01-03T09:30:02.748Z"}
{"level":"info","message":"GET URL REQ => http://192.168.29.35:6201/api/v1/attendance/userData","timestamp":"2025-01-03T09:30:02.822Z"}
{"level":"info","message":"GET URL REQ => http://192.168.29.35:6201/api/v1/attendance/userData","timestamp":"2025-01-03T09:30:02.846Z"}
{"level":"info","message":"GET URL REQ => http://192.168.29.35:6201/api/v1/attendance/userData","timestamp":"2025-01-03T09:30:02.929Z"}
{"level":"info","message":"GET URL REQ => http://192.168.29.35:6201/api/v1/attendance/userData","timestamp":"2025-01-03T09:30:02.972Z"}
{"level":"info","message":"GET URL REQ => http://192.168.29.35:6201/api/v1/attendance/userData","timestamp":"2025-01-03T09:30:03.001Z"}
{"level":"info","message":"GET URL REQ => http://192.168.29.35:6201/api/v1/attendance/userData","timestamp":"2025-01-03T09:30:03.034Z"}
{"level":"info","message":"GET URL REQ => http://192.168.29.35:6201/api/v1/attendance/userData","timestamp":"2025-01-03T09:30:03.066Z"}
{"level":"info","message":"GET URL REQ => http://192.168.29.35:6201/api/v1/attendance/userData","timestamp":"2025-01-03T09:30:03.101Z"}
{"level":"info","message":"GET URL REQ => http://192.168.29.35:6201/api/v1/attendance/userData","timestamp":"2025-01-03T09:30:03.127Z"}
{"level":"info","message":"GET URL REQ => http://192.168.29.35:6201/api/v1/attendance/userData","timestamp":"2025-01-03T09:30:03.182Z"}
{"level":"info","message":"GET URL REQ => http://192.168.29.35:6201/api/v1/attendance/userData","timestamp":"2025-01-03T09:30:03.196Z"}
{"level":"info","message":"GET URL REQ => http://192.168.29.35:6201/api/v1/attendance/userData","timestamp":"2025-01-03T09:30:03.270Z"}
{"level":"info","message":"GET URL REQ => http://192.168.29.35:6201/api/v1/attendance/userData","timestamp":"2025-01-03T09:30:03.308Z"}
{"level":"info","message":"GET URL REQ => http://192.168.29.35:6201/api/v1/attendance/userData","timestamp":"2025-01-03T09:30:03.405Z"}
{"level":"info","message":"GET URL REQ => http://192.168.29.35:6201/api/v1/attendance/userData","timestamp":"2025-01-03T09:30:03.413Z"}
{"level":"info","message":"GET URL REQ => http://192.168.29.35:6201/api/v1/attendance/userData","timestamp":"2025-01-03T09:30:03.472Z"}
{"level":"info","message":"GET URL REQ => http://192.168.29.35:6201/api/v1/attendance/userData","timestamp":"2025-01-03T09:30:03.486Z"}
{"level":"info","message":"GET URL REQ => http://192.168.29.35:6201/api/v1/attendance/userData","timestamp":"2025-01-03T09:30:03.579Z"}
{"level":"info","message":"GET URL REQ => http://192.168.29.35:6201/api/v1/attendance/userData","timestamp":"2025-01-03T09:30:03.597Z"}
{"level":"info","message":"GET URL REQ => http://192.168.29.35:6201/api/v1/attendance/userData","timestamp":"2025-01-03T09:30:03.636Z"}
{"level":"info","message":"GET URL REQ => http://192.168.29.35:6201/api/v1/attendance/userData","timestamp":"2025-01-03T09:30:03.655Z"}
{"level":"info","message":"GET URL REQ => http://192.168.29.35:6201/api/v1/attendance/userData","timestamp":"2025-01-03T09:30:03.718Z"}
{"level":"info","message":"GET URL REQ => http://192.168.29.35:6201/api/v1/attendance/userData","timestamp":"2025-01-03T09:30:03.740Z"}
{"level":"info","message":"GET URL REQ => http://192.168.29.35:6201/api/v1/attendance/userData","timestamp":"2025-01-03T09:30:03.810Z"}
{"level":"info","message":"GET URL REQ => http://192.168.29.35:6201/api/v1/attendance/userData","timestamp":"2025-01-03T09:30:03.832Z"}
{"level":"info","message":"GET URL REQ => http://192.168.29.35:6201/api/v1/attendance/userData","timestamp":"2025-01-03T09:30:03.912Z"}
{"level":"info","message":"GET URL REQ => http://192.168.29.35:6201/api/v1/attendance/userData","timestamp":"2025-01-03T09:30:03.948Z"}
{"level":"info","message":"GET URL REQ => http://192.168.29.35:6201/api/v1/attendance/userData","timestamp":"2025-01-03T09:30:04.034Z"}
{"level":"info","message":"GET URL REQ => http://192.168.29.35:6201/api/v1/attendance/userData","timestamp":"2025-01-03T09:30:04.047Z"}
{"level":"info","message":"GET URL REQ => http://192.168.29.35:6201/api/v1/attendance/userData","timestamp":"2025-01-03T09:30:04.113Z"}
{"level":"info","message":"GET URL REQ => http://192.168.29.35:6201/api/v1/attendance/userData","timestamp":"2025-01-03T09:30:04.127Z"}
{"level":"info","message":"GET URL REQ => http://192.168.29.35:6201/api/v1/attendance/userData","timestamp":"2025-01-03T09:30:04.183Z"}
{"level":"info","message":"GET URL REQ => http://192.168.29.35:6201/api/v1/attendance/userData","timestamp":"2025-01-03T09:30:04.197Z"}
{"level":"info","message":"GET URL REQ => http://192.168.29.35:6201/api/v1/attendance/userData","timestamp":"2025-01-03T09:30:04.251Z"}
{"level":"info","message":"GET URL REQ => http://192.168.29.35:6201/api/v1/attendance/userData","timestamp":"2025-01-03T09:30:04.264Z"}
{"level":"info","message":"GET URL REQ => http://192.168.29.35:6201/api/v1/attendance/userData","timestamp":"2025-01-03T09:30:04.335Z"}
{"level":"info","message":"GET URL REQ => http://192.168.29.35:6201/api/v1/attendance/userData","timestamp":"2025-01-03T09:30:04.352Z"}
{"level":"info","message":"GET URL REQ => http://192.168.29.35:6201/api/v1/attendance/userData","timestamp":"2025-01-03T09:30:04.415Z"}
{"level":"info","message":"GET URL REQ => http://192.168.29.35:6201/api/v1/attendance/userData","timestamp":"2025-01-03T09:30:04.435Z"}
{"level":"info","message":"GET URL REQ => http://192.168.29.35:6201/api/v1/attendance/userData","timestamp":"2025-01-03T09:30:04.504Z"}
{"level":"info","message":"GET URL REQ => http://192.168.29.35:6201/api/v1/attendance/userData","timestamp":"2025-01-03T09:30:04.523Z"}
{"level":"info","message":"GET URL REQ => http://192.168.29.35:6201/api/v1/attendance/userData","timestamp":"2025-01-03T09:30:04.588Z"}
{"level":"info","message":"GET URL REQ => http://192.168.29.35:6201/api/v1/attendance/userData","timestamp":"2025-01-03T09:30:04.606Z"}
{"level":"info","message":"GET URL REQ => http://192.168.29.35:6201/api/v1/attendance/userData","timestamp":"2025-01-03T09:30:04.689Z"}
{"level":"info","message":"GET URL REQ => http://192.168.29.35:6201/api/v1/attendance/userData","timestamp":"2025-01-03T09:30:04.714Z"}
{"level":"info","message":"GET URL REQ => http://192.168.29.35:6201/api/v1/attendance/userData","timestamp":"2025-01-03T09:30:04.794Z"}
{"level":"info","message":"GET URL REQ => http://192.168.29.35:6201/api/v1/attendance/userData","timestamp":"2025-01-03T09:30:04.810Z"}
{"level":"info","message":"GET URL REQ => http://192.168.29.35:6201/api/v1/attendance/userData","timestamp":"2025-01-03T09:30:04.888Z"}
{"level":"info","message":"GET URL REQ => http://192.168.29.35:6201/api/v1/attendance/userData","timestamp":"2025-01-03T09:30:04.917Z"}
{"level":"info","message":"GET URL REQ => http://192.168.29.35:6201/api/v1/attendance/userData","timestamp":"2025-01-03T09:30:04.990Z"}
{"level":"info","message":"GET URL REQ => http://192.168.29.35:6201/api/v1/attendance/userData","timestamp":"2025-01-03T09:30:05.010Z"}
{"level":"info","message":"GET URL REQ => http://192.168.29.35:6201/api/v1/attendance/userData","timestamp":"2025-01-03T09:30:05.107Z"}
{"level":"info","message":"GET URL REQ => http://192.168.29.35:6201/api/v1/attendance/userData","timestamp":"2025-01-03T09:30:05.178Z"}
{"level":"info","message":"GET URL REQ => http://192.168.29.35:6201/api/v1/attendance/userData","timestamp":"2025-01-03T09:30:05.237Z"}
{"level":"info","message":"GET URL REQ => http://192.168.29.35:6201/api/v1/attendance/userData","timestamp":"2025-01-03T09:30:05.333Z"}
{"level":"info","message":"GET URL REQ => http://192.168.29.35:6201/api/v1/attendance/userData","timestamp":"2025-01-03T09:30:05.438Z"}
{"level":"info","message":"GET URL REQ => http://192.168.29.35:6201/api/v1/attendance/userData","timestamp":"2025-01-03T09:30:05.493Z"}
{"level":"info","message":"GET URL REQ => http://192.168.29.35:6201/api/v1/attendance/userData","timestamp":"2025-01-03T09:30:05.555Z"}
{"level":"info","message":"GET URL REQ => http://192.168.29.35:6201/api/v1/attendance/userData","timestamp":"2025-01-03T09:30:05.637Z"}
{"level":"info","message":"GET URL REQ => http://192.168.29.35:6201/api/v1/attendance/userData","timestamp":"2025-01-03T09:30:05.724Z"}
{"level":"info","message":"GET URL REQ => http://192.168.29.35:6201/api/v1/attendance/userData","timestamp":"2025-01-03T09:30:05.807Z"}
{"level":"info","message":"GET URL REQ => http://192.168.29.35:6201/api/v1/attendance/userData","timestamp":"2025-01-03T09:30:05.913Z"}
{"level":"info","message":"GET URL REQ => http://192.168.29.35:6201/api/v1/attendance/userData","timestamp":"2025-01-03T09:30:06.031Z"}
{"level":"info","message":"GET URL REQ => http://192.168.29.35:6201/api/v1/attendance/userData","timestamp":"2025-01-03T09:30:06.109Z"}
{"level":"info","message":"GET URL REQ => http://192.168.29.35:6201/api/v1/attendance/userData","timestamp":"2025-01-03T09:30:06.171Z"}
{"level":"info","message":"GET URL REQ => http://192.168.29.35:6201/api/v1/attendance/userData","timestamp":"2025-01-03T09:30:06.234Z"}
{"level":"info","message":"GET URL REQ => http://192.168.29.35:6201/api/v1/attendance/userData","timestamp":"2025-01-03T09:30:06.293Z"}
{"level":"info","message":"GET URL REQ => http://192.168.29.35:6201/api/v1/attendance/userData","timestamp":"2025-01-03T09:30:06.375Z"}
{"level":"info","message":"GET URL REQ => http://192.168.29.35:6201/api/v1/attendance/userData","timestamp":"2025-01-03T09:30:06.466Z"}
{"level":"info","message":"GET URL REQ => http://192.168.29.35:6201/api/v1/attendance/userData","timestamp":"2025-01-03T09:30:06.562Z"}
{"level":"info","message":"GET URL REQ => http://192.168.29.35:6201/api/v1/attendance/userData","timestamp":"2025-01-03T09:30:06.648Z"}
{"level":"info","message":"GET URL REQ => http://192.168.29.35:6201/api/v1/attendance/userData","timestamp":"2025-01-03T09:30:06.739Z"}
{"level":"info","message":"GET URL REQ => http://192.168.29.35:6201/api/v1/attendance/userData","timestamp":"2025-01-03T09:30:06.826Z"}
{"level":"info","message":"GET URL REQ => http://192.168.29.35:6201/api/v1/attendance/userData","timestamp":"2025-01-03T09:30:06.926Z"}
{"level":"info","message":"GET URL REQ => http://192.168.29.35:6201/api/v1/attendance/userData","timestamp":"2025-01-03T09:30:06.987Z"}
{"level":"info","message":"GET URL REQ => http://192.168.29.35:6201/api/v1/attendance/userData","timestamp":"2025-01-03T09:30:07.056Z"}
{"level":"info","message":"GET URL REQ => http://192.168.29.35:6201/api/v1/attendance/userData","timestamp":"2025-01-03T09:30:07.117Z"}
{"level":"info","message":"GET URL REQ => http://192.168.29.35:6201/api/v1/attendance/userData","timestamp":"2025-01-03T09:30:07.182Z"}
{"level":"info","message":"GET URL REQ => http://192.168.29.35:6201/api/v1/attendance/userData","timestamp":"2025-01-03T09:30:07.265Z"}
{"level":"info","message":"GET URL REQ => http://192.168.29.35:6201/api/v1/attendance/userData","timestamp":"2025-01-03T09:30:07.330Z"}
{"level":"info","message":"GET URL REQ => http://192.168.29.35:6201/api/v1/attendance/userData","timestamp":"2025-01-03T09:30:07.405Z"}
{"level":"info","message":"GET URL REQ => http://192.168.29.35:6201/api/v1/attendance/userData","timestamp":"2025-01-03T09:30:07.469Z"}
{"level":"info","message":"GET URL REQ => http://192.168.29.35:6201/api/v1/attendance/userData","timestamp":"2025-01-03T09:30:07.547Z"}
{"level":"info","message":"GET URL REQ => http://192.168.29.35:6201/api/v1/attendance/userData","timestamp":"2025-01-03T09:30:07.612Z"}
{"level":"info","message":"GET URL REQ => http://192.168.29.35:6201/api/v1/attendance/userData","timestamp":"2025-01-03T09:30:07.695Z"}
{"level":"info","message":"GET URL REQ => http://192.168.29.35:6201/api/v1/attendance/userData","timestamp":"2025-01-03T09:30:07.770Z"}
{"level":"info","message":"GET URL REQ => http://192.168.29.35:6201/api/v1/attendance/userData","timestamp":"2025-01-03T09:30:07.828Z"}
{"level":"info","message":"GET URL REQ => http://192.168.29.35:6201/api/v1/attendance/userData","timestamp":"2025-01-03T09:30:07.898Z"}
{"level":"info","message":"GET URL REQ => http://192.168.29.35:6201/api/v1/attendance/userData","timestamp":"2025-01-03T09:30:07.968Z"}
{"level":"info","message":"GET URL REQ => http://192.168.29.35:6201/api/v1/attendance/userData","timestamp":"2025-01-03T09:30:08.043Z"}
{"level":"info","message":"GET URL REQ => http://192.168.29.35:6201/api/v1/attendance/userData","timestamp":"2025-01-03T09:30:08.113Z"}
{"level":"info","message":"GET URL REQ => http://192.168.29.35:6201/api/v1/attendance/userData","timestamp":"2025-01-03T09:30:08.181Z"}
{"level":"info","message":"GET URL REQ => http://192.168.29.35:6201/api/v1/attendance/userData","timestamp":"2025-01-03T09:30:08.269Z"}
{"level":"info","message":"GET URL REQ => http://192.168.29.35:6201/api/v1/attendance/userData","timestamp":"2025-01-03T09:30:08.349Z"}
{"level":"info","message":"GET URL REQ => http://192.168.29.35:6201/api/v1/attendance/userData","timestamp":"2025-01-03T09:30:08.464Z"}
{"level":"info","message":"GET URL REQ => http://192.168.29.35:6201/api/v1/attendance/userData","timestamp":"2025-01-03T09:30:08.549Z"}
{"level":"info","message":"GET URL REQ => http://192.168.29.35:6201/api/v1/attendance/userData","timestamp":"2025-01-03T09:30:08.616Z"}
{"level":"info","message":"GET URL REQ => http://192.168.29.35:6201/api/v1/attendance/userData","timestamp":"2025-01-03T09:30:08.711Z"}
{"level":"info","message":"GET URL REQ => http://192.168.29.35:6201/api/v1/attendance/userData","timestamp":"2025-01-03T09:30:08.775Z"}
{"level":"info","message":"GET URL REQ => http://192.168.29.35:6201/api/v1/attendance/userData","timestamp":"2025-01-03T09:30:08.842Z"}
{"level":"info","message":"GET URL REQ => http://192.168.29.35:6201/api/v1/attendance/userData","timestamp":"2025-01-03T09:30:08.936Z"}
{"level":"info","message":"GET URL REQ => http://192.168.29.35:6201/api/v1/attendance/userData","timestamp":"2025-01-03T09:30:09.003Z"}
{"level":"info","message":"GET URL REQ => http://192.168.29.35:6201/api/v1/attendance/userData","timestamp":"2025-01-03T09:30:09.113Z"}
{"level":"info","message":"GET URL REQ => http://192.168.29.35:6201/api/v1/attendance/userData","timestamp":"2025-01-03T09:30:09.173Z"}
{"level":"info","message":"GET URL REQ => http://192.168.29.35:6201/api/v1/attendance/userData","timestamp":"2025-01-03T09:30:09.232Z"}
{"level":"info","message":"GET URL REQ => http://192.168.29.35:6201/api/v1/attendance/userData","timestamp":"2025-01-03T09:30:09.302Z"}
{"level":"info","message":"GET URL REQ => http://192.168.29.35:6201/api/v1/attendance/userData","timestamp":"2025-01-03T09:30:09.421Z"}
{"level":"info","message":"GET URL REQ => http://192.168.29.35:6201/api/v1/attendance/userData","timestamp":"2025-01-03T09:30:09.525Z"}
{"level":"info","message":"GET URL REQ => http://192.168.29.35:6201/api/v1/attendance/userData","timestamp":"2025-01-03T09:30:09.669Z"}
{"level":"info","message":"GET URL REQ => http://192.168.29.35:6201/api/v1/attendance/userData","timestamp":"2025-01-03T09:30:09.785Z"}
{"level":"info","message":"GET URL REQ => http://192.168.29.35:6201/api/v1/attendance/userData","timestamp":"2025-01-03T09:30:09.864Z"}
{"level":"info","message":"GET URL REQ => http://192.168.29.35:6201/api/v1/attendance/userData","timestamp":"2025-01-03T09:30:09.996Z"}
{"level":"info","message":"GET URL REQ => http://192.168.29.35:6201/api/v1/attendance/userData","timestamp":"2025-01-03T09:30:10.091Z"}
{"level":"info","message":"GET URL REQ => http://192.168.29.35:6201/api/v1/attendance/userData","timestamp":"2025-01-03T09:30:10.181Z"}
{"level":"info","message":"GET URL REQ => http://192.168.29.35:6201/api/v1/attendance/userData","timestamp":"2025-01-03T09:30:10.314Z"}
{"level":"info","message":"GET URL REQ => http://192.168.29.35:6201/api/v1/attendance/userData","timestamp":"2025-01-03T09:30:10.423Z"}
{"level":"info","message":"GET URL REQ => http://192.168.29.35:6201/api/v1/attendance/userData","timestamp":"2025-01-03T09:30:10.543Z"}
{"level":"info","message":"GET URL REQ => http://192.168.29.35:6201/api/v1/attendance/userData","timestamp":"2025-01-03T09:30:10.651Z"}
{"level":"info","message":"GET URL REQ => http://192.168.29.35:6201/api/v1/attendance/userData","timestamp":"2025-01-03T09:30:10.741Z"}
{"level":"info","message":"GET URL REQ => http://192.168.29.35:6201/api/v1/attendance/userData","timestamp":"2025-01-03T09:30:10.833Z"}
{"level":"info","message":"GET URL REQ => http://192.168.29.35:6201/api/v1/attendance/userData","timestamp":"2025-01-03T09:30:10.930Z"}
{"level":"info","message":"GET URL REQ => http://192.168.29.35:6201/api/v1/attendance/userData","timestamp":"2025-01-03T09:30:11.032Z"}
{"level":"info","message":"GET URL REQ => http://192.168.29.35:6201/api/v1/attendance/userData","timestamp":"2025-01-03T09:30:11.097Z"}
{"level":"info","message":"GET URL REQ => http://192.168.29.35:6201/api/v1/attendance/userData","timestamp":"2025-01-03T09:30:11.160Z"}
{"level":"info","message":"GET URL REQ => http://192.168.29.35:6201/api/v1/attendance/userData","timestamp":"2025-01-03T09:30:11.243Z"}
{"level":"info","message":"GET URL REQ => http://192.168.29.35:6201/api/v1/attendance/userData","timestamp":"2025-01-03T09:30:11.358Z"}
{"level":"info","message":"GET URL REQ => http://192.168.29.35:6201/api/v1/attendance/userData","timestamp":"2025-01-03T09:30:11.462Z"}
{"level":"info","message":"GET URL REQ => http://192.168.29.35:6201/api/v1/attendance/userData","timestamp":"2025-01-03T09:30:11.562Z"}
{"level":"info","message":"GET URL REQ => http://192.168.29.35:6201/api/v1/attendance/userData","timestamp":"2025-01-03T09:30:11.647Z"}
{"level":"info","message":"GET URL REQ => http://192.168.29.35:6201/api/v1/attendance/userData","timestamp":"2025-01-03T09:30:11.744Z"}
{"level":"info","message":"GET URL REQ => http://192.168.29.35:6201/api/v1/attendance/userData","timestamp":"2025-01-03T09:30:11.846Z"}
{"level":"info","message":"GET URL REQ => http://192.168.29.35:6201/api/v1/attendance/userData","timestamp":"2025-01-03T09:30:11.947Z"}
{"level":"info","message":"GET URL REQ => http://192.168.29.35:6201/api/v1/attendance/userData","timestamp":"2025-01-03T09:30:12.140Z"}
{"level":"info","message":"GET URL REQ => http://192.168.29.35:6201/api/v1/attendance/userData","timestamp":"2025-01-03T09:30:12.233Z"}
{"level":"info","message":"GET URL REQ => http://192.168.29.35:6201/api/v1/attendance/userData","timestamp":"2025-01-03T09:30:12.288Z"}
{"level":"info","message":"GET URL REQ => http://192.168.29.35:6201/api/v1/attendance/userData","timestamp":"2025-01-03T09:30:12.358Z"}
{"level":"info","message":"GET URL REQ => http://192.168.29.35:6201/api/v1/attendance/userData","timestamp":"2025-01-03T09:30:12.428Z"}
{"level":"info","message":"GET URL REQ => http://192.168.29.35:6201/api/v1/attendance/userData","timestamp":"2025-01-03T09:30:12.499Z"}
{"level":"info","message":"GET URL REQ => http://192.168.29.35:6201/api/v1/attendance/userData","timestamp":"2025-01-03T09:30:12.596Z"}
{"level":"info","message":"GET URL REQ => http://192.168.29.35:6201/api/v1/attendance/userData","timestamp":"2025-01-03T09:30:12.689Z"}
{"level":"info","message":"GET URL REQ => http://192.168.29.35:6201/api/v1/attendance/userData","timestamp":"2025-01-03T09:30:12.789Z"}
{"level":"info","message":"GET URL REQ => http://192.168.29.35:6201/api/v1/attendance/userData","timestamp":"2025-01-03T09:30:12.882Z"}
{"level":"info","message":"GET URL REQ => http://192.168.29.35:6201/api/v1/attendance/userData","timestamp":"2025-01-03T09:30:12.963Z"}
{"level":"info","message":"GET URL REQ => http://192.168.29.35:6201/api/v1/attendance/userData","timestamp":"2025-01-03T09:30:13.049Z"}
{"level":"info","message":"GET URL REQ => http://192.168.29.35:6201/api/v1/attendance/userData","timestamp":"2025-01-03T09:30:13.133Z"}
{"level":"info","message":"GET URL REQ => http://192.168.29.35:6201/api/v1/attendance/userData","timestamp":"2025-01-03T09:30:13.218Z"}
{"level":"info","message":"GET URL REQ => http://192.168.29.35:6201/api/v1/attendance/userData","timestamp":"2025-01-03T09:30:13.302Z"}
{"level":"info","message":"GET URL REQ => http://192.168.29.35:6201/api/v1/attendance/userData","timestamp":"2025-01-03T09:30:13.391Z"}
{"level":"info","message":"GET URL REQ => http://192.168.29.35:6201/api/v1/attendance/userData","timestamp":"2025-01-03T09:30:13.477Z"}
{"level":"info","message":"GET URL REQ => http://192.168.29.35:6201/api/v1/attendance/userData","timestamp":"2025-01-03T09:30:13.569Z"}
{"level":"info","message":"GET URL REQ => http://192.168.29.35:6201/api/v1/attendance/userData","timestamp":"2025-01-03T09:30:13.668Z"}
{"level":"info","message":"GET URL REQ => http://192.168.29.35:6201/api/v1/attendance/userData","timestamp":"2025-01-03T09:30:13.759Z"}
{"level":"info","message":"GET URL REQ => http://192.168.29.35:6201/api/v1/attendance/userData","timestamp":"2025-01-03T09:30:13.849Z"}
{"level":"info","message":"GET URL REQ => http://192.168.29.35:6201/api/v1/attendance/userData","timestamp":"2025-01-03T09:30:13.929Z"}
{"level":"info","message":"GET URL REQ => http://192.168.29.35:6201/api/v1/attendance/userData","timestamp":"2025-01-03T09:30:14.011Z"}
{"level":"info","message":"GET URL REQ => http://192.168.29.35:6201/api/v1/attendance/userData","timestamp":"2025-01-03T09:30:14.064Z"}
{"level":"info","message":"GET URL REQ => http://192.168.29.35:6201/api/v1/attendance/userData","timestamp":"2025-01-03T09:30:14.113Z"}
{"level":"info","message":"GET URL REQ => http://192.168.29.35:6201/api/v1/attendance/userData","timestamp":"2025-01-03T09:30:14.164Z"}
{"level":"info","message":"GET URL REQ => http://192.168.29.35:6201/api/v1/attendance/userData","timestamp":"2025-01-03T09:30:14.214Z"}
{"level":"info","message":"GET URL REQ => http://192.168.29.35:6201/api/v1/attendance/userData","timestamp":"2025-01-03T09:30:14.261Z"}
{"level":"info","message":"GET URL REQ => http://192.168.29.35:6201/api/v1/attendance/userData","timestamp":"2025-01-03T09:30:14.308Z"}
{"level":"info","message":"GET URL REQ => http://192.168.29.35:6201/api/v1/attendance/userData","timestamp":"2025-01-03T09:30:14.355Z"}
{"level":"info","message":"GET URL REQ => http://192.168.29.35:6201/api/v1/attendance/userData","timestamp":"2025-01-03T09:30:14.412Z"}
{"level":"info","message":"GET URL REQ => http://192.168.29.35:6201/api/v1/attendance/userData","timestamp":"2025-01-03T09:30:14.495Z"}
{"level":"info","message":"GET URL REQ => http://192.168.29.35:6201/api/v1/attendance/userData","timestamp":"2025-01-03T09:30:14.576Z"}
{"level":"info","message":"GET URL REQ => http://192.168.29.35:6201/api/v1/attendance/userData","timestamp":"2025-01-03T09:30:14.643Z"}
{"level":"info","message":"GET URL REQ => http://192.168.29.35:6201/api/v1/attendance/userData","timestamp":"2025-01-03T09:30:14.719Z"}
{"level":"info","message":"GET URL REQ => http://192.168.29.35:6201/api/v1/attendance/userData","timestamp":"2025-01-03T09:30:14.784Z"}
{"level":"info","message":"GET URL REQ => http://192.168.29.35:6201/api/v1/attendance/userData","timestamp":"2025-01-03T09:30:14.858Z"}
{"level":"info","message":"GET URL REQ => http://192.168.29.35:6201/api/v1/attendance/userData","timestamp":"2025-01-03T09:30:14.918Z"}
{"level":"info","message":"GET URL REQ => http://192.168.29.35:6201/api/v1/attendance/userData","timestamp":"2025-01-03T09:30:15.001Z"}
{"level":"info","message":"GET URL REQ => http://192.168.29.35:6201/api/v1/attendance/userData","timestamp":"2025-01-03T09:30:15.089Z"}
{"level":"info","message":"GET URL REQ => http://192.168.29.35:6201/api/v1/attendance/userData","timestamp":"2025-01-03T09:30:15.168Z"}
{"level":"info","message":"GET URL REQ => http://192.168.29.35:6201/api/v1/attendance/userData","timestamp":"2025-01-03T09:30:15.243Z"}
{"level":"info","message":"GET URL REQ => http://192.168.29.35:6201/api/v1/attendance/userData","timestamp":"2025-01-03T09:30:15.301Z"}
{"level":"info","message":"GET URL REQ => http://192.168.29.35:6201/api/v1/attendance/userData","timestamp":"2025-01-03T09:30:15.367Z"}
{"level":"info","message":"GET URL REQ => http://192.168.29.35:6201/api/v1/attendance/userData","timestamp":"2025-01-03T09:30:15.448Z"}
{"level":"info","message":"GET URL REQ => http://192.168.29.35:6201/api/v1/attendance/userData","timestamp":"2025-01-03T09:30:15.524Z"}
{"level":"info","message":"GET URL REQ => http://192.168.29.35:6201/api/v1/attendance/userData","timestamp":"2025-01-03T09:30:15.601Z"}
{"level":"info","message":"GET URL REQ => http://192.168.29.35:6201/api/v1/attendance/userData","timestamp":"2025-01-03T09:30:15.678Z"}
{"level":"info","message":"GET URL REQ => http://192.168.29.35:6201/api/v1/attendance/userData","timestamp":"2025-01-03T09:30:15.741Z"}
{"level":"info","message":"GET URL REQ => http://192.168.29.35:6201/api/v1/attendance/userData","timestamp":"2025-01-03T09:30:15.802Z"}
{"level":"info","message":"GET URL REQ => http://192.168.29.35:6201/api/v1/attendance/userData","timestamp":"2025-01-03T09:30:15.877Z"}
{"level":"info","message":"GET URL REQ => http://192.168.29.35:6201/api/v1/attendance/userData","timestamp":"2025-01-03T09:30:15.969Z"}
{"level":"info","message":"GET URL REQ => http://192.168.29.35:6201/api/v1/attendance/userData","timestamp":"2025-01-03T09:30:16.100Z"}
{"level":"info","message":"GET URL REQ => http://192.168.29.35:6201/api/v1/attendance/userData","timestamp":"2025-01-03T09:30:16.204Z"}
{"level":"info","message":"GET URL REQ => http://192.168.29.35:6201/api/v1/attendance/userData","timestamp":"2025-01-03T09:30:16.315Z"}
{"level":"info","message":"GET URL REQ => http://192.168.29.35:6201/api/v1/attendance/userData","timestamp":"2025-01-03T09:30:16.462Z"}
{"level":"info","message":"GET URL REQ => http://192.168.29.35:6201/api/v1/attendance/userData","timestamp":"2025-01-03T09:30:16.690Z"}
{"level":"info","message":"Router-----store Register Form Data","timestamp":"2025-01-03T09:30:18.482Z"}
{"level":"info","message":"GET URL REQ => http://192.168.29.35:6201/api/v1/validateTokenData","timestamp":"2025-01-03T09:30:18.485Z"}
{"level":"info","message":"GET URL REQ => http://192.168.29.35:6201/api/v1/attendance/userData","timestamp":"2025-01-03T09:30:18.494Z"}
{"level":"info","message":"Router-----store Register Form Data","timestamp":"2025-01-03T09:30:18.513Z"}
{"level":"info","message":"GET URL REQ => http://192.168.29.35:6201/api/v1/validateTokenData","timestamp":"2025-01-03T09:30:18.515Z"}
{"level":"info","message":"GET URL REQ => http://192.168.29.35:6201/api/v1/attendance/userData","timestamp":"2025-01-03T09:30:18.522Z"}
{"level":"info","message":"GET URL REQ => http://192.168.29.35:6201/api/v1/attendance/userData","timestamp":"2025-01-03T09:30:18.854Z"}
{"level":"info","message":"GET URL REQ => http://192.168.29.35:6201/api/v1/attendance/userData","timestamp":"2025-01-03T09:30:18.929Z"}
{"level":"info","message":"GET URL REQ => http://192.168.29.35:6201/api/v1/attendance/userData","timestamp":"2025-01-03T09:30:18.943Z"}
{"level":"info","message":"GET URL REQ => http://192.168.29.35:6201/api/v1/attendance/userData","timestamp":"2025-01-03T09:30:19.037Z"}
{"level":"info","message":"GET URL REQ => http://192.168.29.35:6201/api/v1/attendance/userData","timestamp":"2025-01-03T09:30:19.058Z"}
{"level":"info","message":"GET URL REQ => http://192.168.29.35:6201/api/v1/attendance/userData","timestamp":"2025-01-03T09:30:19.126Z"}
{"level":"info","message":"GET URL REQ => http://192.168.29.35:6201/api/v1/attendance/userData","timestamp":"2025-01-03T09:30:19.144Z"}
{"level":"info","message":"GET URL REQ => http://192.168.29.35:6201/api/v1/attendance/userData","timestamp":"2025-01-03T09:30:19.200Z"}
{"level":"info","message":"GET URL REQ => http://192.168.29.35:6201/api/v1/attendance/userData","timestamp":"2025-01-03T09:30:19.217Z"}
{"level":"info","message":"GET URL REQ => http://192.168.29.35:6201/api/v1/attendance/userData","timestamp":"2025-01-03T09:30:19.284Z"}
{"level":"info","message":"GET URL REQ => http://192.168.29.35:6201/api/v1/attendance/userData","timestamp":"2025-01-03T09:30:19.298Z"}
{"level":"info","message":"GET URL REQ => http://192.168.29.35:6201/api/v1/attendance/userData","timestamp":"2025-01-03T09:30:19.360Z"}
{"level":"info","message":"GET URL REQ => http://192.168.29.35:6201/api/v1/attendance/userData","timestamp":"2025-01-03T09:30:19.382Z"}
{"level":"info","message":"GET URL REQ => http://192.168.29.35:6201/api/v1/attendance/userData","timestamp":"2025-01-03T09:30:19.437Z"}
{"level":"info","message":"GET URL REQ => http://192.168.29.35:6201/api/v1/attendance/userData","timestamp":"2025-01-03T09:30:19.455Z"}
{"level":"info","message":"GET URL REQ => http://192.168.29.35:6201/api/v1/attendance/userData","timestamp":"2025-01-03T09:30:19.501Z"}
{"level":"info","message":"GET URL REQ => http://192.168.29.35:6201/api/v1/attendance/userData","timestamp":"2025-01-03T09:30:19.515Z"}
{"level":"info","message":"GET URL REQ => http://192.168.29.35:6201/api/v1/attendance/userData","timestamp":"2025-01-03T09:30:19.577Z"}
{"level":"info","message":"GET URL REQ => http://192.168.29.35:6201/api/v1/attendance/userData","timestamp":"2025-01-03T09:30:19.591Z"}
{"level":"info","message":"GET URL REQ => http://192.168.29.35:6201/api/v1/attendance/userData","timestamp":"2025-01-03T09:30:19.670Z"}
{"level":"info","message":"GET URL REQ => http://192.168.29.35:6201/api/v1/attendance/userData","timestamp":"2025-01-03T09:30:19.692Z"}
{"level":"info","message":"GET URL REQ => http://192.168.29.35:6201/api/v1/attendance/userData","timestamp":"2025-01-03T09:30:19.766Z"}
{"level":"info","message":"GET URL REQ => http://192.168.29.35:6201/api/v1/attendance/userData","timestamp":"2025-01-03T09:30:19.787Z"}
{"level":"info","message":"GET URL REQ => http://192.168.29.35:6201/api/v1/attendance/userData","timestamp":"2025-01-03T09:30:19.922Z"}
{"level":"info","message":"GET URL REQ => http://192.168.29.35:6201/api/v1/attendance/userData","timestamp":"2025-01-03T09:30:19.932Z"}
{"level":"info","message":"GET URL REQ => http://192.168.29.35:6201/api/v1/attendance/userData","timestamp":"2025-01-03T09:30:20.053Z"}
{"level":"info","message":"GET URL REQ => http://192.168.29.35:6201/api/v1/attendance/userData","timestamp":"2025-01-03T09:30:20.073Z"}
{"level":"info","message":"GET URL REQ => http://192.168.29.35:6201/api/v1/attendance/userData","timestamp":"2025-01-03T09:30:20.172Z"}
{"level":"info","message":"GET URL REQ => http://192.168.29.35:6201/api/v1/attendance/userData","timestamp":"2025-01-03T09:30:20.195Z"}
{"level":"info","message":"GET URL REQ => http://192.168.29.35:6201/api/v1/attendance/userData","timestamp":"2025-01-03T09:30:20.262Z"}
{"level":"info","message":"GET URL REQ => http://192.168.29.35:6201/api/v1/attendance/userData","timestamp":"2025-01-03T09:30:20.295Z"}
{"level":"info","message":"GET URL REQ => http://192.168.29.35:6201/api/v1/attendance/userData","timestamp":"2025-01-03T09:30:20.445Z"}
{"level":"info","message":"GET URL REQ => http://192.168.29.35:6201/api/v1/attendance/userData","timestamp":"2025-01-03T09:30:20.467Z"}
{"level":"info","message":"GET URL REQ => http://192.168.29.35:6201/api/v1/attendance/userData","timestamp":"2025-01-03T09:30:20.964Z"}
{"level":"info","message":"GET URL REQ => http://192.168.29.35:6201/api/v1/attendance/userData","timestamp":"2025-01-03T09:30:20.970Z"}
{"level":"info","message":"GET URL REQ => http://192.168.29.35:6201/api/v1/attendance/userData","timestamp":"2025-01-03T09:30:21.065Z"}
{"level":"info","message":"GET URL REQ => http://192.168.29.35:6201/api/v1/attendance/userData","timestamp":"2025-01-03T09:30:21.165Z"}
{"level":"info","message":"GET URL REQ => http://192.168.29.35:6201/api/v1/attendance/userData","timestamp":"2025-01-03T09:30:21.257Z"}
{"level":"info","message":"GET URL REQ => http://192.168.29.35:6201/api/v1/attendance/userData","timestamp":"2025-01-03T09:30:21.337Z"}
{"level":"info","message":"GET URL REQ => http://192.168.29.35:6201/api/v1/attendance/userData","timestamp":"2025-01-03T09:30:21.429Z"}
{"level":"info","message":"GET URL REQ => http://192.168.29.35:6201/api/v1/attendance/userData","timestamp":"2025-01-03T09:30:21.488Z"}
{"level":"info","message":"GET URL REQ => http://192.168.29.35:6201/api/v1/attendance/userData","timestamp":"2025-01-03T09:30:21.543Z"}
{"level":"info","message":"GET URL REQ => http://192.168.29.35:6201/api/v1/attendance/userData","timestamp":"2025-01-03T09:30:21.643Z"}
{"level":"info","message":"GET URL REQ => http://192.168.29.35:6201/api/v1/attendance/userData","timestamp":"2025-01-03T09:30:21.693Z"}
{"level":"info","message":"GET URL REQ => http://192.168.29.35:6201/api/v1/attendance/userData","timestamp":"2025-01-03T09:30:21.744Z"}
{"level":"info","message":"GET URL REQ => http://192.168.29.35:6201/api/v1/attendance/userData","timestamp":"2025-01-03T09:30:21.844Z"}
{"level":"info","message":"GET URL REQ => http://192.168.29.35:6201/api/v1/attendance/userData","timestamp":"2025-01-03T09:30:21.938Z"}
{"level":"info","message":"GET URL REQ => http://192.168.29.35:6201/api/v1/attendance/userData","timestamp":"2025-01-03T09:30:21.999Z"}
{"level":"info","message":"GET URL REQ => http://192.168.29.35:6201/api/v1/attendance/userData","timestamp":"2025-01-03T09:30:22.058Z"}
{"level":"info","message":"GET URL REQ => http://192.168.29.35:6201/api/v1/attendance/userData","timestamp":"2025-01-03T09:30:22.175Z"}
{"level":"info","message":"GET URL REQ => http://192.168.29.35:6201/api/v1/attendance/userData","timestamp":"2025-01-03T09:30:22.273Z"}
{"level":"info","message":"GET URL REQ => http://192.168.29.35:6201/api/v1/attendance/userData","timestamp":"2025-01-03T09:30:22.373Z"}
{"level":"info","message":"GET URL REQ => http://192.168.29.35:6201/api/v1/attendance/userData","timestamp":"2025-01-03T09:30:22.523Z"}
{"level":"info","message":"GET URL REQ => http://192.168.29.35:6201/api/v1/attendance/userData","timestamp":"2025-01-03T09:30:22.650Z"}
{"level":"info","message":"GET URL REQ => http://192.168.29.35:6201/api/v1/attendance/userData","timestamp":"2025-01-03T09:30:22.770Z"}
{"level":"info","message":"GET URL REQ => http://192.168.29.35:6201/api/v1/attendance/userData","timestamp":"2025-01-03T09:30:22.883Z"}
{"level":"info","message":"GET URL REQ => http://192.168.29.35:6201/api/v1/attendance/userData","timestamp":"2025-01-03T09:30:22.964Z"}
{"level":"info","message":"GET URL REQ => http://192.168.29.35:6201/api/v1/attendance/userData","timestamp":"2025-01-03T09:30:23.060Z"}
{"level":"info","message":"GET URL REQ => http://192.168.29.35:6201/api/v1/attendance/userData","timestamp":"2025-01-03T09:30:23.161Z"}
{"level":"info","message":"GET URL REQ => http://192.168.29.35:6201/api/v1/attendance/userData","timestamp":"2025-01-03T09:30:23.262Z"}
{"level":"info","message":"GET URL REQ => http://192.168.29.35:6201/api/v1/attendance/userData","timestamp":"2025-01-03T09:30:23.371Z"}
{"level":"info","message":"GET URL REQ => http://192.168.29.35:6201/api/v1/attendance/userData","timestamp":"2025-01-03T09:30:23.459Z"}
{"level":"info","message":"GET URL REQ => http://192.168.29.35:6201/api/v1/attendance/userData","timestamp":"2025-01-03T09:30:23.559Z"}
{"level":"info","message":"GET URL REQ => http://192.168.29.35:6201/api/v1/attendance/userData","timestamp":"2025-01-03T09:30:23.668Z"}
{"level":"info","message":"GET URL REQ => http://192.168.29.35:6201/api/v1/attendance/userData","timestamp":"2025-01-03T09:30:23.770Z"}
{"level":"info","message":"GET URL REQ => http://192.168.29.35:6201/api/v1/attendance/userData","timestamp":"2025-01-03T09:30:23.840Z"}
{"level":"info","message":"GET URL REQ => http://192.168.29.35:6201/api/v1/attendance/userData","timestamp":"2025-01-03T09:30:23.948Z"}
{"level":"info","message":"GET URL REQ => http://192.168.29.35:6201/api/v1/attendance/userData","timestamp":"2025-01-03T09:30:24.040Z"}
{"level":"info","message":"GET URL REQ => http://192.168.29.35:6201/api/v1/attendance/userData","timestamp":"2025-01-03T09:30:24.139Z"}
{"level":"info","message":"GET URL REQ => http://192.168.29.35:6201/api/v1/attendance/userData","timestamp":"2025-01-03T09:30:24.225Z"}
{"level":"info","message":"GET URL REQ => http://192.168.29.35:6201/api/v1/attendance/userData","timestamp":"2025-01-03T09:30:24.283Z"}
{"level":"info","message":"GET URL REQ => http://192.168.29.35:6201/api/v1/attendance/userData","timestamp":"2025-01-03T09:30:24.342Z"}
{"level":"info","message":"GET URL REQ => http://192.168.29.35:6201/api/v1/attendance/userData","timestamp":"2025-01-03T09:30:24.417Z"}
{"level":"info","message":"GET URL REQ => http://192.168.29.35:6201/api/v1/attendance/userData","timestamp":"2025-01-03T09:30:24.505Z"}
{"level":"info","message":"GET URL REQ => http://192.168.29.35:6201/api/v1/attendance/userData","timestamp":"2025-01-03T09:30:24.562Z"}
{"level":"info","message":"GET URL REQ => http://192.168.29.35:6201/api/v1/attendance/userData","timestamp":"2025-01-03T09:30:24.712Z"}
{"level":"info","message":"GET URL REQ => http://192.168.29.35:6201/api/v1/attendance/userData","timestamp":"2025-01-03T09:30:24.965Z"}
{"level":"info","message":"GET URL REQ => http://192.168.29.35:6201/api/v1/attendance/userData","timestamp":"2025-01-03T09:30:25.073Z"}
{"level":"info","message":"GET URL REQ => http://192.168.29.35:6201/api/v1/attendance/userData","timestamp":"2025-01-03T09:30:25.199Z"}
{"level":"info","message":"GET URL REQ => http://192.168.29.35:6201/api/v1/attendance/userData","timestamp":"2025-01-03T09:30:25.301Z"}
{"level":"info","message":"GET URL REQ => http://192.168.29.35:6201/api/v1/attendance/userData","timestamp":"2025-01-03T09:30:25.520Z"}
{"level":"info","message":"GET URL REQ => http://192.168.29.35:6201/api/v1/attendance/userData","timestamp":"2025-01-03T09:30:25.584Z"}
{"level":"info","message":"GET URL REQ => http://192.168.29.35:6201/api/v1/attendance/userData","timestamp":"2025-01-03T09:30:25.653Z"}
{"level":"info","message":"GET URL REQ => http://192.168.29.35:6201/api/v1/attendance/userData","timestamp":"2025-01-03T09:30:25.775Z"}
{"level":"info","message":"GET URL REQ => http://192.168.29.35:6201/api/v1/attendance/userData","timestamp":"2025-01-03T09:30:25.883Z"}
{"level":"info","message":"GET URL REQ => http://192.168.29.35:6201/api/v1/attendance/userData","timestamp":"2025-01-03T09:30:25.982Z"}
{"level":"info","message":"GET URL REQ => http://192.168.29.35:6201/api/v1/attendance/userData","timestamp":"2025-01-03T09:30:26.077Z"}
{"level":"info","message":"GET URL REQ => http://192.168.29.35:6201/api/v1/attendance/userData","timestamp":"2025-01-03T09:30:26.171Z"}
{"level":"info","message":"GET URL REQ => http://192.168.29.35:6201/api/v1/attendance/userData","timestamp":"2025-01-03T09:30:26.232Z"}
{"level":"info","message":"GET URL REQ => http://192.168.29.35:6201/api/v1/attendance/userData","timestamp":"2025-01-03T09:30:26.314Z"}
{"level":"info","message":"GET URL REQ => http://192.168.29.35:6201/api/v1/attendance/userData","timestamp":"2025-01-03T09:30:26.402Z"}
{"level":"info","message":"GET URL REQ => http://192.168.29.35:6201/api/v1/attendance/userData","timestamp":"2025-01-03T09:30:26.453Z"}
{"level":"info","message":"GET URL REQ => http://192.168.29.35:6201/api/v1/attendance/userData","timestamp":"2025-01-03T09:30:26.523Z"}
{"level":"info","message":"GET URL REQ => http://192.168.29.35:6201/api/v1/attendance/userData","timestamp":"2025-01-03T09:30:26.608Z"}
{"level":"info","message":"GET URL REQ => http://192.168.29.35:6201/api/v1/attendance/userData","timestamp":"2025-01-03T09:30:26.730Z"}
{"level":"info","message":"GET URL REQ => http://192.168.29.35:6201/api/v1/attendance/userData","timestamp":"2025-01-03T09:30:26.841Z"}
{"level":"info","message":"GET URL REQ => http://192.168.29.35:6201/api/v1/attendance/userData","timestamp":"2025-01-03T09:30:26.959Z"}
{"level":"info","message":"GET URL REQ => http://192.168.29.35:6201/api/v1/attendance/userData","timestamp":"2025-01-03T09:30:27.084Z"}
{"level":"info","message":"GET URL REQ => http://192.168.29.35:6201/api/v1/attendance/userData","timestamp":"2025-01-03T09:30:27.214Z"}
{"level":"info","message":"GET URL REQ => http://192.168.29.35:6201/api/v1/attendance/userData","timestamp":"2025-01-03T09:30:27.434Z"}
{"level":"info","message":"GET URL REQ => http://192.168.29.35:6201/api/v1/attendance/userData","timestamp":"2025-01-03T09:30:27.549Z"}
{"level":"info","message":"GET URL REQ => http://192.168.29.35:6201/api/v1/attendance/userData","timestamp":"2025-01-03T09:30:27.716Z"}
{"level":"info","message":"GET URL REQ => http://192.168.29.35:6201/api/v1/attendance/userData","timestamp":"2025-01-03T09:30:28.075Z"}
{"level":"info","message":"GET URL REQ => http://192.168.29.35:6201/api/v1/attendance/userData","timestamp":"2025-01-03T09:30:28.290Z"}
{"level":"info","message":"GET URL REQ => http://192.168.29.35:6201/api/v1/attendance/userData","timestamp":"2025-01-03T09:30:28.419Z"}
{"level":"info","message":"GET URL REQ => http://192.168.29.35:6201/api/v1/attendance/userData","timestamp":"2025-01-03T09:30:28.591Z"}
{"level":"info","message":"GET URL REQ => http://192.168.29.35:6201/api/v1/attendance/userData","timestamp":"2025-01-03T09:30:28.778Z"}
{"level":"info","message":"GET URL REQ => http://192.168.29.35:6201/api/v1/attendance/userData","timestamp":"2025-01-03T09:30:28.914Z"}
{"level":"info","message":"GET URL REQ => http://192.168.29.35:6201/api/v1/attendance/userData","timestamp":"2025-01-03T09:30:28.998Z"}
{"level":"info","message":"GET URL REQ => http://192.168.29.35:6201/api/v1/attendance/userData","timestamp":"2025-01-03T09:30:29.087Z"}
{"level":"info","message":"GET URL REQ => http://192.168.29.35:6201/api/v1/attendance/userData","timestamp":"2025-01-03T09:30:29.154Z"}
{"level":"info","message":"GET URL REQ => http://192.168.29.35:6201/api/v1/attendance/userData","timestamp":"2025-01-03T09:30:29.220Z"}
{"level":"info","message":"GET URL REQ => http://192.168.29.35:6201/api/v1/attendance/userData","timestamp":"2025-01-03T09:30:29.334Z"}
{"level":"info","message":"GET URL REQ => http://192.168.29.35:6201/api/v1/attendance/userData","timestamp":"2025-01-03T09:30:29.446Z"}
{"level":"info","message":"GET URL REQ => http://192.168.29.35:6201/api/v1/attendance/userData","timestamp":"2025-01-03T09:30:29.514Z"}
{"level":"info","message":"GET URL REQ => http://192.168.29.35:6201/api/v1/attendance/userData","timestamp":"2025-01-03T09:30:29.647Z"}
{"level":"info","message":"GET URL REQ => http://192.168.29.35:6201/api/v1/attendance/userData","timestamp":"2025-01-03T09:30:29.805Z"}
{"level":"info","message":"GET URL REQ => http://192.168.29.35:6201/api/v1/attendance/userData","timestamp":"2025-01-03T09:30:29.890Z"}
{"level":"info","message":"GET URL REQ => http://192.168.29.35:6201/api/v1/attendance/userData","timestamp":"2025-01-03T09:30:29.986Z"}
{"level":"info","message":"GET URL REQ => http://192.168.29.35:6201/api/v1/attendance/userData","timestamp":"2025-01-03T09:30:30.063Z"}
{"level":"info","message":"GET URL REQ => http://192.168.29.35:6201/api/v1/attendance/userData","timestamp":"2025-01-03T09:30:30.129Z"}
{"level":"info","message":"GET URL REQ => http://192.168.29.35:6201/api/v1/attendance/userData","timestamp":"2025-01-03T09:30:30.207Z"}
{"level":"info","message":"GET URL REQ => http://192.168.29.35:6201/api/v1/attendance/userData","timestamp":"2025-01-03T09:30:30.286Z"}
{"level":"info","message":"GET URL REQ => http://192.168.29.35:6201/api/v1/attendance/userData","timestamp":"2025-01-03T09:30:30.375Z"}
{"level":"info","message":"GET URL REQ => http://192.168.29.35:6201/api/v1/attendance/userData","timestamp":"2025-01-03T09:30:30.455Z"}
{"level":"info","message":"GET URL REQ => http://192.168.29.35:6201/api/v1/attendance/userData","timestamp":"2025-01-03T09:30:30.544Z"}
{"level":"info","message":"GET URL REQ => http://192.168.29.35:6201/api/v1/attendance/userData","timestamp":"2025-01-03T09:30:30.612Z"}
{"level":"info","message":"GET URL REQ => http://192.168.29.35:6201/api/v1/attendance/userData","timestamp":"2025-01-03T09:30:30.698Z"}
{"level":"info","message":"GET URL REQ => http://192.168.29.35:6201/api/v1/attendance/userData","timestamp":"2025-01-03T09:30:30.777Z"}
{"level":"info","message":"GET URL REQ => http://192.168.29.35:6201/api/v1/attendance/userData","timestamp":"2025-01-03T09:30:30.891Z"}
{"level":"info","message":"GET URL REQ => http://192.168.29.35:6201/api/v1/attendance/userData","timestamp":"2025-01-03T09:30:30.994Z"}
{"level":"info","message":"GET URL REQ => http://192.168.29.35:6201/api/v1/attendance/userData","timestamp":"2025-01-03T09:30:31.075Z"}
{"level":"info","message":"GET URL REQ => http://192.168.29.35:6201/api/v1/attendance/userData","timestamp":"2025-01-03T09:30:31.139Z"}
{"level":"info","message":"GET URL REQ => http://192.168.29.35:6201/api/v1/attendance/userData","timestamp":"2025-01-03T09:30:31.222Z"}
{"level":"info","message":"GET URL REQ => http://192.168.29.35:6201/api/v1/attendance/userData","timestamp":"2025-01-03T09:30:31.296Z"}
{"level":"info","message":"GET URL REQ => http://192.168.29.35:6201/api/v1/attendance/userData","timestamp":"2025-01-03T09:30:31.369Z"}
{"level":"info","message":"GET URL REQ => http://192.168.29.35:6201/api/v1/attendance/userData","timestamp":"2025-01-03T09:30:31.435Z"}
{"level":"info","message":"GET URL REQ => http://192.168.29.35:6201/api/v1/attendance/userData","timestamp":"2025-01-03T09:30:31.500Z"}
{"level":"info","message":"GET URL REQ => http://192.168.29.35:6201/api/v1/attendance/userData","timestamp":"2025-01-03T09:30:31.573Z"}
{"level":"info","message":"GET URL REQ => http://192.168.29.35:6201/api/v1/attendance/userData","timestamp":"2025-01-03T09:30:31.634Z"}
{"level":"info","message":"GET URL REQ => http://192.168.29.35:6201/api/v1/attendance/userData","timestamp":"2025-01-03T09:30:31.691Z"}
{"level":"info","message":"GET URL REQ => http://192.168.29.35:6201/api/v1/attendance/userData","timestamp":"2025-01-03T09:30:31.746Z"}
{"level":"info","message":"GET URL REQ => http://192.168.29.35:6201/api/v1/attendance/userData","timestamp":"2025-01-03T09:30:31.797Z"}
{"level":"info","message":"GET URL REQ => http://192.168.29.35:6201/api/v1/attendance/userData","timestamp":"2025-01-03T09:30:31.867Z"}
{"level":"info","message":"GET URL REQ => http://192.168.29.35:6201/api/v1/attendance/userData","timestamp":"2025-01-03T09:30:31.937Z"}
{"level":"info","message":"GET URL REQ => http://192.168.29.35:6201/api/v1/attendance/userData","timestamp":"2025-01-03T09:30:32.005Z"}
{"level":"info","message":"GET URL REQ => http://192.168.29.35:6201/api/v1/attendance/userData","timestamp":"2025-01-03T09:30:32.072Z"}
{"level":"info","message":"GET URL REQ => http://192.168.29.35:6201/api/v1/attendance/userData","timestamp":"2025-01-03T09:30:32.138Z"}
{"level":"info","message":"GET URL REQ => http://192.168.29.35:6201/api/v1/attendance/userData","timestamp":"2025-01-03T09:30:32.199Z"}
{"level":"info","message":"GET URL REQ => http://192.168.29.35:6201/api/v1/attendance/userData","timestamp":"2025-01-03T09:30:32.267Z"}
{"level":"info","message":"GET URL REQ => http://192.168.29.35:6201/api/v1/attendance/userData","timestamp":"2025-01-03T09:30:32.330Z"}
{"level":"info","message":"GET URL REQ => http://192.168.29.35:6201/api/v1/attendance/userData","timestamp":"2025-01-03T09:30:32.403Z"}
{"level":"info","message":"GET URL REQ => http://192.168.29.35:6201/api/v1/attendance/userData","timestamp":"2025-01-03T09:30:32.482Z"}
{"level":"info","message":"GET URL REQ => http://192.168.29.35:6201/api/v1/attendance/userData","timestamp":"2025-01-03T09:30:32.547Z"}
{"level":"info","message":"GET URL REQ => http://192.168.29.35:6201/api/v1/attendance/userData","timestamp":"2025-01-03T09:30:32.612Z"}
{"level":"info","message":"GET URL REQ => http://192.168.29.35:6201/api/v1/attendance/userData","timestamp":"2025-01-03T09:30:32.675Z"}
{"level":"info","message":"GET URL REQ => http://192.168.29.35:6201/api/v1/attendance/userData","timestamp":"2025-01-03T09:30:32.756Z"}
{"level":"info","message":"GET URL REQ => http://192.168.29.35:6201/api/v1/attendance/userData","timestamp":"2025-01-03T09:30:32.853Z"}
{"level":"info","message":"GET URL REQ => http://192.168.29.35:6201/api/v1/attendance/userData","timestamp":"2025-01-03T09:30:32.953Z"}
{"level":"info","message":"GET URL REQ => http://192.168.29.35:6201/api/v1/attendance/userData","timestamp":"2025-01-03T09:30:33.035Z"}
{"level":"info","message":"GET URL REQ => http://192.168.29.35:6201/api/v1/attendance/userData","timestamp":"2025-01-03T09:30:33.115Z"}
{"level":"info","message":"GET URL REQ => http://192.168.29.35:6201/api/v1/attendance/userData","timestamp":"2025-01-03T09:30:33.214Z"}
{"level":"info","message":"GET URL REQ => http://192.168.29.35:6201/api/v1/attendance/userData","timestamp":"2025-01-03T09:30:33.278Z"}
{"level":"info","message":"GET URL REQ => http://192.168.29.35:6201/api/v1/attendance/userData","timestamp":"2025-01-03T09:30:33.347Z"}
{"level":"info","message":"GET URL REQ => http://192.168.29.35:6201/api/v1/attendance/userData","timestamp":"2025-01-03T09:30:33.403Z"}
{"level":"info","message":"GET URL REQ => http://192.168.29.35:6201/api/v1/attendance/userData","timestamp":"2025-01-03T09:30:33.457Z"}
{"level":"info","message":"GET URL REQ => http://192.168.29.35:6201/api/v1/attendance/userData","timestamp":"2025-01-03T09:30:33.515Z"}
{"level":"info","message":"GET URL REQ => http://192.168.29.35:6201/api/v1/attendance/userData","timestamp":"2025-01-03T09:30:33.578Z"}
{"level":"info","message":"GET URL REQ => http://192.168.29.35:6201/api/v1/attendance/userData","timestamp":"2025-01-03T09:30:33.640Z"}
{"level":"info","message":"GET URL REQ => http://192.168.29.35:6201/api/v1/attendance/userData","timestamp":"2025-01-03T09:30:33.708Z"}
{"level":"info","message":"GET URL REQ => http://192.168.29.35:6201/api/v1/attendance/userData","timestamp":"2025-01-03T09:30:33.791Z"}
{"level":"info","message":"GET URL REQ => http://192.168.29.35:6201/api/v1/attendance/userData","timestamp":"2025-01-03T09:30:33.885Z"}
{"level":"info","message":"GET URL REQ => http://192.168.29.35:6201/api/v1/attendance/userData","timestamp":"2025-01-03T09:30:33.950Z"}
{"level":"info","message":"GET URL REQ => http://192.168.29.35:6201/api/v1/attendance/userData","timestamp":"2025-01-03T09:30:34.011Z"}
{"level":"info","message":"GET URL REQ => http://192.168.29.35:6201/api/v1/attendance/userData","timestamp":"2025-01-03T09:30:34.104Z"}
{"level":"info","message":"GET URL REQ => http://192.168.29.35:6201/api/v1/attendance/userData","timestamp":"2025-01-03T09:30:34.199Z"}
{"level":"info","message":"GET URL REQ => http://192.168.29.35:6201/api/v1/attendance/userData","timestamp":"2025-01-03T09:30:34.258Z"}
{"level":"info","message":"GET URL REQ => http://192.168.29.35:6201/api/v1/attendance/userData","timestamp":"2025-01-03T09:30:34.317Z"}
{"level":"info","message":"GET URL REQ => http://192.168.29.35:6201/api/v1/attendance/userData","timestamp":"2025-01-03T09:30:34.378Z"}
{"level":"info","message":"GET URL REQ => http://192.168.29.35:6201/api/v1/attendance/userData","timestamp":"2025-01-03T09:30:34.441Z"}
{"level":"info","message":"GET URL REQ => http://192.168.29.35:6201/api/v1/attendance/userData","timestamp":"2025-01-03T09:30:34.545Z"}
{"level":"info","message":"GET URL REQ => http://192.168.29.35:6201/api/v1/attendance/userData","timestamp":"2025-01-03T09:30:34.681Z"}
{"level":"info","message":"GET URL REQ => http://192.168.29.35:6201/api/v1/attendance/userData","timestamp":"2025-01-03T09:30:34.899Z"}
{"level":"info","message":"GET URL REQ => http://192.168.29.35:6201/api/v1/attendance/userData","timestamp":"2025-01-03T09:30:34.987Z"}
{"level":"info","message":"GET URL REQ => http://192.168.29.35:6201/api/v1/attendance/userData","timestamp":"2025-01-03T09:30:35.096Z"}
{"level":"info","message":"Router-----store Register Form Data","timestamp":"2025-01-03T09:30:35.102Z"}
{"level":"info","message":"GET URL REQ => http://192.168.29.35:6201/api/v1/validateTokenData","timestamp":"2025-01-03T09:30:35.104Z"}
{"level":"info","message":"Router-----store Register Form Data","timestamp":"2025-01-03T09:30:38.356Z"}
{"level":"info","message":"GET URL REQ => http://192.168.29.35:6201/api/v1/validateTokenData","timestamp":"2025-01-03T09:30:38.356Z"}
{"level":"info","message":"GET URL REQ => http://192.168.29.35:6201/api/v1/attendance/userData","timestamp":"2025-01-03T09:30:38.361Z"}
{"level":"info","message":"Router-----store Register Form Data","timestamp":"2025-01-03T09:30:38.368Z"}
{"level":"info","message":"GET URL REQ => http://192.168.29.35:6201/api/v1/validateTokenData","timestamp":"2025-01-03T09:30:38.370Z"}
{"level":"info","message":"GET URL REQ => http://192.168.29.35:6201/api/v1/attendance/userData","timestamp":"2025-01-03T09:30:38.382Z"}
{"level":"info","message":"server running --- from server.ts","timestamp":"2025-01-03T09:31:08.171Z"}
{"level":"info","message":"Router-----store Register Form Data","timestamp":"2025-01-03T09:31:08.419Z"}
{"level":"info","message":"GET URL REQ => http://192.168.29.35:6201/api/v1/validateTokenData","timestamp":"2025-01-03T09:31:08.420Z"}
{"level":"info","message":"GET URL REQ => http://192.168.29.35:6201/api/v1/attendance/userData","timestamp":"2025-01-03T09:31:08.429Z"}
{"level":"info","message":"GET URL REQ => http://192.168.29.35:6201/api/v1/attendance/userData","timestamp":"2025-01-03T09:31:08.436Z"}
{"level":"info","message":"Router-----store Register Form Data","timestamp":"2025-01-03T09:31:08.440Z"}
{"level":"info","message":"GET URL REQ => http://192.168.29.35:6201/api/v1/validateTokenData","timestamp":"2025-01-03T09:31:08.442Z"}
{"level":"info","message":"GET URL REQ => http://192.168.29.35:6201/api/v1/users/login","timestamp":"2025-01-03T09:33:00.229Z"}
{"level":"info","message":"Router-----store Register Form Data","timestamp":"2025-01-03T09:33:02.119Z"}
{"level":"info","message":"GET URL REQ => http://192.168.29.35:6201/api/v1/validateTokenData","timestamp":"2025-01-03T09:33:02.123Z"}
{"level":"info","message":"Router-----store Register Form Data","timestamp":"2025-01-03T09:33:02.194Z"}
{"level":"info","message":"GET URL REQ => http://192.168.29.35:6201/api/v1/validateTokenData","timestamp":"2025-01-03T09:33:02.197Z"}
{"level":"info","message":"Router-----store Register Form Data","timestamp":"2025-01-03T09:33:04.875Z"}
{"level":"info","message":"GET URL REQ => http://192.168.29.35:6201/api/v1/validateTokenData","timestamp":"2025-01-03T09:33:04.879Z"}
{"level":"info","message":"GET URL REQ => http://192.168.29.35:6201/api/v1/attendance/userData","timestamp":"2025-01-03T09:33:04.898Z"}
{"level":"info","message":"Router-----store Register Form Data","timestamp":"2025-01-03T09:33:04.942Z"}
{"level":"info","message":"GET URL REQ => http://192.168.29.35:6201/api/v1/validateTokenData","timestamp":"2025-01-03T09:33:04.944Z"}
{"level":"info","message":"GET URL REQ => http://192.168.29.35:6201/api/v1/attendance/userData","timestamp":"2025-01-03T09:33:05.117Z"}
{"level":"info","message":"Router-----store Register Form Data","timestamp":"2025-01-03T09:34:42.147Z"}
{"level":"info","message":"GET URL REQ => http://192.168.29.35:6201/api/v1/validateTokenData","timestamp":"2025-01-03T09:34:42.150Z"}
{"level":"info","message":"GET URL REQ => http://192.168.29.35:6201/api/v1/attendance/userData","timestamp":"2025-01-03T09:34:42.162Z"}
{"level":"info","message":"Router-----store Register Form Data","timestamp":"2025-01-03T09:34:43.019Z"}
{"level":"info","message":"GET URL REQ => http://192.168.29.35:6201/api/v1/validateTokenData","timestamp":"2025-01-03T09:34:43.021Z"}
{"level":"info","message":"GET URL REQ => http://192.168.29.35:6201/api/v1/attendance/userData","timestamp":"2025-01-03T09:34:43.027Z"}
{"level":"info","message":"Router-----store Register Form Data","timestamp":"2025-01-03T09:35:11.044Z"}
{"level":"info","message":"GET URL REQ => http://192.168.29.35:6201/api/v1/validateTokenData","timestamp":"2025-01-03T09:35:11.045Z"}
{"level":"info","message":"GET URL REQ => http://192.168.29.35:6201/api/v1/attendance/userData","timestamp":"2025-01-03T09:35:11.049Z"}
{"level":"info","message":"Router-----store Register Form Data","timestamp":"2025-01-03T09:35:12.007Z"}
{"level":"info","message":"GET URL REQ => http://192.168.29.35:6201/api/v1/validateTokenData","timestamp":"2025-01-03T09:35:12.009Z"}
{"level":"info","message":"GET URL REQ => http://192.168.29.35:6201/api/v1/attendance/userData","timestamp":"2025-01-03T09:35:12.014Z"}
{"level":"info","message":"Router-----store Register Form Data","timestamp":"2025-01-03T09:35:14.448Z"}
{"level":"info","message":"GET URL REQ => http://192.168.29.35:6201/api/v1/validateTokenData","timestamp":"2025-01-03T09:35:14.451Z"}
{"level":"info","message":"GET URL REQ => http://192.168.29.35:6201/api/v1/attendance/userData","timestamp":"2025-01-03T09:35:14.461Z"}
{"level":"info","message":"Router-----store Register Form Data","timestamp":"2025-01-03T09:35:15.369Z"}
{"level":"info","message":"GET URL REQ => http://192.168.29.35:6201/api/v1/validateTokenData","timestamp":"2025-01-03T09:35:15.370Z"}
{"level":"info","message":"GET URL REQ => http://192.168.29.35:6201/api/v1/attendance/userData","timestamp":"2025-01-03T09:35:15.375Z"}
{"level":"info","message":"Router-----store Register Form Data","timestamp":"2025-01-03T09:35:17.922Z"}
{"level":"info","message":"GET URL REQ => http://192.168.29.35:6201/api/v1/validateTokenData","timestamp":"2025-01-03T09:35:17.925Z"}
{"level":"info","message":"GET URL REQ => http://192.168.29.35:6201/api/v1/attendance/userData","timestamp":"2025-01-03T09:35:17.937Z"}
{"level":"info","message":"Router-----store Register Form Data","timestamp":"2025-01-03T09:35:18.889Z"}
{"level":"info","message":"GET URL REQ => http://192.168.29.35:6201/api/v1/validateTokenData","timestamp":"2025-01-03T09:35:18.891Z"}
{"level":"info","message":"GET URL REQ => http://192.168.29.35:6201/api/v1/attendance/userData","timestamp":"2025-01-03T09:35:18.896Z"}
{"level":"info","message":"Router-----store Register Form Data","timestamp":"2025-01-03T09:35:28.558Z"}
{"level":"info","message":"GET URL REQ => http://192.168.29.35:6201/api/v1/validateTokenData","timestamp":"2025-01-03T09:35:28.559Z"}
{"level":"info","message":"GET URL REQ => http://192.168.29.35:6201/api/v1/attendance/userData","timestamp":"2025-01-03T09:35:28.565Z"}
{"level":"info","message":"Router-----store Register Form Data","timestamp":"2025-01-03T09:35:29.513Z"}
{"level":"info","message":"GET URL REQ => http://192.168.29.35:6201/api/v1/validateTokenData","timestamp":"2025-01-03T09:35:29.515Z"}
{"level":"info","message":"GET URL REQ => http://192.168.29.35:6201/api/v1/attendance/userData","timestamp":"2025-01-03T09:35:29.523Z"}
{"level":"info","message":"Router-----store Register Form Data","timestamp":"2025-01-03T09:35:34.485Z"}
{"level":"info","message":"GET URL REQ => http://192.168.29.35:6201/api/v1/validateTokenData","timestamp":"2025-01-03T09:35:34.488Z"}
{"level":"info","message":"GET URL REQ => http://192.168.29.35:6201/api/v1/attendance/userData","timestamp":"2025-01-03T09:35:34.497Z"}
{"level":"info","message":"Router-----store Register Form Data","timestamp":"2025-01-03T09:35:35.441Z"}
{"level":"info","message":"GET URL REQ => http://192.168.29.35:6201/api/v1/validateTokenData","timestamp":"2025-01-03T09:35:35.444Z"}
{"level":"info","message":"GET URL REQ => http://192.168.29.35:6201/api/v1/attendance/userData","timestamp":"2025-01-03T09:35:35.454Z"}
{"level":"info","message":"Router-----store Register Form Data","timestamp":"2025-01-03T09:35:46.648Z"}
{"level":"info","message":"GET URL REQ => http://192.168.29.35:6201/api/v1/validateTokenData","timestamp":"2025-01-03T09:35:46.651Z"}
{"level":"info","message":"GET URL REQ => http://192.168.29.35:6201/api/v1/attendance/userData","timestamp":"2025-01-03T09:35:46.661Z"}
{"level":"info","message":"Router-----store Register Form Data","timestamp":"2025-01-03T09:35:47.505Z"}
{"level":"info","message":"GET URL REQ => http://192.168.29.35:6201/api/v1/validateTokenData","timestamp":"2025-01-03T09:35:47.507Z"}
{"level":"info","message":"GET URL REQ => http://192.168.29.35:6201/api/v1/attendance/userData","timestamp":"2025-01-03T09:35:47.520Z"}
{"level":"info","message":"Router-----store Register Form Data","timestamp":"2025-01-03T09:35:51.748Z"}
{"level":"info","message":"GET URL REQ => http://192.168.29.35:6201/api/v1/validateTokenData","timestamp":"2025-01-03T09:35:51.750Z"}
{"level":"info","message":"GET URL REQ => http://192.168.29.35:6201/api/v1/attendance/userData","timestamp":"2025-01-03T09:35:51.757Z"}
{"level":"info","message":"Router-----store Register Form Data","timestamp":"2025-01-03T09:35:52.703Z"}
{"level":"info","message":"GET URL REQ => http://192.168.29.35:6201/api/v1/validateTokenData","timestamp":"2025-01-03T09:35:52.705Z"}
{"level":"info","message":"GET URL REQ => http://192.168.29.35:6201/api/v1/attendance/userData","timestamp":"2025-01-03T09:35:52.713Z"}
{"level":"info","message":"Router-----store Register Form Data","timestamp":"2025-01-03T09:36:09.602Z"}
{"level":"info","message":"GET URL REQ => http://192.168.29.35:6201/api/v1/validateTokenData","timestamp":"2025-01-03T09:36:09.604Z"}
{"level":"info","message":"GET URL REQ => http://192.168.29.35:6201/api/v1/attendance/userData","timestamp":"2025-01-03T09:36:09.613Z"}
{"level":"info","message":"Router-----store Register Form Data","timestamp":"2025-01-03T09:36:10.428Z"}
{"level":"info","message":"GET URL REQ => http://192.168.29.35:6201/api/v1/validateTokenData","timestamp":"2025-01-03T09:36:10.428Z"}
{"level":"info","message":"GET URL REQ => http://192.168.29.35:6201/api/v1/attendance/userData","timestamp":"2025-01-03T09:36:10.433Z"}
{"level":"info","message":"Router-----store Register Form Data","timestamp":"2025-01-03T09:36:14.785Z"}
{"level":"info","message":"GET URL REQ => http://192.168.29.35:6201/api/v1/validateTokenData","timestamp":"2025-01-03T09:36:14.787Z"}
{"level":"info","message":"GET URL REQ => http://192.168.29.35:6201/api/v1/attendance/userData","timestamp":"2025-01-03T09:36:14.798Z"}
{"level":"info","message":"Router-----store Register Form Data","timestamp":"2025-01-03T09:36:15.751Z"}
{"level":"info","message":"GET URL REQ => http://192.168.29.35:6201/api/v1/validateTokenData","timestamp":"2025-01-03T09:36:15.752Z"}
{"level":"info","message":"GET URL REQ => http://192.168.29.35:6201/api/v1/attendance/userData","timestamp":"2025-01-03T09:36:15.757Z"}
{"level":"info","message":"Router-----store Register Form Data","timestamp":"2025-01-03T09:36:22.493Z"}
{"level":"info","message":"GET URL REQ => http://192.168.29.35:6201/api/v1/validateTokenData","timestamp":"2025-01-03T09:36:22.496Z"}
{"level":"info","message":"GET URL REQ => http://192.168.29.35:6201/api/v1/attendance/userData","timestamp":"2025-01-03T09:36:22.505Z"}
{"level":"info","message":"Router-----store Register Form Data","timestamp":"2025-01-03T09:36:23.363Z"}
{"level":"info","message":"GET URL REQ => http://192.168.29.35:6201/api/v1/validateTokenData","timestamp":"2025-01-03T09:36:23.366Z"}
{"level":"info","message":"GET URL REQ => http://192.168.29.35:6201/api/v1/attendance/userData","timestamp":"2025-01-03T09:36:23.372Z"}
{"level":"info","message":"Router-----store Register Form Data","timestamp":"2025-01-03T09:36:36.083Z"}
{"level":"info","message":"GET URL REQ => http://192.168.29.35:6201/api/v1/validateTokenData","timestamp":"2025-01-03T09:36:36.085Z"}
{"level":"info","message":"GET URL REQ => http://192.168.29.35:6201/api/v1/attendance/userData","timestamp":"2025-01-03T09:36:36.093Z"}
{"level":"info","message":"Router-----store Register Form Data","timestamp":"2025-01-03T09:36:37.023Z"}
{"level":"info","message":"GET URL REQ => http://192.168.29.35:6201/api/v1/validateTokenData","timestamp":"2025-01-03T09:36:37.025Z"}
{"level":"info","message":"GET URL REQ => http://192.168.29.35:6201/api/v1/attendance/userData","timestamp":"2025-01-03T09:36:37.034Z"}
{"level":"info","message":"Router-----store Register Form Data","timestamp":"2025-01-03T09:36:44.988Z"}
{"level":"info","message":"GET URL REQ => http://192.168.29.35:6201/api/v1/validateTokenData","timestamp":"2025-01-03T09:36:44.989Z"}
{"level":"info","message":"GET URL REQ => http://192.168.29.35:6201/api/v1/attendance/userData","timestamp":"2025-01-03T09:36:44.996Z"}
{"level":"info","message":"Router-----store Register Form Data","timestamp":"2025-01-03T09:36:45.991Z"}
{"level":"info","message":"GET URL REQ => http://192.168.29.35:6201/api/v1/validateTokenData","timestamp":"2025-01-03T09:36:45.992Z"}
{"level":"info","message":"GET URL REQ => http://192.168.29.35:6201/api/v1/attendance/userData","timestamp":"2025-01-03T09:36:45.997Z"}
{"level":"info","message":"Router-----store Register Form Data","timestamp":"2025-01-03T09:36:56.939Z"}
{"level":"info","message":"GET URL REQ => http://192.168.29.35:6201/api/v1/validateTokenData","timestamp":"2025-01-03T09:36:56.942Z"}
{"level":"info","message":"GET URL REQ => http://192.168.29.35:6201/api/v1/attendance/userData","timestamp":"2025-01-03T09:36:56.951Z"}
{"level":"info","message":"Router-----store Register Form Data","timestamp":"2025-01-03T09:36:57.926Z"}
{"level":"info","message":"GET URL REQ => http://192.168.29.35:6201/api/v1/validateTokenData","timestamp":"2025-01-03T09:36:57.927Z"}
{"level":"info","message":"GET URL REQ => http://192.168.29.35:6201/api/v1/attendance/userData","timestamp":"2025-01-03T09:36:57.934Z"}
{"level":"info","message":"Router-----store Register Form Data","timestamp":"2025-01-03T09:37:06.224Z"}
{"level":"info","message":"GET URL REQ => http://192.168.29.35:6201/api/v1/validateTokenData","timestamp":"2025-01-03T09:37:06.226Z"}
{"level":"info","message":"GET URL REQ => http://192.168.29.35:6201/api/v1/attendance/userData","timestamp":"2025-01-03T09:37:06.235Z"}
{"level":"info","message":"Router-----store Register Form Data","timestamp":"2025-01-03T09:37:07.154Z"}
{"level":"info","message":"GET URL REQ => http://192.168.29.35:6201/api/v1/validateTokenData","timestamp":"2025-01-03T09:37:07.155Z"}
{"level":"info","message":"GET URL REQ => http://192.168.29.35:6201/api/v1/attendance/userData","timestamp":"2025-01-03T09:37:07.160Z"}
{"level":"info","message":"Router-----store Register Form Data","timestamp":"2025-01-03T09:37:07.625Z"}
{"level":"info","message":"GET URL REQ => http://192.168.29.35:6201/api/v1/validateTokenData","timestamp":"2025-01-03T09:37:07.627Z"}
{"level":"info","message":"GET URL REQ => http://192.168.29.35:6201/api/v1/attendance/userData","timestamp":"2025-01-03T09:37:07.636Z"}
{"level":"info","message":"Router-----store Register Form Data","timestamp":"2025-01-03T09:37:08.587Z"}
{"level":"info","message":"GET URL REQ => http://192.168.29.35:6201/api/v1/validateTokenData","timestamp":"2025-01-03T09:37:08.589Z"}
{"level":"info","message":"GET URL REQ => http://192.168.29.35:6201/api/v1/attendance/userData","timestamp":"2025-01-03T09:37:08.599Z"}
{"level":"info","message":"Router-----store Register Form Data","timestamp":"2025-01-03T09:37:13.723Z"}
{"level":"info","message":"GET URL REQ => http://192.168.29.35:6201/api/v1/validateTokenData","timestamp":"2025-01-03T09:37:13.725Z"}
{"level":"info","message":"GET URL REQ => http://192.168.29.35:6201/api/v1/attendance/userData","timestamp":"2025-01-03T09:37:13.734Z"}
{"level":"info","message":"Router-----store Register Form Data","timestamp":"2025-01-03T09:37:14.715Z"}
{"level":"info","message":"GET URL REQ => http://192.168.29.35:6201/api/v1/validateTokenData","timestamp":"2025-01-03T09:37:14.717Z"}
{"level":"info","message":"GET URL REQ => http://192.168.29.35:6201/api/v1/attendance/userData","timestamp":"2025-01-03T09:37:14.725Z"}
{"level":"info","message":"GET URL REQ => http://192.168.29.35:6201/api/v1/attendance/userData","timestamp":"2025-01-03T09:39:00.668Z"}
{"level":"info","message":"Router-----store Register Form Data","timestamp":"2025-01-03T09:39:00.680Z"}
{"level":"info","message":"GET URL REQ => http://192.168.29.35:6201/api/v1/validateTokenData","timestamp":"2025-01-03T09:39:00.682Z"}
{"level":"info","message":"Router-----store Register Form Data","timestamp":"2025-01-03T09:39:01.619Z"}
{"level":"info","message":"GET URL REQ => http://192.168.29.35:6201/api/v1/validateTokenData","timestamp":"2025-01-03T09:39:01.621Z"}
{"level":"info","message":"GET URL REQ => http://192.168.29.35:6201/api/v1/attendance/userData","timestamp":"2025-01-03T09:39:01.625Z"}
{"level":"info","message":"Router-----store Register Form Data","timestamp":"2025-01-03T09:39:09.798Z"}
{"level":"info","message":"GET URL REQ => http://192.168.29.35:6201/api/v1/validateTokenData","timestamp":"2025-01-03T09:39:09.800Z"}
{"level":"info","message":"GET URL REQ => http://192.168.29.35:6201/api/v1/attendance/userData","timestamp":"2025-01-03T09:39:09.809Z"}
{"level":"info","message":"Router-----store Register Form Data","timestamp":"2025-01-03T09:39:10.775Z"}
{"level":"info","message":"GET URL REQ => http://192.168.29.35:6201/api/v1/validateTokenData","timestamp":"2025-01-03T09:39:10.777Z"}
{"level":"info","message":"GET URL REQ => http://192.168.29.35:6201/api/v1/attendance/userData","timestamp":"2025-01-03T09:39:10.786Z"}
{"level":"info","message":"Router-----store Register Form Data","timestamp":"2025-01-03T09:39:31.009Z"}
{"level":"info","message":"GET URL REQ => http://192.168.29.35:6201/api/v1/validateTokenData","timestamp":"2025-01-03T09:39:31.010Z"}
{"level":"info","message":"GET URL REQ => http://192.168.29.35:6201/api/v1/attendance/userData","timestamp":"2025-01-03T09:39:31.023Z"}
{"level":"info","message":"Router-----store Register Form Data","timestamp":"2025-01-03T09:39:31.938Z"}
{"level":"info","message":"GET URL REQ => http://192.168.29.35:6201/api/v1/validateTokenData","timestamp":"2025-01-03T09:39:31.939Z"}
{"level":"info","message":"GET URL REQ => http://192.168.29.35:6201/api/v1/attendance/userData","timestamp":"2025-01-03T09:39:31.942Z"}
{"level":"info","message":"Router-----store Register Form Data","timestamp":"2025-01-03T09:39:35.941Z"}
{"level":"info","message":"GET URL REQ => http://192.168.29.35:6201/api/v1/validateTokenData","timestamp":"2025-01-03T09:39:35.942Z"}
{"level":"info","message":"GET URL REQ => http://192.168.29.35:6201/api/v1/attendance/userData","timestamp":"2025-01-03T09:39:35.947Z"}
{"level":"info","message":"Router-----store Register Form Data","timestamp":"2025-01-03T09:39:37.035Z"}
{"level":"info","message":"GET URL REQ => http://192.168.29.35:6201/api/v1/validateTokenData","timestamp":"2025-01-03T09:39:37.036Z"}
{"level":"info","message":"GET URL REQ => http://192.168.29.35:6201/api/v1/attendance/userData","timestamp":"2025-01-03T09:39:37.043Z"}
{"level":"info","message":"Router-----store Register Form Data","timestamp":"2025-01-03T09:39:43.219Z"}
{"level":"info","message":"GET URL REQ => http://192.168.29.35:6201/api/v1/validateTokenData","timestamp":"2025-01-03T09:39:43.221Z"}
{"level":"info","message":"GET URL REQ => http://192.168.29.35:6201/api/v1/attendance/userData","timestamp":"2025-01-03T09:39:43.230Z"}
{"level":"info","message":"Router-----store Register Form Data","timestamp":"2025-01-03T09:39:44.149Z"}
{"level":"info","message":"GET URL REQ => http://192.168.29.35:6201/api/v1/validateTokenData","timestamp":"2025-01-03T09:39:44.150Z"}
{"level":"info","message":"GET URL REQ => http://192.168.29.35:6201/api/v1/attendance/userData","timestamp":"2025-01-03T09:39:44.154Z"}
{"level":"info","message":"Router-----store Register Form Data","timestamp":"2025-01-03T09:39:45.047Z"}
{"level":"info","message":"GET URL REQ => http://192.168.29.35:6201/api/v1/validateTokenData","timestamp":"2025-01-03T09:39:45.049Z"}
{"level":"info","message":"GET URL REQ => http://192.168.29.35:6201/api/v1/attendance/userData","timestamp":"2025-01-03T09:39:45.057Z"}
{"level":"info","message":"Router-----store Register Form Data","timestamp":"2025-01-03T09:39:46.017Z"}
{"level":"info","message":"GET URL REQ => http://192.168.29.35:6201/api/v1/validateTokenData","timestamp":"2025-01-03T09:39:46.019Z"}
{"level":"info","message":"GET URL REQ => http://192.168.29.35:6201/api/v1/attendance/userData","timestamp":"2025-01-03T09:39:46.026Z"}
{"level":"info","message":"Router-----store Register Form Data","timestamp":"2025-01-03T09:39:50.210Z"}
{"level":"info","message":"GET URL REQ => http://192.168.29.35:6201/api/v1/validateTokenData","timestamp":"2025-01-03T09:39:50.212Z"}
{"level":"info","message":"GET URL REQ => http://192.168.29.35:6201/api/v1/attendance/userData","timestamp":"2025-01-03T09:39:50.220Z"}
{"level":"info","message":"Router-----store Register Form Data","timestamp":"2025-01-03T09:39:51.180Z"}
{"level":"info","message":"GET URL REQ => http://192.168.29.35:6201/api/v1/validateTokenData","timestamp":"2025-01-03T09:39:51.182Z"}
{"level":"info","message":"GET URL REQ => http://192.168.29.35:6201/api/v1/attendance/userData","timestamp":"2025-01-03T09:39:51.186Z"}
{"level":"info","message":"Router-----store Register Form Data","timestamp":"2025-01-03T09:40:35.830Z"}
{"level":"info","message":"GET URL REQ => http://192.168.29.35:6201/api/v1/validateTokenData","timestamp":"2025-01-03T09:40:35.832Z"}
{"level":"info","message":"GET URL REQ => http://192.168.29.35:6201/api/v1/attendance/userData","timestamp":"2025-01-03T09:40:35.841Z"}
{"level":"info","message":"Router-----store Register Form Data","timestamp":"2025-01-03T09:40:36.769Z"}
{"level":"info","message":"GET URL REQ => http://192.168.29.35:6201/api/v1/validateTokenData","timestamp":"2025-01-03T09:40:36.770Z"}
{"level":"info","message":"GET URL REQ => http://192.168.29.35:6201/api/v1/attendance/userData","timestamp":"2025-01-03T09:40:36.775Z"}
{"level":"info","message":"Router-----store Register Form Data","timestamp":"2025-01-03T09:40:40.332Z"}
{"level":"info","message":"GET URL REQ => http://192.168.29.35:6201/api/v1/validateTokenData","timestamp":"2025-01-03T09:40:40.335Z"}
{"level":"info","message":"GET URL REQ => http://192.168.29.35:6201/api/v1/attendance/userData","timestamp":"2025-01-03T09:40:40.345Z"}
{"level":"info","message":"Router-----store Register Form Data","timestamp":"2025-01-03T09:40:41.160Z"}
{"level":"info","message":"GET URL REQ => http://192.168.29.35:6201/api/v1/validateTokenData","timestamp":"2025-01-03T09:40:41.161Z"}
{"level":"info","message":"GET URL REQ => http://192.168.29.35:6201/api/v1/attendance/userData","timestamp":"2025-01-03T09:40:41.167Z"}
{"level":"info","message":"Router-----store Register Form Data","timestamp":"2025-01-03T09:40:47.424Z"}
{"level":"info","message":"GET URL REQ => http://192.168.29.35:6201/api/v1/validateTokenData","timestamp":"2025-01-03T09:40:47.427Z"}
{"level":"info","message":"GET URL REQ => http://192.168.29.35:6201/api/v1/attendance/userData","timestamp":"2025-01-03T09:40:47.437Z"}
{"level":"info","message":"Router-----store Register Form Data","timestamp":"2025-01-03T09:40:48.148Z"}
{"level":"info","message":"GET URL REQ => http://192.168.29.35:6201/api/v1/validateTokenData","timestamp":"2025-01-03T09:40:48.150Z"}
{"level":"info","message":"GET URL REQ => http://192.168.29.35:6201/api/v1/attendance/userData","timestamp":"2025-01-03T09:40:48.155Z"}
{"level":"info","message":"Router-----store Register Form Data","timestamp":"2025-01-03T09:40:52.661Z"}
{"level":"info","message":"GET URL REQ => http://192.168.29.35:6201/api/v1/validateTokenData","timestamp":"2025-01-03T09:40:52.663Z"}
{"level":"info","message":"GET URL REQ => http://192.168.29.35:6201/api/v1/attendance/userData","timestamp":"2025-01-03T09:40:52.669Z"}
{"level":"info","message":"Router-----store Register Form Data","timestamp":"2025-01-03T09:40:53.599Z"}
{"level":"info","message":"GET URL REQ => http://192.168.29.35:6201/api/v1/validateTokenData","timestamp":"2025-01-03T09:40:53.601Z"}
{"level":"info","message":"GET URL REQ => http://192.168.29.35:6201/api/v1/attendance/userData","timestamp":"2025-01-03T09:40:53.605Z"}
{"level":"info","message":"Router-----store Register Form Data","timestamp":"2025-01-03T09:41:06.148Z"}
{"level":"info","message":"GET URL REQ => http://192.168.29.35:6201/api/v1/validateTokenData","timestamp":"2025-01-03T09:41:06.150Z"}
{"level":"info","message":"GET URL REQ => http://192.168.29.35:6201/api/v1/attendance/userData","timestamp":"2025-01-03T09:41:06.159Z"}
{"level":"info","message":"Router-----store Register Form Data","timestamp":"2025-01-03T09:41:07.074Z"}
{"level":"info","message":"GET URL REQ => http://192.168.29.35:6201/api/v1/validateTokenData","timestamp":"2025-01-03T09:41:07.075Z"}
{"level":"info","message":"GET URL REQ => http://192.168.29.35:6201/api/v1/attendance/userData","timestamp":"2025-01-03T09:41:07.079Z"}
{"level":"info","message":"Router-----store Register Form Data","timestamp":"2025-01-03T09:41:07.792Z"}
{"level":"info","message":"GET URL REQ => http://192.168.29.35:6201/api/v1/validateTokenData","timestamp":"2025-01-03T09:41:07.794Z"}
{"level":"info","message":"GET URL REQ => http://192.168.29.35:6201/api/v1/attendance/userData","timestamp":"2025-01-03T09:41:07.803Z"}
{"level":"info","message":"Router-----store Register Form Data","timestamp":"2025-01-03T09:41:08.734Z"}
{"level":"info","message":"GET URL REQ => http://192.168.29.35:6201/api/v1/validateTokenData","timestamp":"2025-01-03T09:41:08.736Z"}
{"level":"info","message":"GET URL REQ => http://192.168.29.35:6201/api/v1/attendance/userData","timestamp":"2025-01-03T09:41:08.743Z"}
{"level":"info","message":"Router-----store Register Form Data","timestamp":"2025-01-03T09:41:12.277Z"}
{"level":"info","message":"GET URL REQ => http://192.168.29.35:6201/api/v1/validateTokenData","timestamp":"2025-01-03T09:41:12.279Z"}
{"level":"info","message":"GET URL REQ => http://192.168.29.35:6201/api/v1/attendance/userData","timestamp":"2025-01-03T09:41:12.296Z"}
{"level":"info","message":"Router-----store Register Form Data","timestamp":"2025-01-03T09:41:13.157Z"}
{"level":"info","message":"GET URL REQ => http://192.168.29.35:6201/api/v1/validateTokenData","timestamp":"2025-01-03T09:41:13.159Z"}
{"level":"info","message":"GET URL REQ => http://192.168.29.35:6201/api/v1/attendance/userData","timestamp":"2025-01-03T09:41:13.166Z"}
{"level":"info","message":"Router-----store Register Form Data","timestamp":"2025-01-03T09:41:16.850Z"}
{"level":"info","message":"GET URL REQ => http://192.168.29.35:6201/api/v1/validateTokenData","timestamp":"2025-01-03T09:41:16.852Z"}
{"level":"info","message":"GET URL REQ => http://192.168.29.35:6201/api/v1/attendance/userData","timestamp":"2025-01-03T09:41:16.860Z"}
{"level":"info","message":"Router-----store Register Form Data","timestamp":"2025-01-03T09:41:17.786Z"}
{"level":"info","message":"GET URL REQ => http://192.168.29.35:6201/api/v1/validateTokenData","timestamp":"2025-01-03T09:41:17.788Z"}
{"level":"info","message":"GET URL REQ => http://192.168.29.35:6201/api/v1/attendance/userData","timestamp":"2025-01-03T09:41:17.793Z"}
{"level":"info","message":"Router-----store Register Form Data","timestamp":"2025-01-03T09:41:20.278Z"}
{"level":"info","message":"GET URL REQ => http://192.168.29.35:6201/api/v1/validateTokenData","timestamp":"2025-01-03T09:41:20.281Z"}
{"level":"info","message":"GET URL REQ => http://192.168.29.35:6201/api/v1/attendance/userData","timestamp":"2025-01-03T09:41:20.290Z"}
{"level":"info","message":"Router-----store Register Form Data","timestamp":"2025-01-03T09:41:21.103Z"}
{"level":"info","message":"GET URL REQ => http://192.168.29.35:6201/api/v1/validateTokenData","timestamp":"2025-01-03T09:41:21.104Z"}
{"level":"info","message":"GET URL REQ => http://192.168.29.35:6201/api/v1/attendance/userData","timestamp":"2025-01-03T09:41:21.108Z"}
{"level":"info","message":"Router-----store Register Form Data","timestamp":"2025-01-03T09:41:22.109Z"}
{"level":"info","message":"GET URL REQ => http://192.168.29.35:6201/api/v1/validateTokenData","timestamp":"2025-01-03T09:41:22.110Z"}
{"level":"info","message":"GET URL REQ => http://192.168.29.35:6201/api/v1/attendance/userData","timestamp":"2025-01-03T09:41:22.115Z"}
{"level":"info","message":"Router-----store Register Form Data","timestamp":"2025-01-03T09:41:22.937Z"}
{"level":"info","message":"GET URL REQ => http://192.168.29.35:6201/api/v1/validateTokenData","timestamp":"2025-01-03T09:41:22.938Z"}
{"level":"info","message":"GET URL REQ => http://192.168.29.35:6201/api/v1/attendance/userData","timestamp":"2025-01-03T09:41:22.943Z"}
{"level":"info","message":"Router-----store Register Form Data","timestamp":"2025-01-03T09:41:36.452Z"}
{"level":"info","message":"GET URL REQ => http://192.168.29.35:6201/api/v1/validateTokenData","timestamp":"2025-01-03T09:41:36.455Z"}
{"level":"info","message":"GET URL REQ => http://192.168.29.35:6201/api/v1/attendance/userData","timestamp":"2025-01-03T09:41:36.465Z"}
{"level":"info","message":"Router-----store Register Form Data","timestamp":"2025-01-03T09:41:36.773Z"}
{"level":"info","message":"GET URL REQ => http://192.168.29.35:6201/api/v1/validateTokenData","timestamp":"2025-01-03T09:41:36.774Z"}
{"level":"info","message":"GET URL REQ => http://192.168.29.35:6201/api/v1/attendance/userData","timestamp":"2025-01-03T09:41:36.780Z"}
{"level":"info","message":"Router-----store Register Form Data","timestamp":"2025-01-03T09:41:37.791Z"}
{"level":"info","message":"GET URL REQ => http://192.168.29.35:6201/api/v1/validateTokenData","timestamp":"2025-01-03T09:41:37.795Z"}
{"level":"info","message":"GET URL REQ => http://192.168.29.35:6201/api/v1/attendance/userData","timestamp":"2025-01-03T09:41:37.814Z"}
{"level":"info","message":"Router-----store Register Form Data","timestamp":"2025-01-03T09:42:51.380Z"}
{"level":"info","message":"GET URL REQ => http://192.168.29.35:6201/api/v1/validateTokenData","timestamp":"2025-01-03T09:42:51.382Z"}
{"level":"info","message":"GET URL REQ => http://192.168.29.35:6201/api/v1/attendance/userData","timestamp":"2025-01-03T09:42:51.390Z"}
{"level":"info","message":"Router-----store Register Form Data","timestamp":"2025-01-03T09:42:52.290Z"}
{"level":"info","message":"GET URL REQ => http://192.168.29.35:6201/api/v1/validateTokenData","timestamp":"2025-01-03T09:42:52.292Z"}
{"level":"info","message":"GET URL REQ => http://192.168.29.35:6201/api/v1/attendance/userData","timestamp":"2025-01-03T09:42:52.298Z"}
{"level":"info","message":"Router-----store Register Form Data","timestamp":"2025-01-03T09:43:09.204Z"}
{"level":"info","message":"GET URL REQ => http://192.168.29.35:6201/api/v1/validateTokenData","timestamp":"2025-01-03T09:43:09.206Z"}
{"level":"info","message":"GET URL REQ => http://192.168.29.35:6201/api/v1/attendance/userData","timestamp":"2025-01-03T09:43:09.219Z"}
{"level":"info","message":"Router-----store Register Form Data","timestamp":"2025-01-03T09:43:10.180Z"}
{"level":"info","message":"GET URL REQ => http://192.168.29.35:6201/api/v1/validateTokenData","timestamp":"2025-01-03T09:43:10.184Z"}
{"level":"info","message":"GET URL REQ => http://192.168.29.35:6201/api/v1/attendance/userData","timestamp":"2025-01-03T09:43:10.198Z"}
{"level":"info","message":"Router-----store Register Form Data","timestamp":"2025-01-03T09:43:17.381Z"}
{"level":"info","message":"GET URL REQ => http://192.168.29.35:6201/api/v1/validateTokenData","timestamp":"2025-01-03T09:43:17.383Z"}
{"level":"info","message":"GET URL REQ => http://192.168.29.35:6201/api/v1/attendance/userData","timestamp":"2025-01-03T09:43:17.393Z"}
{"level":"info","message":"Router-----store Register Form Data","timestamp":"2025-01-03T09:43:18.323Z"}
{"level":"info","message":"GET URL REQ => http://192.168.29.35:6201/api/v1/validateTokenData","timestamp":"2025-01-03T09:43:18.325Z"}
{"level":"info","message":"GET URL REQ => http://192.168.29.35:6201/api/v1/attendance/userData","timestamp":"2025-01-03T09:43:18.330Z"}
{"level":"info","message":"Router-----store Register Form Data","timestamp":"2025-01-03T09:43:22.705Z"}
{"level":"info","message":"GET URL REQ => http://192.168.29.35:6201/api/v1/validateTokenData","timestamp":"2025-01-03T09:43:22.708Z"}
{"level":"info","message":"GET URL REQ => http://192.168.29.35:6201/api/v1/attendance/userData","timestamp":"2025-01-03T09:43:22.717Z"}
{"level":"info","message":"Router-----store Register Form Data","timestamp":"2025-01-03T09:43:23.649Z"}
{"level":"info","message":"GET URL REQ => http://192.168.29.35:6201/api/v1/validateTokenData","timestamp":"2025-01-03T09:43:23.651Z"}
{"level":"info","message":"GET URL REQ => http://192.168.29.35:6201/api/v1/attendance/userData","timestamp":"2025-01-03T09:43:23.655Z"}
{"level":"info","message":"Router-----store Register Form Data","timestamp":"2025-01-03T09:43:32.853Z"}
{"level":"info","message":"GET URL REQ => http://192.168.29.35:6201/api/v1/validateTokenData","timestamp":"2025-01-03T09:43:32.855Z"}
{"level":"info","message":"GET URL REQ => http://192.168.29.35:6201/api/v1/attendance/userData","timestamp":"2025-01-03T09:43:32.865Z"}
{"level":"info","message":"Router-----store Register Form Data","timestamp":"2025-01-03T09:43:33.800Z"}
{"level":"info","message":"GET URL REQ => http://192.168.29.35:6201/api/v1/validateTokenData","timestamp":"2025-01-03T09:43:33.803Z"}
{"level":"info","message":"GET URL REQ => http://192.168.29.35:6201/api/v1/attendance/userData","timestamp":"2025-01-03T09:43:33.812Z"}
{"level":"info","message":"Router-----store Register Form Data","timestamp":"2025-01-03T09:43:36.444Z"}
{"level":"info","message":"GET URL REQ => http://192.168.29.35:6201/api/v1/validateTokenData","timestamp":"2025-01-03T09:43:36.445Z"}
{"level":"info","message":"GET URL REQ => http://192.168.29.35:6201/api/v1/attendance/userData","timestamp":"2025-01-03T09:43:36.453Z"}
{"level":"info","message":"Router-----store Register Form Data","timestamp":"2025-01-03T09:43:37.398Z"}
{"level":"info","message":"GET URL REQ => http://192.168.29.35:6201/api/v1/validateTokenData","timestamp":"2025-01-03T09:43:37.400Z"}
{"level":"info","message":"GET URL REQ => http://192.168.29.35:6201/api/v1/attendance/userData","timestamp":"2025-01-03T09:43:37.406Z"}
{"level":"info","message":"Router-----store Register Form Data","timestamp":"2025-01-03T09:43:44.599Z"}
{"level":"info","message":"GET URL REQ => http://192.168.29.35:6201/api/v1/validateTokenData","timestamp":"2025-01-03T09:43:44.600Z"}
{"level":"info","message":"GET URL REQ => http://192.168.29.35:6201/api/v1/attendance/userData","timestamp":"2025-01-03T09:43:44.603Z"}
{"level":"info","message":"Router-----store Register Form Data","timestamp":"2025-01-03T09:43:45.534Z"}
{"level":"info","message":"GET URL REQ => http://192.168.29.35:6201/api/v1/validateTokenData","timestamp":"2025-01-03T09:43:45.536Z"}
{"level":"info","message":"GET URL REQ => http://192.168.29.35:6201/api/v1/attendance/userData","timestamp":"2025-01-03T09:43:45.541Z"}
{"level":"info","message":"Router-----store Register Form Data","timestamp":"2025-01-03T09:43:46.271Z"}
{"level":"info","message":"GET URL REQ => http://192.168.29.35:6201/api/v1/validateTokenData","timestamp":"2025-01-03T09:43:46.273Z"}
{"level":"info","message":"GET URL REQ => http://192.168.29.35:6201/api/v1/attendance/userData","timestamp":"2025-01-03T09:43:46.281Z"}
{"level":"info","message":"Router-----store Register Form Data","timestamp":"2025-01-03T09:43:47.240Z"}
{"level":"info","message":"GET URL REQ => http://192.168.29.35:6201/api/v1/validateTokenData","timestamp":"2025-01-03T09:43:47.242Z"}
{"level":"info","message":"GET URL REQ => http://192.168.29.35:6201/api/v1/attendance/userData","timestamp":"2025-01-03T09:43:47.247Z"}
{"level":"info","message":"Router-----store Register Form Data","timestamp":"2025-01-03T09:44:47.935Z"}
{"level":"info","message":"GET URL REQ => http://192.168.29.35:6201/api/v1/validateTokenData","timestamp":"2025-01-03T09:44:47.938Z"}
{"level":"info","message":"GET URL REQ => http://192.168.29.35:6201/api/v1/attendance/userData","timestamp":"2025-01-03T09:44:47.950Z"}
{"level":"info","message":"Router-----store Register Form Data","timestamp":"2025-01-03T09:44:49.222Z"}
{"level":"info","message":"GET URL REQ => http://192.168.29.35:6201/api/v1/validateTokenData","timestamp":"2025-01-03T09:44:49.223Z"}
{"level":"info","message":"GET URL REQ => http://192.168.29.35:6201/api/v1/attendance/userData","timestamp":"2025-01-03T09:44:49.229Z"}
{"level":"info","message":"Router-----store Register Form Data","timestamp":"2025-01-03T09:44:49.810Z"}
{"level":"info","message":"GET URL REQ => http://192.168.29.35:6201/api/v1/validateTokenData","timestamp":"2025-01-03T09:44:49.811Z"}
{"level":"info","message":"GET URL REQ => http://192.168.29.35:6201/api/v1/attendance/userData","timestamp":"2025-01-03T09:44:49.817Z"}
{"level":"info","message":"Router-----store Register Form Data","timestamp":"2025-01-03T09:45:28.213Z"}
{"level":"info","message":"GET URL REQ => http://192.168.29.35:6201/api/v1/validateTokenData","timestamp":"2025-01-03T09:45:28.215Z"}
{"level":"info","message":"GET URL REQ => http://192.168.29.35:6201/api/v1/attendance/userData","timestamp":"2025-01-03T09:45:28.223Z"}
{"level":"info","message":"Router-----store Register Form Data","timestamp":"2025-01-03T09:45:29.177Z"}
{"level":"info","message":"GET URL REQ => http://192.168.29.35:6201/api/v1/validateTokenData","timestamp":"2025-01-03T09:45:29.177Z"}
{"level":"info","message":"GET URL REQ => http://192.168.29.35:6201/api/v1/attendance/userData","timestamp":"2025-01-03T09:45:29.180Z"}
{"level":"info","message":"Router-----store Register Form Data","timestamp":"2025-01-03T09:45:37.735Z"}
{"level":"info","message":"GET URL REQ => http://192.168.29.35:6201/api/v1/validateTokenData","timestamp":"2025-01-03T09:45:37.737Z"}
{"level":"info","message":"GET URL REQ => http://192.168.29.35:6201/api/v1/attendance/userData","timestamp":"2025-01-03T09:45:37.744Z"}
{"level":"info","message":"Router-----store Register Form Data","timestamp":"2025-01-03T09:45:37.883Z"}
{"level":"info","message":"GET URL REQ => http://192.168.29.35:6201/api/v1/validateTokenData","timestamp":"2025-01-03T09:45:37.884Z"}
{"level":"info","message":"GET URL REQ => http://192.168.29.35:6201/api/v1/attendance/userData","timestamp":"2025-01-03T09:45:37.889Z"}
{"level":"info","message":"Router-----store Register Form Data","timestamp":"2025-01-03T09:45:47.696Z"}
{"level":"info","message":"GET URL REQ => http://192.168.29.35:6201/api/v1/validateTokenData","timestamp":"2025-01-03T09:45:47.698Z"}
{"level":"info","message":"GET URL REQ => http://192.168.29.35:6201/api/v1/attendance/userData","timestamp":"2025-01-03T09:45:47.707Z"}
{"level":"info","message":"Router-----store Register Form Data","timestamp":"2025-01-03T09:45:48.621Z"}
{"level":"info","message":"GET URL REQ => http://192.168.29.35:6201/api/v1/validateTokenData","timestamp":"2025-01-03T09:45:48.622Z"}
{"level":"info","message":"GET URL REQ => http://192.168.29.35:6201/api/v1/attendance/userData","timestamp":"2025-01-03T09:45:48.626Z"}
{"level":"info","message":"Router-----store Register Form Data","timestamp":"2025-01-03T09:47:15.856Z"}
{"level":"info","message":"GET URL REQ => http://192.168.29.35:6201/api/v1/validateTokenData","timestamp":"2025-01-03T09:47:15.857Z"}
{"level":"info","message":"GET URL REQ => http://192.168.29.35:6201/api/v1/attendance/userData","timestamp":"2025-01-03T09:47:15.862Z"}
{"level":"info","message":"Router-----store Register Form Data","timestamp":"2025-01-03T09:47:16.852Z"}
{"level":"info","message":"GET URL REQ => http://192.168.29.35:6201/api/v1/validateTokenData","timestamp":"2025-01-03T09:47:16.853Z"}
{"level":"info","message":"GET URL REQ => http://192.168.29.35:6201/api/v1/attendance/userData","timestamp":"2025-01-03T09:47:16.858Z"}
{"level":"info","message":"Router-----store Register Form Data","timestamp":"2025-01-03T09:47:17.320Z"}
{"level":"info","message":"GET URL REQ => http://192.168.29.35:6201/api/v1/validateTokenData","timestamp":"2025-01-03T09:47:17.323Z"}
{"level":"info","message":"GET URL REQ => http://192.168.29.35:6201/api/v1/attendance/userData","timestamp":"2025-01-03T09:47:17.336Z"}
{"level":"info","message":"Router-----store Register Form Data","timestamp":"2025-01-03T09:47:17.713Z"}
{"level":"info","message":"GET URL REQ => http://192.168.29.35:6201/api/v1/validateTokenData","timestamp":"2025-01-03T09:47:17.715Z"}
{"level":"info","message":"GET URL REQ => http://192.168.29.35:6201/api/v1/attendance/userData","timestamp":"2025-01-03T09:47:17.720Z"}
{"level":"info","message":"Router-----store Register Form Data","timestamp":"2025-01-03T09:47:18.690Z"}
{"level":"info","message":"GET URL REQ => http://192.168.29.35:6201/api/v1/validateTokenData","timestamp":"2025-01-03T09:47:18.691Z"}
{"level":"info","message":"GET URL REQ => http://192.168.29.35:6201/api/v1/attendance/userData","timestamp":"2025-01-03T09:47:18.696Z"}
{"level":"info","message":"Router-----store Register Form Data","timestamp":"2025-01-03T09:47:25.336Z"}
{"level":"info","message":"GET URL REQ => http://192.168.29.35:6201/api/v1/validateTokenData","timestamp":"2025-01-03T09:47:25.338Z"}
{"level":"info","message":"GET URL REQ => http://192.168.29.35:6201/api/v1/attendance/userData","timestamp":"2025-01-03T09:47:25.347Z"}
{"level":"info","message":"Router-----store Register Form Data","timestamp":"2025-01-03T09:47:26.221Z"}
{"level":"info","message":"GET URL REQ => http://192.168.29.35:6201/api/v1/validateTokenData","timestamp":"2025-01-03T09:47:26.223Z"}
{"level":"info","message":"GET URL REQ => http://192.168.29.35:6201/api/v1/attendance/userData","timestamp":"2025-01-03T09:47:26.229Z"}
{"level":"info","message":"Router-----store Register Form Data","timestamp":"2025-01-03T09:47:28.184Z"}
{"level":"info","message":"GET URL REQ => http://192.168.29.35:6201/api/v1/validateTokenData","timestamp":"2025-01-03T09:47:28.186Z"}
{"level":"info","message":"GET URL REQ => http://192.168.29.35:6201/api/v1/attendance/userData","timestamp":"2025-01-03T09:47:28.194Z"}
{"level":"info","message":"Router-----store Register Form Data","timestamp":"2025-01-03T09:47:29.142Z"}
{"level":"info","message":"GET URL REQ => http://192.168.29.35:6201/api/v1/validateTokenData","timestamp":"2025-01-03T09:47:29.144Z"}
{"level":"info","message":"GET URL REQ => http://192.168.29.35:6201/api/v1/attendance/userData","timestamp":"2025-01-03T09:47:29.151Z"}
{"level":"info","message":"Router-----store Register Form Data","timestamp":"2025-01-03T09:47:39.735Z"}
{"level":"info","message":"GET URL REQ => http://192.168.29.35:6201/api/v1/validateTokenData","timestamp":"2025-01-03T09:47:39.738Z"}
{"level":"info","message":"GET URL REQ => http://192.168.29.35:6201/api/v1/attendance/userData","timestamp":"2025-01-03T09:47:39.753Z"}
{"level":"info","message":"Router-----store Register Form Data","timestamp":"2025-01-03T09:47:40.488Z"}
{"level":"info","message":"GET URL REQ => http://192.168.29.35:6201/api/v1/validateTokenData","timestamp":"2025-01-03T09:47:40.489Z"}
{"level":"info","message":"GET URL REQ => http://192.168.29.35:6201/api/v1/attendance/userData","timestamp":"2025-01-03T09:47:40.494Z"}
{"level":"info","message":"Router-----store Register Form Data","timestamp":"2025-01-03T09:47:43.772Z"}
{"level":"info","message":"GET URL REQ => http://192.168.29.35:6201/api/v1/validateTokenData","timestamp":"2025-01-03T09:47:43.773Z"}
{"level":"info","message":"GET URL REQ => http://192.168.29.35:6201/api/v1/attendance/userData","timestamp":"2025-01-03T09:47:43.779Z"}
{"level":"info","message":"Router-----store Register Form Data","timestamp":"2025-01-03T09:47:44.743Z"}
{"level":"info","message":"GET URL REQ => http://192.168.29.35:6201/api/v1/validateTokenData","timestamp":"2025-01-03T09:47:44.744Z"}
{"level":"info","message":"GET URL REQ => http://192.168.29.35:6201/api/v1/attendance/userData","timestamp":"2025-01-03T09:47:44.755Z"}
{"level":"info","message":"Router-----store Register Form Data","timestamp":"2025-01-03T09:47:51.421Z"}
{"level":"info","message":"GET URL REQ => http://192.168.29.35:6201/api/v1/validateTokenData","timestamp":"2025-01-03T09:47:51.423Z"}
{"level":"info","message":"GET URL REQ => http://192.168.29.35:6201/api/v1/attendance/userData","timestamp":"2025-01-03T09:47:51.431Z"}
{"level":"info","message":"Router-----store Register Form Data","timestamp":"2025-01-03T09:47:52.047Z"}
{"level":"info","message":"GET URL REQ => http://192.168.29.35:6201/api/v1/validateTokenData","timestamp":"2025-01-03T09:47:52.048Z"}
{"level":"info","message":"GET URL REQ => http://192.168.29.35:6201/api/v1/attendance/userData","timestamp":"2025-01-03T09:47:52.052Z"}
{"level":"info","message":"Router-----store Register Form Data","timestamp":"2025-01-03T09:47:52.816Z"}
{"level":"info","message":"GET URL REQ => http://192.168.29.35:6201/api/v1/validateTokenData","timestamp":"2025-01-03T09:47:52.818Z"}
{"level":"info","message":"GET URL REQ => http://192.168.29.35:6201/api/v1/attendance/userData","timestamp":"2025-01-03T09:47:52.825Z"}
{"level":"info","message":"Router-----store Register Form Data","timestamp":"2025-01-03T09:48:02.137Z"}
{"level":"info","message":"GET URL REQ => http://192.168.29.35:6201/api/v1/validateTokenData","timestamp":"2025-01-03T09:48:02.139Z"}
{"level":"info","message":"GET URL REQ => http://192.168.29.35:6201/api/v1/attendance/userData","timestamp":"2025-01-03T09:48:02.149Z"}
{"level":"info","message":"Router-----store Register Form Data","timestamp":"2025-01-03T09:48:03.114Z"}
{"level":"info","message":"GET URL REQ => http://192.168.29.35:6201/api/v1/validateTokenData","timestamp":"2025-01-03T09:48:03.117Z"}
{"level":"info","message":"GET URL REQ => http://192.168.29.35:6201/api/v1/attendance/userData","timestamp":"2025-01-03T09:48:03.130Z"}
{"level":"info","message":"Router-----store Register Form Data","timestamp":"2025-01-03T09:48:05.563Z"}
{"level":"info","message":"GET URL REQ => http://192.168.29.35:6201/api/v1/validateTokenData","timestamp":"2025-01-03T09:48:05.564Z"}
{"level":"info","message":"GET URL REQ => http://192.168.29.35:6201/api/v1/attendance/userData","timestamp":"2025-01-03T09:48:05.574Z"}
{"level":"info","message":"Router-----store Register Form Data","timestamp":"2025-01-03T09:48:06.419Z"}
{"level":"info","message":"GET URL REQ => http://192.168.29.35:6201/api/v1/validateTokenData","timestamp":"2025-01-03T09:48:06.420Z"}
{"level":"info","message":"GET URL REQ => http://192.168.29.35:6201/api/v1/attendance/userData","timestamp":"2025-01-03T09:48:06.425Z"}
{"level":"info","message":"Router-----store Register Form Data","timestamp":"2025-01-03T09:48:09.588Z"}
{"level":"info","message":"GET URL REQ => http://192.168.29.35:6201/api/v1/validateTokenData","timestamp":"2025-01-03T09:48:09.590Z"}
{"level":"info","message":"GET URL REQ => http://192.168.29.35:6201/api/v1/attendance/userData","timestamp":"2025-01-03T09:48:09.597Z"}
{"level":"info","message":"Router-----store Register Form Data","timestamp":"2025-01-03T09:48:10.568Z"}
{"level":"info","message":"GET URL REQ => http://192.168.29.35:6201/api/v1/validateTokenData","timestamp":"2025-01-03T09:48:10.570Z"}
{"level":"info","message":"GET URL REQ => http://192.168.29.35:6201/api/v1/attendance/userData","timestamp":"2025-01-03T09:48:10.578Z"}
{"level":"info","message":"Router-----store Register Form Data","timestamp":"2025-01-03T09:48:13.491Z"}
{"level":"info","message":"GET URL REQ => http://192.168.29.35:6201/api/v1/validateTokenData","timestamp":"2025-01-03T09:48:13.493Z"}
{"level":"info","message":"GET URL REQ => http://192.168.29.35:6201/api/v1/attendance/userData","timestamp":"2025-01-03T09:48:13.502Z"}
{"level":"info","message":"Router-----store Register Form Data","timestamp":"2025-01-03T09:48:14.441Z"}
{"level":"info","message":"GET URL REQ => http://192.168.29.35:6201/api/v1/validateTokenData","timestamp":"2025-01-03T09:48:14.442Z"}
{"level":"info","message":"GET URL REQ => http://192.168.29.35:6201/api/v1/attendance/userData","timestamp":"2025-01-03T09:48:14.448Z"}
{"level":"info","message":"Router-----store Register Form Data","timestamp":"2025-01-03T09:48:16.484Z"}
{"level":"info","message":"GET URL REQ => http://192.168.29.35:6201/api/v1/validateTokenData","timestamp":"2025-01-03T09:48:16.487Z"}
{"level":"info","message":"GET URL REQ => http://192.168.29.35:6201/api/v1/attendance/userData","timestamp":"2025-01-03T09:48:16.492Z"}
{"level":"info","message":"Router-----store Register Form Data","timestamp":"2025-01-03T09:48:17.423Z"}
{"level":"info","message":"GET URL REQ => http://192.168.29.35:6201/api/v1/validateTokenData","timestamp":"2025-01-03T09:48:17.424Z"}
{"level":"info","message":"GET URL REQ => http://192.168.29.35:6201/api/v1/attendance/userData","timestamp":"2025-01-03T09:48:17.429Z"}
{"level":"info","message":"Router-----store Register Form Data","timestamp":"2025-01-03T09:48:20.981Z"}
{"level":"info","message":"GET URL REQ => http://192.168.29.35:6201/api/v1/validateTokenData","timestamp":"2025-01-03T09:48:20.983Z"}
{"level":"info","message":"GET URL REQ => http://192.168.29.35:6201/api/v1/attendance/userData","timestamp":"2025-01-03T09:48:20.993Z"}
{"level":"info","message":"Router-----store Register Form Data","timestamp":"2025-01-03T09:48:21.320Z"}
{"level":"info","message":"GET URL REQ => http://192.168.29.35:6201/api/v1/validateTokenData","timestamp":"2025-01-03T09:48:21.321Z"}
{"level":"info","message":"GET URL REQ => http://192.168.29.35:6201/api/v1/attendance/userData","timestamp":"2025-01-03T09:48:21.324Z"}
{"level":"info","message":"Router-----store Register Form Data","timestamp":"2025-01-03T09:48:22.283Z"}
{"level":"info","message":"GET URL REQ => http://192.168.29.35:6201/api/v1/validateTokenData","timestamp":"2025-01-03T09:48:22.285Z"}
{"level":"info","message":"GET URL REQ => http://192.168.29.35:6201/api/v1/attendance/userData","timestamp":"2025-01-03T09:48:22.293Z"}
{"level":"info","message":"Router-----store Register Form Data","timestamp":"2025-01-03T09:48:33.521Z"}
{"level":"info","message":"GET URL REQ => http://192.168.29.35:6201/api/v1/validateTokenData","timestamp":"2025-01-03T09:48:33.523Z"}
{"level":"info","message":"GET URL REQ => http://192.168.29.35:6201/api/v1/attendance/userData","timestamp":"2025-01-03T09:48:33.534Z"}
{"level":"info","message":"Router-----store Register Form Data","timestamp":"2025-01-03T09:48:34.404Z"}
{"level":"info","message":"GET URL REQ => http://192.168.29.35:6201/api/v1/validateTokenData","timestamp":"2025-01-03T09:48:34.407Z"}
{"level":"info","message":"GET URL REQ => http://192.168.29.35:6201/api/v1/attendance/userData","timestamp":"2025-01-03T09:48:34.414Z"}
{"level":"info","message":"Router-----store Register Form Data","timestamp":"2025-01-03T09:48:37.197Z"}
{"level":"info","message":"GET URL REQ => http://192.168.29.35:6201/api/v1/validateTokenData","timestamp":"2025-01-03T09:48:37.198Z"}
{"level":"info","message":"GET URL REQ => http://192.168.29.35:6201/api/v1/attendance/userData","timestamp":"2025-01-03T09:48:37.203Z"}
{"level":"info","message":"Router-----store Register Form Data","timestamp":"2025-01-03T09:48:38.159Z"}
{"level":"info","message":"GET URL REQ => http://192.168.29.35:6201/api/v1/validateTokenData","timestamp":"2025-01-03T09:48:38.160Z"}
{"level":"info","message":"GET URL REQ => http://192.168.29.35:6201/api/v1/attendance/userData","timestamp":"2025-01-03T09:48:38.164Z"}
{"level":"info","message":"Router-----store Register Form Data","timestamp":"2025-01-03T09:50:56.365Z"}
{"level":"info","message":"GET URL REQ => http://192.168.29.35:6201/api/v1/validateTokenData","timestamp":"2025-01-03T09:50:56.366Z"}
{"level":"info","message":"GET URL REQ => http://192.168.29.35:6201/api/v1/attendance/userData","timestamp":"2025-01-03T09:50:56.373Z"}
{"level":"info","message":"Router-----store Register Form Data","timestamp":"2025-01-03T09:50:58.544Z"}
{"level":"info","message":"GET URL REQ => http://192.168.29.35:6201/api/v1/validateTokenData","timestamp":"2025-01-03T09:50:58.545Z"}
{"level":"info","message":"GET URL REQ => http://192.168.29.35:6201/api/v1/attendance/userData","timestamp":"2025-01-03T09:50:58.549Z"}
{"level":"info","message":"Router-----store Register Form Data","timestamp":"2025-01-03T09:51:59.006Z"}
{"level":"info","message":"GET URL REQ => http://192.168.29.35:6201/api/v1/validateTokenData","timestamp":"2025-01-03T09:51:59.008Z"}
{"level":"info","message":"GET URL REQ => http://192.168.29.35:6201/api/v1/attendance/userData","timestamp":"2025-01-03T09:51:59.013Z"}
{"level":"info","message":"Router-----store Register Form Data","timestamp":"2025-01-03T09:52:04.289Z"}
{"level":"info","message":"GET URL REQ => http://192.168.29.35:6201/api/v1/validateTokenData","timestamp":"2025-01-03T09:52:04.290Z"}
{"level":"info","message":"GET URL REQ => http://192.168.29.35:6201/api/v1/attendance/userData","timestamp":"2025-01-03T09:52:04.295Z"}
{"level":"info","message":"Router-----store Register Form Data","timestamp":"2025-01-03T09:52:05.205Z"}
{"level":"info","message":"GET URL REQ => http://192.168.29.35:6201/api/v1/validateTokenData","timestamp":"2025-01-03T09:52:05.207Z"}
{"level":"info","message":"GET URL REQ => http://192.168.29.35:6201/api/v1/attendance/userData","timestamp":"2025-01-03T09:52:05.216Z"}
{"level":"info","message":"Router-----store Register Form Data","timestamp":"2025-01-03T09:54:49.049Z"}
{"level":"info","message":"GET URL REQ => http://192.168.29.35:6201/api/v1/validateTokenData","timestamp":"2025-01-03T09:54:49.049Z"}
{"level":"info","message":"GET URL REQ => http://192.168.29.35:6201/api/v1/attendance/userData","timestamp":"2025-01-03T09:54:49.054Z"}
{"level":"info","message":"Router-----store Register Form Data","timestamp":"2025-01-03T09:54:49.800Z"}
{"level":"info","message":"GET URL REQ => http://192.168.29.35:6201/api/v1/validateTokenData","timestamp":"2025-01-03T09:54:49.801Z"}
{"level":"info","message":"GET URL REQ => http://192.168.29.35:6201/api/v1/attendance/userData","timestamp":"2025-01-03T09:54:49.806Z"}
{"level":"info","message":"Router-----store Register Form Data","timestamp":"2025-01-03T09:54:50.057Z"}
{"level":"info","message":"GET URL REQ => http://192.168.29.35:6201/api/v1/validateTokenData","timestamp":"2025-01-03T09:54:50.058Z"}
{"level":"info","message":"GET URL REQ => http://192.168.29.35:6201/api/v1/attendance/userData","timestamp":"2025-01-03T09:54:50.064Z"}
{"level":"info","message":"Router-----store Register Form Data","timestamp":"2025-01-03T09:54:56.936Z"}
{"level":"info","message":"GET URL REQ => http://192.168.29.35:6201/api/v1/validateTokenData","timestamp":"2025-01-03T09:54:56.937Z"}
{"level":"info","message":"GET URL REQ => http://192.168.29.35:6201/api/v1/attendance/userData","timestamp":"2025-01-03T09:54:56.941Z"}
{"level":"info","message":"Router-----store Register Form Data","timestamp":"2025-01-03T09:54:57.913Z"}
{"level":"info","message":"GET URL REQ => http://192.168.29.35:6201/api/v1/validateTokenData","timestamp":"2025-01-03T09:54:57.916Z"}
{"level":"info","message":"GET URL REQ => http://192.168.29.35:6201/api/v1/attendance/userData","timestamp":"2025-01-03T09:54:57.926Z"}
{"level":"info","message":"Router-----store Register Form Data","timestamp":"2025-01-03T09:54:57.936Z"}
{"level":"info","message":"GET URL REQ => http://192.168.29.35:6201/api/v1/validateTokenData","timestamp":"2025-01-03T09:54:57.937Z"}
{"level":"info","message":"GET URL REQ => http://192.168.29.35:6201/api/v1/attendance/userData","timestamp":"2025-01-03T09:54:57.941Z"}
{"level":"info","message":"Router-----store Register Form Data","timestamp":"2025-01-03T09:55:03.555Z"}
{"level":"info","message":"GET URL REQ => http://192.168.29.35:6201/api/v1/validateTokenData","timestamp":"2025-01-03T09:55:03.556Z"}
{"level":"info","message":"GET URL REQ => http://192.168.29.35:6201/api/v1/attendance/userData","timestamp":"2025-01-03T09:55:03.561Z"}
{"level":"info","message":"Router-----store Register Form Data","timestamp":"2025-01-03T09:55:03.736Z"}
{"level":"info","message":"GET URL REQ => http://192.168.29.35:6201/api/v1/validateTokenData","timestamp":"2025-01-03T09:55:03.738Z"}
{"level":"info","message":"GET URL REQ => http://192.168.29.35:6201/api/v1/attendance/userData","timestamp":"2025-01-03T09:55:03.748Z"}
{"level":"info","message":"Router-----store Register Form Data","timestamp":"2025-01-03T09:55:08.807Z"}
{"level":"info","message":"GET URL REQ => http://192.168.29.35:6201/api/v1/validateTokenData","timestamp":"2025-01-03T09:55:08.808Z"}
{"level":"info","message":"GET URL REQ => http://192.168.29.35:6201/api/v1/attendance/userData","timestamp":"2025-01-03T09:55:08.815Z"}
{"level":"info","message":"Router-----store Register Form Data","timestamp":"2025-01-03T09:55:08.857Z"}
{"level":"info","message":"GET URL REQ => http://192.168.29.35:6201/api/v1/validateTokenData","timestamp":"2025-01-03T09:55:08.859Z"}
{"level":"info","message":"GET URL REQ => http://192.168.29.35:6201/api/v1/attendance/userData","timestamp":"2025-01-03T09:55:08.866Z"}
{"level":"info","message":"Router-----store Register Form Data","timestamp":"2025-01-03T09:55:20.327Z"}
{"level":"info","message":"GET URL REQ => http://192.168.29.35:6201/api/v1/validateTokenData","timestamp":"2025-01-03T09:55:20.328Z"}
{"level":"info","message":"GET URL REQ => http://192.168.29.35:6201/api/v1/attendance/userData","timestamp":"2025-01-03T09:55:20.334Z"}
{"level":"info","message":"Router-----store Register Form Data","timestamp":"2025-01-03T09:55:22.867Z"}
{"level":"info","message":"GET URL REQ => http://192.168.29.35:6201/api/v1/validateTokenData","timestamp":"2025-01-03T09:55:22.870Z"}
{"level":"info","message":"GET URL REQ => http://192.168.29.35:6201/api/v1/attendance/userData","timestamp":"2025-01-03T09:55:22.875Z"}
{"level":"info","message":"Router-----store Register Form Data","timestamp":"2025-01-03T09:55:25.360Z"}
{"level":"info","message":"GET URL REQ => http://192.168.29.35:6201/api/v1/validateTokenData","timestamp":"2025-01-03T09:55:25.362Z"}
{"level":"info","message":"GET URL REQ => http://192.168.29.35:6201/api/v1/attendance/userData","timestamp":"2025-01-03T09:55:25.367Z"}
{"level":"info","message":"Router-----store Register Form Data","timestamp":"2025-01-03T09:55:33.962Z"}
{"level":"info","message":"GET URL REQ => http://192.168.29.35:6201/api/v1/validateTokenData","timestamp":"2025-01-03T09:55:33.964Z"}
{"level":"info","message":"GET URL REQ => http://192.168.29.35:6201/api/v1/attendance/userData","timestamp":"2025-01-03T09:55:33.969Z"}
{"level":"info","message":"Router-----store Register Form Data","timestamp":"2025-01-03T09:55:39.251Z"}
{"level":"info","message":"GET URL REQ => http://192.168.29.35:6201/api/v1/validateTokenData","timestamp":"2025-01-03T09:55:39.252Z"}
{"level":"info","message":"GET URL REQ => http://192.168.29.35:6201/api/v1/attendance/userData","timestamp":"2025-01-03T09:55:39.259Z"}
{"level":"info","message":"Router-----store Register Form Data","timestamp":"2025-01-03T09:55:42.345Z"}
{"level":"info","message":"GET URL REQ => http://192.168.29.35:6201/api/v1/validateTokenData","timestamp":"2025-01-03T09:55:42.346Z"}
{"level":"info","message":"GET URL REQ => http://192.168.29.35:6201/api/v1/attendance/userData","timestamp":"2025-01-03T09:55:42.350Z"}
{"level":"info","message":"Router-----store Register Form Data","timestamp":"2025-01-03T09:55:42.933Z"}
{"level":"info","message":"GET URL REQ => http://192.168.29.35:6201/api/v1/validateTokenData","timestamp":"2025-01-03T09:55:42.934Z"}
{"level":"info","message":"GET URL REQ => http://192.168.29.35:6201/api/v1/attendance/userData","timestamp":"2025-01-03T09:55:42.941Z"}
{"level":"info","message":"Router-----store Register Form Data","timestamp":"2025-01-03T09:55:47.841Z"}
{"level":"info","message":"GET URL REQ => http://192.168.29.35:6201/api/v1/validateTokenData","timestamp":"2025-01-03T09:55:47.843Z"}
{"level":"info","message":"GET URL REQ => http://192.168.29.35:6201/api/v1/attendance/userData","timestamp":"2025-01-03T09:55:47.846Z"}
{"level":"info","message":"Router-----store Register Form Data","timestamp":"2025-01-03T09:55:55.399Z"}
{"level":"info","message":"GET URL REQ => http://192.168.29.35:6201/api/v1/validateTokenData","timestamp":"2025-01-03T09:55:55.400Z"}
{"level":"info","message":"GET URL REQ => http://192.168.29.35:6201/api/v1/attendance/userData","timestamp":"2025-01-03T09:55:55.404Z"}
{"level":"info","message":"Router-----store Register Form Data","timestamp":"2025-01-03T09:55:55.449Z"}
{"level":"info","message":"GET URL REQ => http://192.168.29.35:6201/api/v1/validateTokenData","timestamp":"2025-01-03T09:55:55.450Z"}
{"level":"info","message":"GET URL REQ => http://192.168.29.35:6201/api/v1/attendance/userData","timestamp":"2025-01-03T09:55:55.453Z"}
{"level":"info","message":"Router-----store Register Form Data","timestamp":"2025-01-03T09:55:56.427Z"}
{"level":"info","message":"GET URL REQ => http://192.168.29.35:6201/api/v1/validateTokenData","timestamp":"2025-01-03T09:55:56.429Z"}
{"level":"info","message":"GET URL REQ => http://192.168.29.35:6201/api/v1/attendance/userData","timestamp":"2025-01-03T09:55:56.438Z"}
{"level":"info","message":"Router-----store Register Form Data","timestamp":"2025-01-03T09:55:57.388Z"}
{"level":"info","message":"GET URL REQ => http://192.168.29.35:6201/api/v1/validateTokenData","timestamp":"2025-01-03T09:55:57.390Z"}
{"level":"info","message":"GET URL REQ => http://192.168.29.35:6201/api/v1/attendance/userData","timestamp":"2025-01-03T09:55:57.394Z"}
{"level":"info","message":"Router-----store Register Form Data","timestamp":"2025-01-03T09:55:59.236Z"}
{"level":"info","message":"GET URL REQ => http://192.168.29.35:6201/api/v1/validateTokenData","timestamp":"2025-01-03T09:55:59.237Z"}
{"level":"info","message":"GET URL REQ => http://192.168.29.35:6201/api/v1/attendance/userData","timestamp":"2025-01-03T09:55:59.241Z"}
{"level":"info","message":"Router-----store Register Form Data","timestamp":"2025-01-03T09:56:00.181Z"}
{"level":"info","message":"GET URL REQ => http://192.168.29.35:6201/api/v1/validateTokenData","timestamp":"2025-01-03T09:56:00.182Z"}
{"level":"info","message":"GET URL REQ => http://192.168.29.35:6201/api/v1/attendance/userData","timestamp":"2025-01-03T09:56:00.186Z"}
{"level":"info","message":"Router-----store Register Form Data","timestamp":"2025-01-03T09:56:00.420Z"}
{"level":"info","message":"GET URL REQ => http://192.168.29.35:6201/api/v1/validateTokenData","timestamp":"2025-01-03T09:56:00.422Z"}
{"level":"info","message":"GET URL REQ => http://192.168.29.35:6201/api/v1/attendance/userData","timestamp":"2025-01-03T09:56:00.430Z"}
{"level":"info","message":"Router-----store Register Form Data","timestamp":"2025-01-03T09:56:01.362Z"}
{"level":"info","message":"GET URL REQ => http://192.168.29.35:6201/api/v1/validateTokenData","timestamp":"2025-01-03T09:56:01.363Z"}
{"level":"info","message":"GET URL REQ => http://192.168.29.35:6201/api/v1/attendance/userData","timestamp":"2025-01-03T09:56:01.366Z"}
{"level":"info","message":"Router-----store Register Form Data","timestamp":"2025-01-03T09:56:04.478Z"}
{"level":"info","message":"GET URL REQ => http://192.168.29.35:6201/api/v1/validateTokenData","timestamp":"2025-01-03T09:56:04.480Z"}
{"level":"info","message":"GET URL REQ => http://192.168.29.35:6201/api/v1/attendance/userData","timestamp":"2025-01-03T09:56:04.488Z"}
{"level":"info","message":"Router-----store Register Form Data","timestamp":"2025-01-03T09:56:05.437Z"}
{"level":"info","message":"GET URL REQ => http://192.168.29.35:6201/api/v1/validateTokenData","timestamp":"2025-01-03T09:56:05.438Z"}
{"level":"info","message":"GET URL REQ => http://192.168.29.35:6201/api/v1/attendance/userData","timestamp":"2025-01-03T09:56:05.444Z"}
{"level":"info","message":"Router-----store Register Form Data","timestamp":"2025-01-03T09:56:10.459Z"}
{"level":"info","message":"GET URL REQ => http://192.168.29.35:6201/api/v1/validateTokenData","timestamp":"2025-01-03T09:56:10.462Z"}
{"level":"info","message":"GET URL REQ => http://192.168.29.35:6201/api/v1/attendance/userData","timestamp":"2025-01-03T09:56:10.470Z"}
{"level":"info","message":"Router-----store Register Form Data","timestamp":"2025-01-03T09:56:11.297Z"}
{"level":"info","message":"GET URL REQ => http://192.168.29.35:6201/api/v1/validateTokenData","timestamp":"2025-01-03T09:56:11.299Z"}
{"level":"info","message":"GET URL REQ => http://192.168.29.35:6201/api/v1/attendance/userData","timestamp":"2025-01-03T09:56:11.307Z"}
{"level":"info","message":"Router-----store Register Form Data","timestamp":"2025-01-03T09:56:18.195Z"}
{"level":"info","message":"GET URL REQ => http://192.168.29.35:6201/api/v1/validateTokenData","timestamp":"2025-01-03T09:56:18.197Z"}
{"level":"info","message":"GET URL REQ => http://192.168.29.35:6201/api/v1/attendance/userData","timestamp":"2025-01-03T09:56:18.206Z"}
{"level":"info","message":"Router-----store Register Form Data","timestamp":"2025-01-03T09:56:19.145Z"}
{"level":"info","message":"GET URL REQ => http://192.168.29.35:6201/api/v1/validateTokenData","timestamp":"2025-01-03T09:56:19.148Z"}
{"level":"info","message":"GET URL REQ => http://192.168.29.35:6201/api/v1/attendance/userData","timestamp":"2025-01-03T09:56:19.158Z"}
{"level":"info","message":"Router-----store Register Form Data","timestamp":"2025-01-03T09:56:19.516Z"}
{"level":"info","message":"GET URL REQ => http://192.168.29.35:6201/api/v1/validateTokenData","timestamp":"2025-01-03T09:56:19.518Z"}
{"level":"info","message":"GET URL REQ => http://192.168.29.35:6201/api/v1/attendance/userData","timestamp":"2025-01-03T09:56:19.526Z"}
{"level":"info","message":"Router-----store Register Form Data","timestamp":"2025-01-03T09:56:20.486Z"}
{"level":"info","message":"GET URL REQ => http://192.168.29.35:6201/api/v1/validateTokenData","timestamp":"2025-01-03T09:56:20.488Z"}
{"level":"info","message":"GET URL REQ => http://192.168.29.35:6201/api/v1/attendance/userData","timestamp":"2025-01-03T09:56:20.494Z"}
{"level":"info","message":"Router-----store Register Form Data","timestamp":"2025-01-03T09:57:22.318Z"}
{"level":"info","message":"GET URL REQ => http://192.168.29.35:6201/api/v1/validateTokenData","timestamp":"2025-01-03T09:57:22.318Z"}
{"level":"info","message":"GET URL REQ => http://192.168.29.35:6201/api/v1/attendance/userData","timestamp":"2025-01-03T09:57:22.323Z"}
{"level":"info","message":"Router-----store Register Form Data","timestamp":"2025-01-03T09:57:23.295Z"}
{"level":"info","message":"GET URL REQ => http://192.168.29.35:6201/api/v1/validateTokenData","timestamp":"2025-01-03T09:57:23.296Z"}
{"level":"info","message":"GET URL REQ => http://192.168.29.35:6201/api/v1/attendance/userData","timestamp":"2025-01-03T09:57:23.302Z"}
{"level":"info","message":"Router-----store Register Form Data","timestamp":"2025-01-03T09:57:26.169Z"}
{"level":"info","message":"GET URL REQ => http://192.168.29.35:6201/api/v1/validateTokenData","timestamp":"2025-01-03T09:57:26.171Z"}
{"level":"info","message":"GET URL REQ => http://192.168.29.35:6201/api/v1/attendance/userData","timestamp":"2025-01-03T09:57:26.178Z"}
{"level":"info","message":"Router-----store Register Form Data","timestamp":"2025-01-03T09:57:27.130Z"}
{"level":"info","message":"GET URL REQ => http://192.168.29.35:6201/api/v1/validateTokenData","timestamp":"2025-01-03T09:57:27.132Z"}
{"level":"info","message":"GET URL REQ => http://192.168.29.35:6201/api/v1/attendance/userData","timestamp":"2025-01-03T09:57:27.140Z"}
{"level":"info","message":"Router-----store Register Form Data","timestamp":"2025-01-03T09:57:42.101Z"}
{"level":"info","message":"GET URL REQ => http://192.168.29.35:6201/api/v1/validateTokenData","timestamp":"2025-01-03T09:57:42.103Z"}
{"level":"info","message":"GET URL REQ => http://192.168.29.35:6201/api/v1/attendance/userData","timestamp":"2025-01-03T09:57:42.111Z"}
{"level":"info","message":"Router-----store Register Form Data","timestamp":"2025-01-03T09:57:43.025Z"}
{"level":"info","message":"GET URL REQ => http://192.168.29.35:6201/api/v1/validateTokenData","timestamp":"2025-01-03T09:57:43.026Z"}
{"level":"info","message":"GET URL REQ => http://192.168.29.35:6201/api/v1/attendance/userData","timestamp":"2025-01-03T09:57:43.031Z"}
{"level":"info","message":"Router-----store Register Form Data","timestamp":"2025-01-03T09:57:43.094Z"}
{"level":"info","message":"GET URL REQ => http://192.168.29.35:6201/api/v1/validateTokenData","timestamp":"2025-01-03T09:57:43.095Z"}
{"level":"info","message":"GET URL REQ => http://192.168.29.35:6201/api/v1/attendance/userData","timestamp":"2025-01-03T09:57:43.099Z"}
{"level":"info","message":"Router-----store Register Form Data","timestamp":"2025-01-03T09:57:50.977Z"}
{"level":"info","message":"GET URL REQ => http://192.168.29.35:6201/api/v1/validateTokenData","timestamp":"2025-01-03T09:57:50.978Z"}
{"level":"info","message":"GET URL REQ => http://192.168.29.35:6201/api/v1/attendance/userData","timestamp":"2025-01-03T09:57:50.982Z"}
{"level":"info","message":"Router-----store Register Form Data","timestamp":"2025-01-03T09:57:51.903Z"}
{"level":"info","message":"GET URL REQ => http://192.168.29.35:6201/api/v1/validateTokenData","timestamp":"2025-01-03T09:57:51.906Z"}
{"level":"info","message":"GET URL REQ => http://192.168.29.35:6201/api/v1/attendance/userData","timestamp":"2025-01-03T09:57:51.923Z"}
{"level":"info","message":"Router-----store Register Form Data","timestamp":"2025-01-03T09:57:55.221Z"}
{"level":"info","message":"GET URL REQ => http://192.168.29.35:6201/api/v1/validateTokenData","timestamp":"2025-01-03T09:57:55.222Z"}
{"level":"info","message":"GET URL REQ => http://192.168.29.35:6201/api/v1/attendance/userData","timestamp":"2025-01-03T09:57:55.227Z"}
{"level":"info","message":"Router-----store Register Form Data","timestamp":"2025-01-03T09:57:56.191Z"}
{"level":"info","message":"GET URL REQ => http://192.168.29.35:6201/api/v1/validateTokenData","timestamp":"2025-01-03T09:57:56.192Z"}
{"level":"info","message":"GET URL REQ => http://192.168.29.35:6201/api/v1/attendance/userData","timestamp":"2025-01-03T09:57:56.197Z"}
{"level":"info","message":"Router-----store Register Form Data","timestamp":"2025-01-03T09:57:56.569Z"}
{"level":"info","message":"GET URL REQ => http://192.168.29.35:6201/api/v1/validateTokenData","timestamp":"2025-01-03T09:57:56.570Z"}
{"level":"info","message":"GET URL REQ => http://192.168.29.35:6201/api/v1/attendance/userData","timestamp":"2025-01-03T09:57:56.578Z"}
{"level":"info","message":"Router-----store Register Form Data","timestamp":"2025-01-03T09:57:57.514Z"}
{"level":"info","message":"GET URL REQ => http://192.168.29.35:6201/api/v1/validateTokenData","timestamp":"2025-01-03T09:57:57.516Z"}
{"level":"info","message":"GET URL REQ => http://192.168.29.35:6201/api/v1/attendance/userData","timestamp":"2025-01-03T09:57:57.521Z"}
{"level":"info","message":"Router-----store Register Form Data","timestamp":"2025-01-03T09:58:33.225Z"}
{"level":"info","message":"GET URL REQ => http://192.168.29.35:6201/api/v1/validateTokenData","timestamp":"2025-01-03T09:58:33.228Z"}
{"level":"info","message":"GET URL REQ => http://192.168.29.35:6201/api/v1/attendance/userData","timestamp":"2025-01-03T09:58:33.237Z"}
{"level":"info","message":"Router-----store Register Form Data","timestamp":"2025-01-03T09:58:34.155Z"}
{"level":"info","message":"GET URL REQ => http://192.168.29.35:6201/api/v1/validateTokenData","timestamp":"2025-01-03T09:58:34.156Z"}
{"level":"info","message":"GET URL REQ => http://192.168.29.35:6201/api/v1/attendance/userData","timestamp":"2025-01-03T09:58:34.163Z"}
{"level":"info","message":"Router-----store Register Form Data","timestamp":"2025-01-03T09:58:35.723Z"}
{"level":"info","message":"GET URL REQ => http://192.168.29.35:6201/api/v1/validateTokenData","timestamp":"2025-01-03T09:58:35.724Z"}
{"level":"info","message":"GET URL REQ => http://192.168.29.35:6201/api/v1/attendance/userData","timestamp":"2025-01-03T09:58:35.792Z"}
{"level":"info","message":"Router-----store Register Form Data","timestamp":"2025-01-03T09:58:36.575Z"}
{"level":"info","message":"GET URL REQ => http://192.168.29.35:6201/api/v1/validateTokenData","timestamp":"2025-01-03T09:58:36.575Z"}
{"level":"info","message":"GET URL REQ => http://192.168.29.35:6201/api/v1/attendance/userData","timestamp":"2025-01-03T09:58:36.578Z"}
{"level":"info","message":"Router-----store Register Form Data","timestamp":"2025-01-03T09:58:37.088Z"}
{"level":"info","message":"GET URL REQ => http://192.168.29.35:6201/api/v1/validateTokenData","timestamp":"2025-01-03T09:58:37.090Z"}
{"level":"info","message":"GET URL REQ => http://192.168.29.35:6201/api/v1/attendance/userData","timestamp":"2025-01-03T09:58:37.098Z"}
{"level":"info","message":"Router-----store Register Form Data","timestamp":"2025-01-03T09:58:38.052Z"}
{"level":"info","message":"GET URL REQ => http://192.168.29.35:6201/api/v1/validateTokenData","timestamp":"2025-01-03T09:58:38.054Z"}
{"level":"info","message":"GET URL REQ => http://192.168.29.35:6201/api/v1/attendance/userData","timestamp":"2025-01-03T09:58:38.065Z"}
{"level":"info","message":"Router-----store Register Form Data","timestamp":"2025-01-03T09:58:40.266Z"}
{"level":"info","message":"GET URL REQ => http://192.168.29.35:6201/api/v1/validateTokenData","timestamp":"2025-01-03T09:58:40.267Z"}
{"level":"info","message":"GET URL REQ => http://192.168.29.35:6201/api/v1/attendance/userData","timestamp":"2025-01-03T09:58:40.273Z"}
{"level":"info","message":"Router-----store Register Form Data","timestamp":"2025-01-03T09:58:41.204Z"}
{"level":"info","message":"GET URL REQ => http://192.168.29.35:6201/api/v1/validateTokenData","timestamp":"2025-01-03T09:58:41.205Z"}
{"level":"info","message":"GET URL REQ => http://192.168.29.35:6201/api/v1/attendance/userData","timestamp":"2025-01-03T09:58:41.208Z"}
{"level":"info","message":"Router-----store Register Form Data","timestamp":"2025-01-03T09:58:41.782Z"}
{"level":"info","message":"GET URL REQ => http://192.168.29.35:6201/api/v1/validateTokenData","timestamp":"2025-01-03T09:58:41.784Z"}
{"level":"info","message":"GET URL REQ => http://192.168.29.35:6201/api/v1/attendance/userData","timestamp":"2025-01-03T09:58:41.792Z"}
{"level":"info","message":"Router-----store Register Form Data","timestamp":"2025-01-03T09:58:42.752Z"}
{"level":"info","message":"GET URL REQ => http://192.168.29.35:6201/api/v1/validateTokenData","timestamp":"2025-01-03T09:58:42.753Z"}
{"level":"info","message":"GET URL REQ => http://192.168.29.35:6201/api/v1/attendance/userData","timestamp":"2025-01-03T09:58:42.758Z"}
{"level":"info","message":"Router-----store Register Form Data","timestamp":"2025-01-03T09:58:43.721Z"}
{"level":"info","message":"GET URL REQ => http://192.168.29.35:6201/api/v1/validateTokenData","timestamp":"2025-01-03T09:58:43.722Z"}
{"level":"info","message":"GET URL REQ => http://192.168.29.35:6201/api/v1/attendance/userData","timestamp":"2025-01-03T09:58:43.727Z"}
{"level":"info","message":"Router-----store Register Form Data","timestamp":"2025-01-03T09:58:44.754Z"}
{"level":"info","message":"GET URL REQ => http://192.168.29.35:6201/api/v1/validateTokenData","timestamp":"2025-01-03T09:58:44.755Z"}
{"level":"info","message":"GET URL REQ => http://192.168.29.35:6201/api/v1/attendance/userData","timestamp":"2025-01-03T09:58:44.759Z"}
{"level":"info","message":"Router-----store Register Form Data","timestamp":"2025-01-03T09:58:45.721Z"}
{"level":"info","message":"GET URL REQ => http://192.168.29.35:6201/api/v1/validateTokenData","timestamp":"2025-01-03T09:58:45.723Z"}
{"level":"info","message":"GET URL REQ => http://192.168.29.35:6201/api/v1/attendance/userData","timestamp":"2025-01-03T09:58:45.728Z"}
{"level":"info","message":"Router-----store Register Form Data","timestamp":"2025-01-03T09:58:45.776Z"}
{"level":"info","message":"GET URL REQ => http://192.168.29.35:6201/api/v1/validateTokenData","timestamp":"2025-01-03T09:58:45.777Z"}
{"level":"info","message":"GET URL REQ => http://192.168.29.35:6201/api/v1/attendance/userData","timestamp":"2025-01-03T09:58:45.783Z"}
{"level":"info","message":"Router-----store Register Form Data","timestamp":"2025-01-03T09:58:49.364Z"}
{"level":"info","message":"GET URL REQ => http://192.168.29.35:6201/api/v1/validateTokenData","timestamp":"2025-01-03T09:58:49.367Z"}
{"level":"info","message":"GET URL REQ => http://192.168.29.35:6201/api/v1/attendance/userData","timestamp":"2025-01-03T09:58:49.374Z"}
{"level":"info","message":"Router-----store Register Form Data","timestamp":"2025-01-03T09:58:50.130Z"}
{"level":"info","message":"GET URL REQ => http://192.168.29.35:6201/api/v1/validateTokenData","timestamp":"2025-01-03T09:58:50.131Z"}
{"level":"info","message":"GET URL REQ => http://192.168.29.35:6201/api/v1/attendance/userData","timestamp":"2025-01-03T09:58:50.139Z"}
{"level":"info","message":"Router-----store Register Form Data","timestamp":"2025-01-03T09:58:55.890Z"}
{"level":"info","message":"GET URL REQ => http://192.168.29.35:6201/api/v1/validateTokenData","timestamp":"2025-01-03T09:58:55.891Z"}
{"level":"info","message":"GET URL REQ => http://192.168.29.35:6201/api/v1/attendance/userData","timestamp":"2025-01-03T09:58:55.899Z"}
{"level":"info","message":"Router-----store Register Form Data","timestamp":"2025-01-03T09:58:56.844Z"}
{"level":"info","message":"GET URL REQ => http://192.168.29.35:6201/api/v1/validateTokenData","timestamp":"2025-01-03T09:58:56.845Z"}
{"level":"info","message":"GET URL REQ => http://192.168.29.35:6201/api/v1/attendance/userData","timestamp":"2025-01-03T09:58:56.855Z"}
{"level":"info","message":"Router-----store Register Form Data","timestamp":"2025-01-03T09:59:02.883Z"}
{"level":"info","message":"GET URL REQ => http://192.168.29.35:6201/api/v1/validateTokenData","timestamp":"2025-01-03T09:59:02.885Z"}
{"level":"info","message":"GET URL REQ => http://192.168.29.35:6201/api/v1/attendance/userData","timestamp":"2025-01-03T09:59:02.893Z"}
{"level":"info","message":"Router-----store Register Form Data","timestamp":"2025-01-03T09:59:03.758Z"}
{"level":"info","message":"GET URL REQ => http://192.168.29.35:6201/api/v1/validateTokenData","timestamp":"2025-01-03T09:59:03.759Z"}
{"level":"info","message":"GET URL REQ => http://192.168.29.35:6201/api/v1/attendance/userData","timestamp":"2025-01-03T09:59:03.762Z"}
{"level":"info","message":"Router-----store Register Form Data","timestamp":"2025-01-03T09:59:05.911Z"}
{"level":"info","message":"GET URL REQ => http://192.168.29.35:6201/api/v1/validateTokenData","timestamp":"2025-01-03T09:59:05.913Z"}
{"level":"info","message":"GET URL REQ => http://192.168.29.35:6201/api/v1/attendance/userData","timestamp":"2025-01-03T09:59:05.921Z"}
{"level":"info","message":"Router-----store Register Form Data","timestamp":"2025-01-03T09:59:06.870Z"}
{"level":"info","message":"GET URL REQ => http://192.168.29.35:6201/api/v1/validateTokenData","timestamp":"2025-01-03T09:59:06.873Z"}
{"level":"info","message":"GET URL REQ => http://192.168.29.35:6201/api/v1/attendance/userData","timestamp":"2025-01-03T09:59:06.882Z"}
{"level":"info","message":"Router-----store Register Form Data","timestamp":"2025-01-03T09:59:10.656Z"}
{"level":"info","message":"GET URL REQ => http://192.168.29.35:6201/api/v1/validateTokenData","timestamp":"2025-01-03T09:59:10.658Z"}
{"level":"info","message":"GET URL REQ => http://192.168.29.35:6201/api/v1/attendance/userData","timestamp":"2025-01-03T09:59:10.663Z"}
{"level":"info","message":"Router-----store Register Form Data","timestamp":"2025-01-03T09:59:11.642Z"}
{"level":"info","message":"GET URL REQ => http://192.168.29.35:6201/api/v1/validateTokenData","timestamp":"2025-01-03T09:59:11.643Z"}
{"level":"info","message":"GET URL REQ => http://192.168.29.35:6201/api/v1/attendance/userData","timestamp":"2025-01-03T09:59:11.649Z"}
{"level":"info","message":"Router-----store Register Form Data","timestamp":"2025-01-03T09:59:37.992Z"}
{"level":"info","message":"GET URL REQ => http://192.168.29.35:6201/api/v1/validateTokenData","timestamp":"2025-01-03T09:59:37.994Z"}
{"level":"info","message":"GET URL REQ => http://192.168.29.35:6201/api/v1/attendance/userData","timestamp":"2025-01-03T09:59:38.005Z"}
{"level":"info","message":"Router-----store Register Form Data","timestamp":"2025-01-03T09:59:38.924Z"}
{"level":"info","message":"GET URL REQ => http://192.168.29.35:6201/api/v1/validateTokenData","timestamp":"2025-01-03T09:59:38.925Z"}
{"level":"info","message":"GET URL REQ => http://192.168.29.35:6201/api/v1/attendance/userData","timestamp":"2025-01-03T09:59:38.930Z"}
{"level":"info","message":"Router-----store Register Form Data","timestamp":"2025-01-03T09:59:51.345Z"}
{"level":"info","message":"GET URL REQ => http://192.168.29.35:6201/api/v1/validateTokenData","timestamp":"2025-01-03T09:59:51.346Z"}
{"level":"info","message":"GET URL REQ => http://192.168.29.35:6201/api/v1/attendance/userData","timestamp":"2025-01-03T09:59:51.350Z"}
{"level":"info","message":"Router-----store Register Form Data","timestamp":"2025-01-03T09:59:52.284Z"}
{"level":"info","message":"GET URL REQ => http://192.168.29.35:6201/api/v1/validateTokenData","timestamp":"2025-01-03T09:59:52.286Z"}
{"level":"info","message":"GET URL REQ => http://192.168.29.35:6201/api/v1/attendance/userData","timestamp":"2025-01-03T09:59:52.290Z"}
{"level":"info","message":"Router-----store Register Form Data","timestamp":"2025-01-03T09:59:55.422Z"}
{"level":"info","message":"GET URL REQ => http://192.168.29.35:6201/api/v1/validateTokenData","timestamp":"2025-01-03T09:59:55.424Z"}
{"level":"info","message":"GET URL REQ => http://192.168.29.35:6201/api/v1/attendance/userData","timestamp":"2025-01-03T09:59:55.432Z"}
{"level":"info","message":"Router-----store Register Form Data","timestamp":"2025-01-03T09:59:56.411Z"}
{"level":"info","message":"GET URL REQ => http://192.168.29.35:6201/api/v1/validateTokenData","timestamp":"2025-01-03T09:59:56.413Z"}
{"level":"info","message":"GET URL REQ => http://192.168.29.35:6201/api/v1/attendance/userData","timestamp":"2025-01-03T09:59:56.421Z"}
{"level":"info","message":"Router-----store Register Form Data","timestamp":"2025-01-03T09:59:58.231Z"}
{"level":"info","message":"GET URL REQ => http://192.168.29.35:6201/api/v1/validateTokenData","timestamp":"2025-01-03T09:59:58.234Z"}
{"level":"info","message":"GET URL REQ => http://192.168.29.35:6201/api/v1/attendance/userData","timestamp":"2025-01-03T09:59:58.246Z"}
{"level":"info","message":"Router-----store Register Form Data","timestamp":"2025-01-03T09:59:59.265Z"}
{"level":"info","message":"GET URL REQ => http://192.168.29.35:6201/api/v1/validateTokenData","timestamp":"2025-01-03T09:59:59.267Z"}
{"level":"info","message":"GET URL REQ => http://192.168.29.35:6201/api/v1/attendance/userData","timestamp":"2025-01-03T09:59:59.272Z"}
{"level":"info","message":"Router-----store Register Form Data","timestamp":"2025-01-03T10:00:00.661Z"}
{"level":"info","message":"GET URL REQ => http://192.168.29.35:6201/api/v1/validateTokenData","timestamp":"2025-01-03T10:00:00.662Z"}
{"level":"info","message":"GET URL REQ => http://192.168.29.35:6201/api/v1/attendance/userData","timestamp":"2025-01-03T10:00:00.670Z"}
{"level":"info","message":"Router-----store Register Form Data","timestamp":"2025-01-03T10:00:01.600Z"}
{"level":"info","message":"GET URL REQ => http://192.168.29.35:6201/api/v1/validateTokenData","timestamp":"2025-01-03T10:00:01.601Z"}
{"level":"info","message":"GET URL REQ => http://192.168.29.35:6201/api/v1/attendance/userData","timestamp":"2025-01-03T10:00:01.605Z"}
{"level":"info","message":"Router-----store Register Form Data","timestamp":"2025-01-03T10:00:02.741Z"}
{"level":"info","message":"GET URL REQ => http://192.168.29.35:6201/api/v1/validateTokenData","timestamp":"2025-01-03T10:00:02.742Z"}
{"level":"info","message":"GET URL REQ => http://192.168.29.35:6201/api/v1/attendance/userData","timestamp":"2025-01-03T10:00:02.748Z"}
{"level":"info","message":"Router-----store Register Form Data","timestamp":"2025-01-03T10:00:03.702Z"}
{"level":"info","message":"GET URL REQ => http://192.168.29.35:6201/api/v1/validateTokenData","timestamp":"2025-01-03T10:00:03.718Z"}
{"level":"info","message":"GET URL REQ => http://192.168.29.35:6201/api/v1/attendance/userData","timestamp":"2025-01-03T10:00:03.738Z"}
{"level":"info","message":"Router-----store Register Form Data","timestamp":"2025-01-03T10:00:04.820Z"}
{"level":"info","message":"GET URL REQ => http://192.168.29.35:6201/api/v1/validateTokenData","timestamp":"2025-01-03T10:00:04.822Z"}
{"level":"info","message":"GET URL REQ => http://192.168.29.35:6201/api/v1/attendance/userData","timestamp":"2025-01-03T10:00:04.833Z"}
{"level":"info","message":"Router-----store Register Form Data","timestamp":"2025-01-03T10:00:05.773Z"}
{"level":"info","message":"GET URL REQ => http://192.168.29.35:6201/api/v1/validateTokenData","timestamp":"2025-01-03T10:00:05.777Z"}
{"level":"info","message":"GET URL REQ => http://192.168.29.35:6201/api/v1/attendance/userData","timestamp":"2025-01-03T10:00:05.789Z"}
{"level":"info","message":"Router-----store Register Form Data","timestamp":"2025-01-03T10:00:07.230Z"}
{"level":"info","message":"GET URL REQ => http://192.168.29.35:6201/api/v1/validateTokenData","timestamp":"2025-01-03T10:00:07.232Z"}
{"level":"info","message":"GET URL REQ => http://192.168.29.35:6201/api/v1/attendance/userData","timestamp":"2025-01-03T10:00:07.239Z"}
{"level":"info","message":"Router-----store Register Form Data","timestamp":"2025-01-03T10:00:08.213Z"}
{"level":"info","message":"GET URL REQ => http://192.168.29.35:6201/api/v1/validateTokenData","timestamp":"2025-01-03T10:00:08.215Z"}
{"level":"info","message":"GET URL REQ => http://192.168.29.35:6201/api/v1/attendance/userData","timestamp":"2025-01-03T10:00:08.223Z"}
{"level":"info","message":"Router-----store Register Form Data","timestamp":"2025-01-03T10:00:12.858Z"}
{"level":"info","message":"GET URL REQ => http://192.168.29.35:6201/api/v1/validateTokenData","timestamp":"2025-01-03T10:00:12.859Z"}
{"level":"info","message":"GET URL REQ => http://192.168.29.35:6201/api/v1/attendance/userData","timestamp":"2025-01-03T10:00:12.867Z"}
{"level":"info","message":"Router-----store Register Form Data","timestamp":"2025-01-03T10:00:13.822Z"}
{"level":"info","message":"GET URL REQ => http://192.168.29.35:6201/api/v1/validateTokenData","timestamp":"2025-01-03T10:00:13.824Z"}
{"level":"info","message":"GET URL REQ => http://192.168.29.35:6201/api/v1/attendance/userData","timestamp":"2025-01-03T10:00:13.831Z"}
{"level":"info","message":"Router-----store Register Form Data","timestamp":"2025-01-03T10:00:55.985Z"}
{"level":"info","message":"GET URL REQ => http://192.168.29.35:6201/api/v1/validateTokenData","timestamp":"2025-01-03T10:00:55.986Z"}
{"level":"info","message":"GET URL REQ => http://192.168.29.35:6201/api/v1/attendance/userData","timestamp":"2025-01-03T10:00:55.994Z"}
{"level":"info","message":"Router-----store Register Form Data","timestamp":"2025-01-03T10:00:56.906Z"}
{"level":"info","message":"GET URL REQ => http://192.168.29.35:6201/api/v1/validateTokenData","timestamp":"2025-01-03T10:00:56.907Z"}
{"level":"info","message":"GET URL REQ => http://192.168.29.35:6201/api/v1/attendance/userData","timestamp":"2025-01-03T10:00:56.911Z"}
{"level":"info","message":"Router-----store Register Form Data","timestamp":"2025-01-03T10:01:26.199Z"}
{"level":"info","message":"GET URL REQ => http://192.168.29.35:6201/api/v1/validateTokenData","timestamp":"2025-01-03T10:01:26.202Z"}
{"level":"info","message":"GET URL REQ => http://192.168.29.35:6201/api/v1/attendance/userData","timestamp":"2025-01-03T10:01:26.210Z"}
{"level":"info","message":"Router-----store Register Form Data","timestamp":"2025-01-03T10:01:26.429Z"}
{"level":"info","message":"GET URL REQ => http://192.168.29.35:6201/api/v1/validateTokenData","timestamp":"2025-01-03T10:01:26.430Z"}
{"level":"info","message":"GET URL REQ => http://192.168.29.35:6201/api/v1/attendance/userData","timestamp":"2025-01-03T10:01:26.434Z"}
{"level":"info","message":"Router-----store Register Form Data","timestamp":"2025-01-03T10:01:27.161Z"}
{"level":"info","message":"GET URL REQ => http://192.168.29.35:6201/api/v1/validateTokenData","timestamp":"2025-01-03T10:01:27.164Z"}
{"level":"info","message":"GET URL REQ => http://192.168.29.35:6201/api/v1/attendance/userData","timestamp":"2025-01-03T10:01:27.172Z"}
{"level":"info","message":"Router-----store Register Form Data","timestamp":"2025-01-03T10:01:27.178Z"}
{"level":"info","message":"GET URL REQ => http://192.168.29.35:6201/api/v1/validateTokenData","timestamp":"2025-01-03T10:01:27.180Z"}
{"level":"info","message":"GET URL REQ => http://192.168.29.35:6201/api/v1/attendance/userData","timestamp":"2025-01-03T10:01:27.186Z"}
{"level":"info","message":"Router-----store Register Form Data","timestamp":"2025-01-03T10:02:11.105Z"}
{"level":"info","message":"GET URL REQ => http://192.168.29.35:6201/api/v1/validateTokenData","timestamp":"2025-01-03T10:02:11.106Z"}
{"level":"info","message":"GET URL REQ => http://192.168.29.35:6201/api/v1/attendance/userData","timestamp":"2025-01-03T10:02:11.116Z"}
{"level":"info","message":"GET URL REQ => http://192.168.29.35:6201/api/v1/attendance/userData","timestamp":"2025-01-03T10:02:11.418Z"}
{"level":"info","message":"Router-----store Register Form Data","timestamp":"2025-01-03T10:02:11.431Z"}
{"level":"info","message":"GET URL REQ => http://192.168.29.35:6201/api/v1/validateTokenData","timestamp":"2025-01-03T10:02:11.432Z"}
{"level":"info","message":"Router-----store Register Form Data","timestamp":"2025-01-03T10:02:11.936Z"}
{"level":"info","message":"GET URL REQ => http://192.168.29.35:6201/api/v1/validateTokenData","timestamp":"2025-01-03T10:02:11.937Z"}
{"level":"info","message":"GET URL REQ => http://192.168.29.35:6201/api/v1/attendance/userData","timestamp":"2025-01-03T10:02:11.947Z"}
{"level":"info","message":"Router-----store Register Form Data","timestamp":"2025-01-03T10:02:11.954Z"}
{"level":"info","message":"GET URL REQ => http://192.168.29.35:6201/api/v1/validateTokenData","timestamp":"2025-01-03T10:02:11.954Z"}
{"level":"info","message":"GET URL REQ => http://192.168.29.35:6201/api/v1/attendance/userData","timestamp":"2025-01-03T10:02:11.959Z"}
{"level":"info","message":"Router-----store Register Form Data","timestamp":"2025-01-03T10:05:59.963Z"}
{"level":"info","message":"GET URL REQ => http://192.168.29.35:6201/api/v1/validateTokenData","timestamp":"2025-01-03T10:05:59.966Z"}
{"level":"info","message":"GET URL REQ => http://192.168.29.35:6201/api/v1/attendance/userData","timestamp":"2025-01-03T10:05:59.974Z"}
{"level":"info","message":"Router-----store Register Form Data","timestamp":"2025-01-03T10:06:00.802Z"}
{"level":"info","message":"GET URL REQ => http://192.168.29.35:6201/api/v1/validateTokenData","timestamp":"2025-01-03T10:06:00.802Z"}
{"level":"info","message":"GET URL REQ => http://192.168.29.35:6201/api/v1/attendance/userData","timestamp":"2025-01-03T10:06:00.807Z"}
{"level":"info","message":"Router-----store Register Form Data","timestamp":"2025-01-03T10:06:04.731Z"}
{"level":"info","message":"GET URL REQ => http://192.168.29.35:6201/api/v1/validateTokenData","timestamp":"2025-01-03T10:06:04.732Z"}
{"level":"info","message":"GET URL REQ => http://192.168.29.35:6201/api/v1/attendance/userData","timestamp":"2025-01-03T10:06:04.738Z"}
{"level":"info","message":"Router-----store Register Form Data","timestamp":"2025-01-03T10:06:05.655Z"}
{"level":"info","message":"GET URL REQ => http://192.168.29.35:6201/api/v1/validateTokenData","timestamp":"2025-01-03T10:06:05.656Z"}
{"level":"info","message":"GET URL REQ => http://192.168.29.35:6201/api/v1/attendance/userData","timestamp":"2025-01-03T10:06:05.659Z"}
{"level":"info","message":"Router-----store Register Form Data","timestamp":"2025-01-03T10:06:07.598Z"}
{"level":"info","message":"GET URL REQ => http://192.168.29.35:6201/api/v1/validateTokenData","timestamp":"2025-01-03T10:06:07.600Z"}
{"level":"info","message":"GET URL REQ => http://192.168.29.35:6201/api/v1/attendance/userData","timestamp":"2025-01-03T10:06:07.607Z"}
{"level":"info","message":"Router-----store Register Form Data","timestamp":"2025-01-03T10:06:08.539Z"}
{"level":"info","message":"GET URL REQ => http://192.168.29.35:6201/api/v1/validateTokenData","timestamp":"2025-01-03T10:06:08.540Z"}
{"level":"info","message":"GET URL REQ => http://192.168.29.35:6201/api/v1/attendance/userData","timestamp":"2025-01-03T10:06:08.545Z"}
{"level":"info","message":"Router-----store Register Form Data","timestamp":"2025-01-03T10:06:17.405Z"}
{"level":"info","message":"GET URL REQ => http://192.168.29.35:6201/api/v1/validateTokenData","timestamp":"2025-01-03T10:06:17.406Z"}
{"level":"info","message":"GET URL REQ => http://192.168.29.35:6201/api/v1/attendance/userData","timestamp":"2025-01-03T10:06:17.411Z"}
{"level":"info","message":"Router-----store Register Form Data","timestamp":"2025-01-03T10:06:18.374Z"}
{"level":"info","message":"GET URL REQ => http://192.168.29.35:6201/api/v1/validateTokenData","timestamp":"2025-01-03T10:06:18.375Z"}
{"level":"info","message":"GET URL REQ => http://192.168.29.35:6201/api/v1/attendance/userData","timestamp":"2025-01-03T10:06:18.378Z"}
{"level":"info","message":"Router-----store Register Form Data","timestamp":"2025-01-03T10:06:20.672Z"}
{"level":"info","message":"GET URL REQ => http://192.168.29.35:6201/api/v1/validateTokenData","timestamp":"2025-01-03T10:06:20.674Z"}
{"level":"info","message":"GET URL REQ => http://192.168.29.35:6201/api/v1/attendance/userData","timestamp":"2025-01-03T10:06:20.682Z"}
{"level":"info","message":"Router-----store Register Form Data","timestamp":"2025-01-03T10:06:21.617Z"}
{"level":"info","message":"GET URL REQ => http://192.168.29.35:6201/api/v1/validateTokenData","timestamp":"2025-01-03T10:06:21.618Z"}
{"level":"info","message":"GET URL REQ => http://192.168.29.35:6201/api/v1/attendance/userData","timestamp":"2025-01-03T10:06:21.621Z"}
{"level":"info","message":"Router-----store Register Form Data","timestamp":"2025-01-03T10:06:26.455Z"}
{"level":"info","message":"GET URL REQ => http://192.168.29.35:6201/api/v1/validateTokenData","timestamp":"2025-01-03T10:06:26.456Z"}
{"level":"info","message":"GET URL REQ => http://192.168.29.35:6201/api/v1/attendance/userData","timestamp":"2025-01-03T10:06:26.462Z"}
{"level":"info","message":"Router-----store Register Form Data","timestamp":"2025-01-03T10:06:27.437Z"}
{"level":"info","message":"GET URL REQ => http://192.168.29.35:6201/api/v1/validateTokenData","timestamp":"2025-01-03T10:06:27.438Z"}
{"level":"info","message":"GET URL REQ => http://192.168.29.35:6201/api/v1/attendance/userData","timestamp":"2025-01-03T10:06:27.442Z"}
{"level":"info","message":"Router-----store Register Form Data","timestamp":"2025-01-03T10:06:31.375Z"}
{"level":"info","message":"GET URL REQ => http://192.168.29.35:6201/api/v1/validateTokenData","timestamp":"2025-01-03T10:06:31.377Z"}
{"level":"info","message":"GET URL REQ => http://192.168.29.35:6201/api/v1/attendance/userData","timestamp":"2025-01-03T10:06:31.388Z"}
{"level":"info","message":"Router-----store Register Form Data","timestamp":"2025-01-03T10:06:32.310Z"}
{"level":"info","message":"GET URL REQ => http://192.168.29.35:6201/api/v1/validateTokenData","timestamp":"2025-01-03T10:06:32.311Z"}
{"level":"info","message":"GET URL REQ => http://192.168.29.35:6201/api/v1/attendance/userData","timestamp":"2025-01-03T10:06:32.315Z"}
{"level":"info","message":"Router-----store Register Form Data","timestamp":"2025-01-03T10:06:34.223Z"}
{"level":"info","message":"GET URL REQ => http://192.168.29.35:6201/api/v1/validateTokenData","timestamp":"2025-01-03T10:06:34.225Z"}
{"level":"info","message":"GET URL REQ => http://192.168.29.35:6201/api/v1/attendance/userData","timestamp":"2025-01-03T10:06:34.232Z"}
{"level":"info","message":"Router-----store Register Form Data","timestamp":"2025-01-03T10:06:35.150Z"}
{"level":"info","message":"GET URL REQ => http://192.168.29.35:6201/api/v1/validateTokenData","timestamp":"2025-01-03T10:06:35.151Z"}
{"level":"info","message":"GET URL REQ => http://192.168.29.35:6201/api/v1/attendance/userData","timestamp":"2025-01-03T10:06:35.154Z"}
{"level":"info","message":"Router-----store Register Form Data","timestamp":"2025-01-03T10:06:36.869Z"}
{"level":"info","message":"GET URL REQ => http://192.168.29.35:6201/api/v1/validateTokenData","timestamp":"2025-01-03T10:06:36.870Z"}
{"level":"info","message":"GET URL REQ => http://192.168.29.35:6201/api/v1/attendance/userData","timestamp":"2025-01-03T10:06:36.874Z"}
{"level":"info","message":"Router-----store Register Form Data","timestamp":"2025-01-03T10:06:37.799Z"}
{"level":"info","message":"GET URL REQ => http://192.168.29.35:6201/api/v1/validateTokenData","timestamp":"2025-01-03T10:06:37.799Z"}
{"level":"info","message":"GET URL REQ => http://192.168.29.35:6201/api/v1/attendance/userData","timestamp":"2025-01-03T10:06:37.802Z"}
{"level":"info","message":"Router-----store Register Form Data","timestamp":"2025-01-03T10:06:39.222Z"}
{"level":"info","message":"GET URL REQ => http://192.168.29.35:6201/api/v1/validateTokenData","timestamp":"2025-01-03T10:06:39.226Z"}
{"level":"info","message":"GET URL REQ => http://192.168.29.35:6201/api/v1/attendance/userData","timestamp":"2025-01-03T10:06:39.234Z"}
{"level":"info","message":"Router-----store Register Form Data","timestamp":"2025-01-03T10:06:40.201Z"}
{"level":"info","message":"GET URL REQ => http://192.168.29.35:6201/api/v1/validateTokenData","timestamp":"2025-01-03T10:06:40.202Z"}
{"level":"info","message":"GET URL REQ => http://192.168.29.35:6201/api/v1/attendance/userData","timestamp":"2025-01-03T10:06:40.207Z"}
{"level":"info","message":"Router-----store Register Form Data","timestamp":"2025-01-03T10:06:41.172Z"}
{"level":"info","message":"GET URL REQ => http://192.168.29.35:6201/api/v1/validateTokenData","timestamp":"2025-01-03T10:06:41.172Z"}
{"level":"info","message":"GET URL REQ => http://192.168.29.35:6201/api/v1/attendance/userData","timestamp":"2025-01-03T10:06:41.176Z"}
{"level":"info","message":"Router-----store Register Form Data","timestamp":"2025-01-03T10:06:45.433Z"}
{"level":"info","message":"GET URL REQ => http://192.168.29.35:6201/api/v1/validateTokenData","timestamp":"2025-01-03T10:06:45.435Z"}
{"level":"info","message":"GET URL REQ => http://192.168.29.35:6201/api/v1/attendance/userData","timestamp":"2025-01-03T10:06:45.446Z"}
{"level":"info","message":"Router-----store Register Form Data","timestamp":"2025-01-03T10:06:46.381Z"}
{"level":"info","message":"GET URL REQ => http://192.168.29.35:6201/api/v1/validateTokenData","timestamp":"2025-01-03T10:06:46.382Z"}
{"level":"info","message":"GET URL REQ => http://192.168.29.35:6201/api/v1/attendance/userData","timestamp":"2025-01-03T10:06:46.385Z"}
{"level":"info","message":"Router-----store Register Form Data","timestamp":"2025-01-03T10:06:48.411Z"}
{"level":"info","message":"GET URL REQ => http://192.168.29.35:6201/api/v1/validateTokenData","timestamp":"2025-01-03T10:06:48.411Z"}
{"level":"info","message":"GET URL REQ => http://192.168.29.35:6201/api/v1/attendance/userData","timestamp":"2025-01-03T10:06:48.415Z"}
{"level":"info","message":"Router-----store Register Form Data","timestamp":"2025-01-03T10:06:49.160Z"}
{"level":"info","message":"GET URL REQ => http://192.168.29.35:6201/api/v1/validateTokenData","timestamp":"2025-01-03T10:06:49.160Z"}
{"level":"info","message":"GET URL REQ => http://192.168.29.35:6201/api/v1/attendance/userData","timestamp":"2025-01-03T10:06:49.163Z"}
{"level":"info","message":"Router-----store Register Form Data","timestamp":"2025-01-03T10:06:49.475Z"}
{"level":"info","message":"GET URL REQ => http://192.168.29.35:6201/api/v1/validateTokenData","timestamp":"2025-01-03T10:06:49.476Z"}
{"level":"info","message":"GET URL REQ => http://192.168.29.35:6201/api/v1/attendance/userData","timestamp":"2025-01-03T10:06:49.479Z"}
{"level":"info","message":"Router-----store Register Form Data","timestamp":"2025-01-03T10:06:50.419Z"}
{"level":"info","message":"GET URL REQ => http://192.168.29.35:6201/api/v1/validateTokenData","timestamp":"2025-01-03T10:06:50.419Z"}
{"level":"info","message":"GET URL REQ => http://192.168.29.35:6201/api/v1/attendance/userData","timestamp":"2025-01-03T10:06:50.423Z"}
{"level":"info","message":"Router-----store Register Form Data","timestamp":"2025-01-03T10:06:50.760Z"}
{"level":"info","message":"GET URL REQ => http://192.168.29.35:6201/api/v1/validateTokenData","timestamp":"2025-01-03T10:06:50.761Z"}
{"level":"info","message":"GET URL REQ => http://192.168.29.35:6201/api/v1/attendance/userData","timestamp":"2025-01-03T10:06:50.764Z"}
{"level":"info","message":"Router-----store Register Form Data","timestamp":"2025-01-03T10:06:51.664Z"}
{"level":"info","message":"GET URL REQ => http://192.168.29.35:6201/api/v1/validateTokenData","timestamp":"2025-01-03T10:06:51.665Z"}
{"level":"info","message":"GET URL REQ => http://192.168.29.35:6201/api/v1/attendance/userData","timestamp":"2025-01-03T10:06:51.668Z"}
{"level":"info","message":"Router-----store Register Form Data","timestamp":"2025-01-03T10:06:52.572Z"}
{"level":"info","message":"GET URL REQ => http://192.168.29.35:6201/api/v1/validateTokenData","timestamp":"2025-01-03T10:06:52.574Z"}
{"level":"info","message":"GET URL REQ => http://192.168.29.35:6201/api/v1/attendance/userData","timestamp":"2025-01-03T10:06:52.579Z"}
{"level":"info","message":"Router-----store Register Form Data","timestamp":"2025-01-03T10:06:53.496Z"}
{"level":"info","message":"GET URL REQ => http://192.168.29.35:6201/api/v1/validateTokenData","timestamp":"2025-01-03T10:06:53.497Z"}
{"level":"info","message":"GET URL REQ => http://192.168.29.35:6201/api/v1/attendance/userData","timestamp":"2025-01-03T10:06:53.500Z"}
{"level":"info","message":"Router-----store Register Form Data","timestamp":"2025-01-03T10:06:56.642Z"}
{"level":"info","message":"GET URL REQ => http://192.168.29.35:6201/api/v1/validateTokenData","timestamp":"2025-01-03T10:06:56.644Z"}
{"level":"info","message":"GET URL REQ => http://192.168.29.35:6201/api/v1/attendance/userData","timestamp":"2025-01-03T10:06:56.653Z"}
{"level":"info","message":"Router-----store Register Form Data","timestamp":"2025-01-03T10:06:57.585Z"}
{"level":"info","message":"GET URL REQ => http://192.168.29.35:6201/api/v1/validateTokenData","timestamp":"2025-01-03T10:06:57.586Z"}
{"level":"info","message":"GET URL REQ => http://192.168.29.35:6201/api/v1/attendance/userData","timestamp":"2025-01-03T10:06:57.590Z"}
{"level":"info","message":"Router-----store Register Form Data","timestamp":"2025-01-03T10:06:58.481Z"}
{"level":"info","message":"GET URL REQ => http://192.168.29.35:6201/api/v1/validateTokenData","timestamp":"2025-01-03T10:06:58.482Z"}
{"level":"info","message":"GET URL REQ => http://192.168.29.35:6201/api/v1/attendance/userData","timestamp":"2025-01-03T10:06:58.489Z"}
{"level":"info","message":"Router-----store Register Form Data","timestamp":"2025-01-03T10:06:59.443Z"}
{"level":"info","message":"GET URL REQ => http://192.168.29.35:6201/api/v1/validateTokenData","timestamp":"2025-01-03T10:06:59.444Z"}
{"level":"info","message":"GET URL REQ => http://192.168.29.35:6201/api/v1/attendance/userData","timestamp":"2025-01-03T10:06:59.447Z"}
{"level":"info","message":"Router-----store Register Form Data","timestamp":"2025-01-03T10:07:00.910Z"}
{"level":"info","message":"GET URL REQ => http://192.168.29.35:6201/api/v1/validateTokenData","timestamp":"2025-01-03T10:07:00.912Z"}
{"level":"info","message":"GET URL REQ => http://192.168.29.35:6201/api/v1/attendance/userData","timestamp":"2025-01-03T10:07:00.918Z"}
{"level":"info","message":"Router-----store Register Form Data","timestamp":"2025-01-03T10:07:01.916Z"}
{"level":"info","message":"GET URL REQ => http://192.168.29.35:6201/api/v1/validateTokenData","timestamp":"2025-01-03T10:07:01.916Z"}
{"level":"info","message":"GET URL REQ => http://192.168.29.35:6201/api/v1/attendance/userData","timestamp":"2025-01-03T10:07:01.919Z"}
{"level":"info","message":"Router-----store Register Form Data","timestamp":"2025-01-03T10:07:03.447Z"}
{"level":"info","message":"GET URL REQ => http://192.168.29.35:6201/api/v1/validateTokenData","timestamp":"2025-01-03T10:07:03.448Z"}
{"level":"info","message":"GET URL REQ => http://192.168.29.35:6201/api/v1/attendance/userData","timestamp":"2025-01-03T10:07:03.456Z"}
{"level":"info","message":"Router-----store Register Form Data","timestamp":"2025-01-03T10:07:04.434Z"}
{"level":"info","message":"GET URL REQ => http://192.168.29.35:6201/api/v1/validateTokenData","timestamp":"2025-01-03T10:07:04.434Z"}
{"level":"info","message":"GET URL REQ => http://192.168.29.35:6201/api/v1/attendance/userData","timestamp":"2025-01-03T10:07:04.437Z"}
{"level":"info","message":"Router-----store Register Form Data","timestamp":"2025-01-03T10:07:04.984Z"}
{"level":"info","message":"GET URL REQ => http://192.168.29.35:6201/api/v1/validateTokenData","timestamp":"2025-01-03T10:07:04.985Z"}
{"level":"info","message":"GET URL REQ => http://192.168.29.35:6201/api/v1/attendance/userData","timestamp":"2025-01-03T10:07:04.990Z"}
{"level":"info","message":"Router-----store Register Form Data","timestamp":"2025-01-03T10:07:06.024Z"}
{"level":"info","message":"GET URL REQ => http://192.168.29.35:6201/api/v1/validateTokenData","timestamp":"2025-01-03T10:07:06.024Z"}
{"level":"info","message":"GET URL REQ => http://192.168.29.35:6201/api/v1/attendance/userData","timestamp":"2025-01-03T10:07:06.027Z"}
{"level":"info","message":"Router-----store Register Form Data","timestamp":"2025-01-03T10:07:09.293Z"}
{"level":"info","message":"GET URL REQ => http://192.168.29.35:6201/api/v1/validateTokenData","timestamp":"2025-01-03T10:07:09.294Z"}
{"level":"info","message":"GET URL REQ => http://192.168.29.35:6201/api/v1/attendance/userData","timestamp":"2025-01-03T10:07:09.297Z"}
{"level":"info","message":"Router-----store Register Form Data","timestamp":"2025-01-03T10:07:10.290Z"}
{"level":"info","message":"GET URL REQ => http://192.168.29.35:6201/api/v1/validateTokenData","timestamp":"2025-01-03T10:07:10.290Z"}
{"level":"info","message":"GET URL REQ => http://192.168.29.35:6201/api/v1/attendance/userData","timestamp":"2025-01-03T10:07:10.294Z"}
{"level":"info","message":"Router-----store Register Form Data","timestamp":"2025-01-03T10:07:32.159Z"}
{"level":"info","message":"GET URL REQ => http://192.168.29.35:6201/api/v1/validateTokenData","timestamp":"2025-01-03T10:07:32.161Z"}
{"level":"info","message":"GET URL REQ => http://192.168.29.35:6201/api/v1/attendance/userData","timestamp":"2025-01-03T10:07:32.170Z"}
{"level":"info","message":"Router-----store Register Form Data","timestamp":"2025-01-03T10:07:33.086Z"}
{"level":"info","message":"GET URL REQ => http://192.168.29.35:6201/api/v1/validateTokenData","timestamp":"2025-01-03T10:07:33.086Z"}
{"level":"info","message":"GET URL REQ => http://192.168.29.35:6201/api/v1/attendance/userData","timestamp":"2025-01-03T10:07:33.091Z"}
{"level":"info","message":"Router-----store Register Form Data","timestamp":"2025-01-03T10:07:45.422Z"}
{"level":"info","message":"GET URL REQ => http://192.168.29.35:6201/api/v1/validateTokenData","timestamp":"2025-01-03T10:07:45.424Z"}
{"level":"info","message":"GET URL REQ => http://192.168.29.35:6201/api/v1/attendance/userData","timestamp":"2025-01-03T10:07:45.434Z"}
{"level":"info","message":"Router-----store Register Form Data","timestamp":"2025-01-03T10:07:46.381Z"}
{"level":"info","message":"GET URL REQ => http://192.168.29.35:6201/api/v1/validateTokenData","timestamp":"2025-01-03T10:07:46.382Z"}
{"level":"info","message":"GET URL REQ => http://192.168.29.35:6201/api/v1/attendance/userData","timestamp":"2025-01-03T10:07:46.385Z"}
{"level":"info","message":"Router-----store Register Form Data","timestamp":"2025-01-03T10:07:53.917Z"}
{"level":"info","message":"GET URL REQ => http://192.168.29.35:6201/api/v1/validateTokenData","timestamp":"2025-01-03T10:07:53.918Z"}
{"level":"info","message":"GET URL REQ => http://192.168.29.35:6201/api/v1/attendance/userData","timestamp":"2025-01-03T10:07:53.923Z"}
{"level":"info","message":"Router-----store Register Form Data","timestamp":"2025-01-03T10:07:54.833Z"}
{"level":"info","message":"GET URL REQ => http://192.168.29.35:6201/api/v1/validateTokenData","timestamp":"2025-01-03T10:07:54.833Z"}
{"level":"info","message":"GET URL REQ => http://192.168.29.35:6201/api/v1/attendance/userData","timestamp":"2025-01-03T10:07:54.837Z"}
{"level":"info","message":"Router-----store Register Form Data","timestamp":"2025-01-03T10:07:55.958Z"}
{"level":"info","message":"GET URL REQ => http://192.168.29.35:6201/api/v1/validateTokenData","timestamp":"2025-01-03T10:07:55.960Z"}
{"level":"info","message":"GET URL REQ => http://192.168.29.35:6201/api/v1/attendance/userData","timestamp":"2025-01-03T10:07:55.968Z"}
{"level":"info","message":"Router-----store Register Form Data","timestamp":"2025-01-03T10:07:56.911Z"}
{"level":"info","message":"GET URL REQ => http://192.168.29.35:6201/api/v1/validateTokenData","timestamp":"2025-01-03T10:07:56.912Z"}
{"level":"info","message":"GET URL REQ => http://192.168.29.35:6201/api/v1/attendance/userData","timestamp":"2025-01-03T10:07:56.916Z"}
{"level":"info","message":"Router-----store Register Form Data","timestamp":"2025-01-03T10:09:35.337Z"}
{"level":"info","message":"GET URL REQ => http://192.168.29.35:6201/api/v1/validateTokenData","timestamp":"2025-01-03T10:09:35.338Z"}
{"level":"info","message":"GET URL REQ => http://192.168.29.35:6201/api/v1/attendance/userData","timestamp":"2025-01-03T10:09:35.342Z"}
{"level":"info","message":"Router-----store Register Form Data","timestamp":"2025-01-03T10:09:36.325Z"}
{"level":"info","message":"GET URL REQ => http://192.168.29.35:6201/api/v1/validateTokenData","timestamp":"2025-01-03T10:09:36.325Z"}
{"level":"info","message":"GET URL REQ => http://192.168.29.35:6201/api/v1/attendance/userData","timestamp":"2025-01-03T10:09:36.328Z"}
{"level":"info","message":"Router-----store Register Form Data","timestamp":"2025-01-03T10:09:39.181Z"}
{"level":"info","message":"GET URL REQ => http://192.168.29.35:6201/api/v1/validateTokenData","timestamp":"2025-01-03T10:09:39.182Z"}
{"level":"info","message":"GET URL REQ => http://192.168.29.35:6201/api/v1/attendance/userData","timestamp":"2025-01-03T10:09:39.188Z"}
{"level":"info","message":"Router-----store Register Form Data","timestamp":"2025-01-03T10:09:39.408Z"}
{"level":"info","message":"GET URL REQ => http://192.168.29.35:6201/api/v1/validateTokenData","timestamp":"2025-01-03T10:09:39.410Z"}
{"level":"info","message":"GET URL REQ => http://192.168.29.35:6201/api/v1/attendance/userData","timestamp":"2025-01-03T10:09:39.414Z"}
{"level":"info","message":"Router-----store Register Form Data","timestamp":"2025-01-03T10:09:40.252Z"}
{"level":"info","message":"GET URL REQ => http://192.168.29.35:6201/api/v1/validateTokenData","timestamp":"2025-01-03T10:09:40.252Z"}
{"level":"info","message":"GET URL REQ => http://192.168.29.35:6201/api/v1/attendance/userData","timestamp":"2025-01-03T10:09:40.256Z"}
{"level":"info","message":"Router-----store Register Form Data","timestamp":"2025-01-03T10:10:02.457Z"}
{"level":"info","message":"GET URL REQ => http://192.168.29.35:6201/api/v1/validateTokenData","timestamp":"2025-01-03T10:10:02.460Z"}
{"level":"info","message":"GET URL REQ => http://192.168.29.35:6201/api/v1/attendance/userData","timestamp":"2025-01-03T10:10:02.470Z"}
{"level":"info","message":"Router-----store Register Form Data","timestamp":"2025-01-03T10:10:03.386Z"}
{"level":"info","message":"GET URL REQ => http://192.168.29.35:6201/api/v1/validateTokenData","timestamp":"2025-01-03T10:10:03.386Z"}
{"level":"info","message":"GET URL REQ => http://192.168.29.35:6201/api/v1/attendance/userData","timestamp":"2025-01-03T10:10:03.389Z"}
{"level":"info","message":"Router-----store Register Form Data","timestamp":"2025-01-03T10:11:05.407Z"}
{"level":"info","message":"GET URL REQ => http://192.168.29.35:6201/api/v1/validateTokenData","timestamp":"2025-01-03T10:11:05.408Z"}
{"level":"info","message":"GET URL REQ => http://192.168.29.35:6201/api/v1/attendance/userData","timestamp":"2025-01-03T10:11:05.412Z"}
{"level":"info","message":"Router-----store Register Form Data","timestamp":"2025-01-03T10:11:05.645Z"}
{"level":"info","message":"GET URL REQ => http://192.168.29.35:6201/api/v1/validateTokenData","timestamp":"2025-01-03T10:11:05.647Z"}
{"level":"info","message":"GET URL REQ => http://192.168.29.35:6201/api/v1/attendance/userData","timestamp":"2025-01-03T10:11:05.668Z"}
{"level":"info","message":"Router-----store Register Form Data","timestamp":"2025-01-03T10:11:32.939Z"}
{"level":"info","message":"GET URL REQ => http://192.168.29.35:6201/api/v1/validateTokenData","timestamp":"2025-01-03T10:11:32.940Z"}
{"level":"info","message":"GET URL REQ => http://192.168.29.35:6201/api/v1/attendance/userData","timestamp":"2025-01-03T10:11:32.948Z"}
{"level":"info","message":"GET URL REQ => http://192.168.29.35:6201/api/v1/attendance/userData","timestamp":"2025-01-03T10:11:33.176Z"}
{"level":"info","message":"Router-----store Register Form Data","timestamp":"2025-01-03T10:11:33.189Z"}
{"level":"info","message":"GET URL REQ => http://192.168.29.35:6201/api/v1/validateTokenData","timestamp":"2025-01-03T10:11:33.190Z"}
{"level":"info","message":"Router-----store Register Form Data","timestamp":"2025-01-03T10:12:18.006Z"}
{"level":"info","message":"GET URL REQ => http://192.168.29.35:6201/api/v1/validateTokenData","timestamp":"2025-01-03T10:12:18.007Z"}
{"level":"info","message":"GET URL REQ => http://192.168.29.35:6201/api/v1/attendance/userData","timestamp":"2025-01-03T10:12:18.014Z"}
{"level":"info","message":"Router-----store Register Form Data","timestamp":"2025-01-03T10:12:18.886Z"}
{"level":"info","message":"GET URL REQ => http://192.168.29.35:6201/api/v1/validateTokenData","timestamp":"2025-01-03T10:12:18.887Z"}
{"level":"info","message":"GET URL REQ => http://192.168.29.35:6201/api/v1/attendance/userData","timestamp":"2025-01-03T10:12:18.891Z"}
{"level":"info","message":"Router-----store Register Form Data","timestamp":"2025-01-03T10:12:22.438Z"}
{"level":"info","message":"GET URL REQ => http://192.168.29.35:6201/api/v1/validateTokenData","timestamp":"2025-01-03T10:12:22.440Z"}
{"level":"info","message":"GET URL REQ => http://192.168.29.35:6201/api/v1/attendance/userData","timestamp":"2025-01-03T10:12:22.448Z"}
{"level":"info","message":"Router-----store Register Form Data","timestamp":"2025-01-03T10:12:23.364Z"}
{"level":"info","message":"GET URL REQ => http://192.168.29.35:6201/api/v1/validateTokenData","timestamp":"2025-01-03T10:12:23.364Z"}
{"level":"info","message":"GET URL REQ => http://192.168.29.35:6201/api/v1/attendance/userData","timestamp":"2025-01-03T10:12:23.367Z"}
{"level":"info","message":"Router-----store Register Form Data","timestamp":"2025-01-03T10:12:27.088Z"}
{"level":"info","message":"GET URL REQ => http://192.168.29.35:6201/api/v1/validateTokenData","timestamp":"2025-01-03T10:12:27.090Z"}
{"level":"info","message":"GET URL REQ => http://192.168.29.35:6201/api/v1/attendance/userData","timestamp":"2025-01-03T10:12:27.097Z"}
{"level":"info","message":"Router-----store Register Form Data","timestamp":"2025-01-03T10:12:27.990Z"}
{"level":"info","message":"GET URL REQ => http://192.168.29.35:6201/api/v1/validateTokenData","timestamp":"2025-01-03T10:12:27.991Z"}
{"level":"info","message":"GET URL REQ => http://192.168.29.35:6201/api/v1/attendance/userData","timestamp":"2025-01-03T10:12:27.993Z"}
{"level":"info","message":"Router-----store Register Form Data","timestamp":"2025-01-03T10:14:53.631Z"}
{"level":"info","message":"GET URL REQ => http://192.168.29.35:6201/api/v1/validateTokenData","timestamp":"2025-01-03T10:14:53.632Z"}
{"level":"info","message":"GET URL REQ => http://192.168.29.35:6201/api/v1/studentFees/Data","timestamp":"2025-01-03T10:14:53.656Z"}
{"level":"info","message":"GET URL REQ => http://192.168.29.35:6201/api/v1/studentFees/Data","timestamp":"2025-01-03T10:14:53.670Z"}
{"level":"info","message":"Router-----store Register Form Data","timestamp":"2025-01-03T10:14:53.849Z"}
{"level":"info","message":"GET URL REQ => http://192.168.29.35:6201/api/v1/validateTokenData","timestamp":"2025-01-03T10:14:53.850Z"}
{"level":"info","message":"Router-----store Register Form Data","timestamp":"2025-01-03T10:15:59.086Z"}
{"level":"info","message":"GET URL REQ => http://192.168.29.35:6201/api/v1/validateTokenData","timestamp":"2025-01-03T10:15:59.087Z"}
{"level":"info","message":"GET URL REQ => http://192.168.29.35:6201/api/v1/attendance/userData","timestamp":"2025-01-03T10:15:59.090Z"}
{"level":"info","message":"Router-----store Register Form Data","timestamp":"2025-01-03T10:16:37.532Z"}
{"level":"info","message":"GET URL REQ => http://192.168.29.35:6201/api/v1/validateTokenData","timestamp":"2025-01-03T10:16:37.533Z"}
{"level":"info","message":"GET URL REQ => http://192.168.29.35:6201/api/v1/attendance/userData","timestamp":"2025-01-03T10:16:37.541Z"}
{"level":"info","message":"Router-----store Register Form Data","timestamp":"2025-01-03T10:16:37.731Z"}
{"level":"info","message":"GET URL REQ => http://192.168.29.35:6201/api/v1/validateTokenData","timestamp":"2025-01-03T10:16:37.732Z"}
{"level":"info","message":"GET URL REQ => http://192.168.29.35:6201/api/v1/attendance/userData","timestamp":"2025-01-03T10:16:37.739Z"}
{"level":"info","message":"Router-----store Register Form Data","timestamp":"2025-01-03T10:36:28.522Z"}
{"level":"info","message":"GET URL REQ => http://192.168.29.35:6201/api/v1/validateTokenData","timestamp":"2025-01-03T10:36:28.525Z"}
{"level":"info","message":"GET URL REQ => http://192.168.29.35:6201/api/v1/attendance/userData","timestamp":"2025-01-03T10:36:28.535Z"}
{"level":"info","message":"GET URL REQ => http://192.168.29.35:6201/api/v1/users/login","timestamp":"2025-01-03T10:36:52.645Z"}
{"level":"info","message":"Router-----store Register Form Data","timestamp":"2025-01-03T10:36:53.981Z"}
{"level":"info","message":"GET URL REQ => http://192.168.29.35:6201/api/v1/validateTokenData","timestamp":"2025-01-03T10:36:53.983Z"}
{"level":"info","message":"Router-----store Register Form Data","timestamp":"2025-01-03T10:36:53.990Z"}
{"level":"info","message":"GET URL REQ => http://192.168.29.35:6201/api/v1/validateTokenData","timestamp":"2025-01-03T10:36:53.990Z"}
{"level":"info","message":"Router-----store Register Form Data","timestamp":"2025-01-03T10:37:08.690Z"}
{"level":"info","message":"GET URL REQ => http://192.168.29.35:6201/api/v1/validateTokenData","timestamp":"2025-01-03T10:37:08.691Z"}
{"level":"info","message":"Router-----store Register Form Data","timestamp":"2025-01-03T10:37:08.696Z"}
{"level":"info","message":"GET URL REQ => http://192.168.29.35:6201/api/v1/validateTokenData","timestamp":"2025-01-03T10:37:08.696Z"}
{"level":"info","message":"GET URL REQ => http://192.168.29.35:6201/api/v1/attendance/userData","timestamp":"2025-01-03T10:37:08.701Z"}
{"level":"info","message":"GET URL REQ => http://192.168.29.35:6201/api/v1/attendance/userData","timestamp":"2025-01-03T10:37:08.705Z"}
{"level":"info","message":"Router-----store Register Form Data","timestamp":"2025-01-03T10:37:35.424Z"}
{"level":"info","message":"GET URL REQ => http://192.168.29.35:6201/api/v1/validateTokenData","timestamp":"2025-01-03T10:37:35.426Z"}
{"level":"info","message":"GET URL REQ => http://192.168.29.35:6201/api/v1/attendance/userData","timestamp":"2025-01-03T10:37:35.434Z"}
{"level":"info","message":"Router-----store Register Form Data","timestamp":"2025-01-03T10:37:35.834Z"}
{"level":"info","message":"GET URL REQ => http://192.168.29.35:6201/api/v1/validateTokenData","timestamp":"2025-01-03T10:37:35.835Z"}
{"level":"info","message":"GET URL REQ => http://192.168.29.35:6201/api/v1/attendance/userData","timestamp":"2025-01-03T10:37:35.841Z"}
{"level":"info","message":"Router-----store Register Form Data","timestamp":"2025-01-03T10:37:37.210Z"}
{"level":"info","message":"GET URL REQ => http://192.168.29.35:6201/api/v1/validateTokenData","timestamp":"2025-01-03T10:37:37.212Z"}
{"level":"info","message":"GET URL REQ => http://192.168.29.35:6201/api/v1/attendance/userData","timestamp":"2025-01-03T10:37:37.220Z"}
{"level":"info","message":"Router-----store Register Form Data","timestamp":"2025-01-03T10:37:38.140Z"}
{"level":"info","message":"GET URL REQ => http://192.168.29.35:6201/api/v1/validateTokenData","timestamp":"2025-01-03T10:37:38.141Z"}
{"level":"info","message":"GET URL REQ => http://192.168.29.35:6201/api/v1/attendance/userData","timestamp":"2025-01-03T10:37:38.146Z"}
{"level":"info","message":"Router-----store Register Form Data","timestamp":"2025-01-03T10:37:39.694Z"}
{"level":"info","message":"GET URL REQ => http://192.168.29.35:6201/api/v1/validateTokenData","timestamp":"2025-01-03T10:37:39.696Z"}
{"level":"info","message":"GET URL REQ => http://192.168.29.35:6201/api/v1/attendance/userData","timestamp":"2025-01-03T10:37:39.700Z"}
{"level":"info","message":"Router-----store Register Form Data","timestamp":"2025-01-03T10:37:40.635Z"}
{"level":"info","message":"GET URL REQ => http://192.168.29.35:6201/api/v1/validateTokenData","timestamp":"2025-01-03T10:37:40.635Z"}
{"level":"info","message":"GET URL REQ => http://192.168.29.35:6201/api/v1/attendance/userData","timestamp":"2025-01-03T10:37:40.638Z"}
{"level":"info","message":"Router-----store Register Form Data","timestamp":"2025-01-03T10:37:45.392Z"}
{"level":"info","message":"GET URL REQ => http://192.168.29.35:6201/api/v1/validateTokenData","timestamp":"2025-01-03T10:37:45.394Z"}
{"level":"info","message":"GET URL REQ => http://192.168.29.35:6201/api/v1/attendance/userData","timestamp":"2025-01-03T10:37:45.402Z"}
{"level":"info","message":"GET URL REQ => http://192.168.29.35:6201/api/v1/attendance/userData","timestamp":"2025-01-03T10:37:45.497Z"}
{"level":"info","message":"Router-----store Register Form Data","timestamp":"2025-01-03T10:37:45.510Z"}
{"level":"info","message":"GET URL REQ => http://192.168.29.35:6201/api/v1/validateTokenData","timestamp":"2025-01-03T10:37:45.511Z"}
{"level":"info","message":"GET URL REQ => http://192.168.29.35:6201/api/v1/attendance/userData","timestamp":"2025-01-03T10:37:45.512Z"}
{"level":"info","message":"GET URL REQ => http://192.168.29.35:6201/api/v1/attendance/userData","timestamp":"2025-01-03T10:37:45.562Z"}
{"level":"info","message":"GET URL REQ => http://192.168.29.35:6201/api/v1/attendance/userData","timestamp":"2025-01-03T10:37:45.635Z"}
{"level":"info","message":"GET URL REQ => http://192.168.29.35:6201/api/v1/attendance/userData","timestamp":"2025-01-03T10:37:45.717Z"}
{"level":"info","message":"GET URL REQ => http://192.168.29.35:6201/api/v1/attendance/userData","timestamp":"2025-01-03T10:37:45.723Z"}
{"level":"info","message":"GET URL REQ => http://192.168.29.35:6201/api/v1/attendance/userData","timestamp":"2025-01-03T10:37:45.782Z"}
{"level":"info","message":"GET URL REQ => http://192.168.29.35:6201/api/v1/attendance/userData","timestamp":"2025-01-03T10:37:45.803Z"}
{"level":"info","message":"GET URL REQ => http://192.168.29.35:6201/api/v1/attendance/userData","timestamp":"2025-01-03T10:37:45.844Z"}
{"level":"info","message":"GET URL REQ => http://192.168.29.35:6201/api/v1/attendance/userData","timestamp":"2025-01-03T10:37:45.878Z"}
{"level":"info","message":"GET URL REQ => http://192.168.29.35:6201/api/v1/attendance/userData","timestamp":"2025-01-03T10:37:45.911Z"}
{"level":"info","message":"GET URL REQ => http://192.168.29.35:6201/api/v1/attendance/userData","timestamp":"2025-01-03T10:37:45.962Z"}
{"level":"info","message":"GET URL REQ => http://192.168.29.35:6201/api/v1/attendance/userData","timestamp":"2025-01-03T10:37:45.970Z"}
{"level":"info","message":"GET URL REQ => http://192.168.29.35:6201/api/v1/attendance/userData","timestamp":"2025-01-03T10:37:46.035Z"}
{"level":"info","message":"GET URL REQ => http://192.168.29.35:6201/api/v1/attendance/userData","timestamp":"2025-01-03T10:37:46.041Z"}
{"level":"info","message":"GET URL REQ => http://192.168.29.35:6201/api/v1/attendance/userData","timestamp":"2025-01-03T10:37:46.092Z"}
{"level":"info","message":"GET URL REQ => http://192.168.29.35:6201/api/v1/attendance/userData","timestamp":"2025-01-03T10:37:46.125Z"}
{"level":"info","message":"GET URL REQ => http://192.168.29.35:6201/api/v1/attendance/userData","timestamp":"2025-01-03T10:37:46.153Z"}
{"level":"info","message":"GET URL REQ => http://192.168.29.35:6201/api/v1/attendance/userData","timestamp":"2025-01-03T10:37:46.204Z"}
{"level":"info","message":"GET URL REQ => http://192.168.29.35:6201/api/v1/attendance/userData","timestamp":"2025-01-03T10:37:46.209Z"}
{"level":"info","message":"GET URL REQ => http://192.168.29.35:6201/api/v1/attendance/userData","timestamp":"2025-01-03T10:37:46.274Z"}
{"level":"info","message":"GET URL REQ => http://192.168.29.35:6201/api/v1/attendance/userData","timestamp":"2025-01-03T10:37:46.289Z"}
{"level":"info","message":"GET URL REQ => http://192.168.29.35:6201/api/v1/attendance/userData","timestamp":"2025-01-03T10:37:46.329Z"}
{"level":"info","message":"GET URL REQ => http://192.168.29.35:6201/api/v1/attendance/userData","timestamp":"2025-01-03T10:37:46.380Z"}
{"level":"info","message":"GET URL REQ => http://192.168.29.35:6201/api/v1/attendance/userData","timestamp":"2025-01-03T10:37:46.399Z"}
{"level":"info","message":"GET URL REQ => http://192.168.29.35:6201/api/v1/attendance/userData","timestamp":"2025-01-03T10:37:46.465Z"}
{"level":"info","message":"GET URL REQ => http://192.168.29.35:6201/api/v1/attendance/userData","timestamp":"2025-01-03T10:37:46.474Z"}
{"level":"info","message":"GET URL REQ => http://192.168.29.35:6201/api/v1/attendance/userData","timestamp":"2025-01-03T10:37:46.543Z"}
{"level":"info","message":"GET URL REQ => http://192.168.29.35:6201/api/v1/attendance/userData","timestamp":"2025-01-03T10:37:46.551Z"}
{"level":"info","message":"GET URL REQ => http://192.168.29.35:6201/api/v1/attendance/userData","timestamp":"2025-01-03T10:37:46.611Z"}
{"level":"info","message":"GET URL REQ => http://192.168.29.35:6201/api/v1/attendance/userData","timestamp":"2025-01-03T10:37:46.623Z"}
{"level":"info","message":"GET URL REQ => http://192.168.29.35:6201/api/v1/attendance/userData","timestamp":"2025-01-03T10:37:46.672Z"}
{"level":"info","message":"GET URL REQ => http://192.168.29.35:6201/api/v1/attendance/userData","timestamp":"2025-01-03T10:37:46.691Z"}
{"level":"info","message":"GET URL REQ => http://192.168.29.35:6201/api/v1/attendance/userData","timestamp":"2025-01-03T10:37:46.733Z"}
{"level":"info","message":"GET URL REQ => http://192.168.29.35:6201/api/v1/attendance/userData","timestamp":"2025-01-03T10:37:46.784Z"}
{"level":"info","message":"GET URL REQ => http://192.168.29.35:6201/api/v1/attendance/userData","timestamp":"2025-01-03T10:37:46.790Z"}
{"level":"info","message":"GET URL REQ => http://192.168.29.35:6201/api/v1/attendance/userData","timestamp":"2025-01-03T10:37:46.860Z"}
{"level":"info","message":"GET URL REQ => http://192.168.29.35:6201/api/v1/attendance/userData","timestamp":"2025-01-03T10:37:46.868Z"}
{"level":"info","message":"GET URL REQ => http://192.168.29.35:6201/api/v1/attendance/userData","timestamp":"2025-01-03T10:37:46.932Z"}
{"level":"info","message":"GET URL REQ => http://192.168.29.35:6201/api/v1/attendance/userData","timestamp":"2025-01-03T10:37:46.951Z"}
{"level":"info","message":"GET URL REQ => http://192.168.29.35:6201/api/v1/attendance/userData","timestamp":"2025-01-03T10:37:46.991Z"}
{"level":"info","message":"GET URL REQ => http://192.168.29.35:6201/api/v1/attendance/userData","timestamp":"2025-01-03T10:37:47.025Z"}
{"level":"info","message":"GET URL REQ => http://192.168.29.35:6201/api/v1/attendance/userData","timestamp":"2025-01-03T10:37:47.063Z"}
{"level":"info","message":"GET URL REQ => http://192.168.29.35:6201/api/v1/attendance/userData","timestamp":"2025-01-03T10:37:47.106Z"}
{"level":"info","message":"GET URL REQ => http://192.168.29.35:6201/api/v1/attendance/userData","timestamp":"2025-01-03T10:37:47.184Z"}
{"level":"info","message":"GET URL REQ => http://192.168.29.35:6201/api/v1/attendance/userData","timestamp":"2025-01-03T10:37:47.212Z"}
{"level":"info","message":"GET URL REQ => http://192.168.29.35:6201/api/v1/attendance/userData","timestamp":"2025-01-03T10:37:47.231Z"}
{"level":"info","message":"GET URL REQ => http://192.168.29.35:6201/api/v1/attendance/userData","timestamp":"2025-01-03T10:37:47.279Z"}
{"level":"info","message":"GET URL REQ => http://192.168.29.35:6201/api/v1/attendance/userData","timestamp":"2025-01-03T10:37:47.292Z"}
{"level":"info","message":"GET URL REQ => http://192.168.29.35:6201/api/v1/attendance/userData","timestamp":"2025-01-03T10:37:47.331Z"}
{"level":"info","message":"GET URL REQ => http://192.168.29.35:6201/api/v1/attendance/userData","timestamp":"2025-01-03T10:37:47.362Z"}
{"level":"info","message":"GET URL REQ => http://192.168.29.35:6201/api/v1/attendance/userData","timestamp":"2025-01-03T10:37:47.395Z"}
{"level":"info","message":"GET URL REQ => http://192.168.29.35:6201/api/v1/attendance/userData","timestamp":"2025-01-03T10:37:47.443Z"}
{"level":"info","message":"GET URL REQ => http://192.168.29.35:6201/api/v1/attendance/userData","timestamp":"2025-01-03T10:37:47.450Z"}
{"level":"info","message":"GET URL REQ => http://192.168.29.35:6201/api/v1/attendance/userData","timestamp":"2025-01-03T10:37:47.520Z"}
{"level":"info","message":"GET URL REQ => http://192.168.29.35:6201/api/v1/attendance/userData","timestamp":"2025-01-03T10:37:47.527Z"}
{"level":"info","message":"GET URL REQ => http://192.168.29.35:6201/api/v1/attendance/userData","timestamp":"2025-01-03T10:37:47.571Z"}
{"level":"info","message":"GET URL REQ => http://192.168.29.35:6201/api/v1/attendance/userData","timestamp":"2025-01-03T10:37:47.610Z"}
{"level":"info","message":"GET URL REQ => http://192.168.29.35:6201/api/v1/attendance/userData","timestamp":"2025-01-03T10:37:47.662Z"}
{"level":"info","message":"GET URL REQ => http://192.168.29.35:6201/api/v1/attendance/userData","timestamp":"2025-01-03T10:37:47.719Z"}
{"level":"info","message":"GET URL REQ => http://192.168.29.35:6201/api/v1/attendance/userData","timestamp":"2025-01-03T10:37:47.740Z"}
{"level":"info","message":"GET URL REQ => http://192.168.29.35:6201/api/v1/attendance/userData","timestamp":"2025-01-03T10:37:47.792Z"}
{"level":"info","message":"GET URL REQ => http://192.168.29.35:6201/api/v1/attendance/userData","timestamp":"2025-01-03T10:37:47.828Z"}
{"level":"info","message":"GET URL REQ => http://192.168.29.35:6201/api/v1/attendance/userData","timestamp":"2025-01-03T10:37:47.891Z"}
{"level":"info","message":"GET URL REQ => http://192.168.29.35:6201/api/v1/attendance/userData","timestamp":"2025-01-03T10:37:47.916Z"}
{"level":"info","message":"GET URL REQ => http://192.168.29.35:6201/api/v1/attendance/userData","timestamp":"2025-01-03T10:37:48.006Z"}
{"level":"info","message":"GET URL REQ => http://192.168.29.35:6201/api/v1/attendance/userData","timestamp":"2025-01-03T10:37:48.023Z"}
{"level":"info","message":"GET URL REQ => http://192.168.29.35:6201/api/v1/attendance/userData","timestamp":"2025-01-03T10:37:48.107Z"}
{"level":"info","message":"GET URL REQ => http://192.168.29.35:6201/api/v1/attendance/userData","timestamp":"2025-01-03T10:37:48.145Z"}
{"level":"info","message":"GET URL REQ => http://192.168.29.35:6201/api/v1/attendance/userData","timestamp":"2025-01-03T10:37:48.198Z"}
{"level":"info","message":"GET URL REQ => http://192.168.29.35:6201/api/v1/attendance/userData","timestamp":"2025-01-03T10:37:48.258Z"}
{"level":"info","message":"GET URL REQ => http://192.168.29.35:6201/api/v1/attendance/userData","timestamp":"2025-01-03T10:37:48.279Z"}
{"level":"info","message":"GET URL REQ => http://192.168.29.35:6201/api/v1/attendance/userData","timestamp":"2025-01-03T10:37:48.354Z"}
{"level":"info","message":"GET URL REQ => http://192.168.29.35:6201/api/v1/attendance/userData","timestamp":"2025-01-03T10:37:48.391Z"}
{"level":"info","message":"GET URL REQ => http://192.168.29.35:6201/api/v1/attendance/userData","timestamp":"2025-01-03T10:37:48.494Z"}
{"level":"info","message":"GET URL REQ => http://192.168.29.35:6201/api/v1/attendance/userData","timestamp":"2025-01-03T10:37:48.511Z"}
{"level":"info","message":"GET URL REQ => http://192.168.29.35:6201/api/v1/attendance/userData","timestamp":"2025-01-03T10:37:48.593Z"}
{"level":"info","message":"GET URL REQ => http://192.168.29.35:6201/api/v1/attendance/userData","timestamp":"2025-01-03T10:37:48.613Z"}
{"level":"info","message":"GET URL REQ => http://192.168.29.35:6201/api/v1/attendance/userData","timestamp":"2025-01-03T10:37:48.645Z"}
{"level":"info","message":"GET URL REQ => http://192.168.29.35:6201/api/v1/attendance/userData","timestamp":"2025-01-03T10:37:48.693Z"}
{"level":"info","message":"GET URL REQ => http://192.168.29.35:6201/api/v1/attendance/userData","timestamp":"2025-01-03T10:37:48.704Z"}
{"level":"info","message":"GET URL REQ => http://192.168.29.35:6201/api/v1/attendance/userData","timestamp":"2025-01-03T10:37:48.767Z"}
{"level":"info","message":"GET URL REQ => http://192.168.29.35:6201/api/v1/attendance/userData","timestamp":"2025-01-03T10:37:48.774Z"}
{"level":"info","message":"GET URL REQ => http://192.168.29.35:6201/api/v1/attendance/userData","timestamp":"2025-01-03T10:37:48.831Z"}
{"level":"info","message":"GET URL REQ => http://192.168.29.35:6201/api/v1/attendance/userData","timestamp":"2025-01-03T10:37:48.849Z"}
{"level":"info","message":"GET URL REQ => http://192.168.29.35:6201/api/v1/attendance/userData","timestamp":"2025-01-03T10:37:48.896Z"}
{"level":"info","message":"GET URL REQ => http://192.168.29.35:6201/api/v1/attendance/userData","timestamp":"2025-01-03T10:37:48.941Z"}
{"level":"info","message":"GET URL REQ => http://192.168.29.35:6201/api/v1/attendance/userData","timestamp":"2025-01-03T10:37:48.963Z"}
{"level":"info","message":"GET URL REQ => http://192.168.29.35:6201/api/v1/attendance/userData","timestamp":"2025-01-03T10:37:49.019Z"}
{"level":"info","message":"GET URL REQ => http://192.168.29.35:6201/api/v1/attendance/userData","timestamp":"2025-01-03T10:37:49.030Z"}
{"level":"info","message":"GET URL REQ => http://192.168.29.35:6201/api/v1/attendance/userData","timestamp":"2025-01-03T10:37:49.078Z"}
{"level":"info","message":"GET URL REQ => http://192.168.29.35:6201/api/v1/attendance/userData","timestamp":"2025-01-03T10:37:49.113Z"}
{"level":"info","message":"GET URL REQ => http://192.168.29.35:6201/api/v1/attendance/userData","timestamp":"2025-01-03T10:37:49.138Z"}
{"level":"info","message":"GET URL REQ => http://192.168.29.35:6201/api/v1/attendance/userData","timestamp":"2025-01-03T10:37:49.183Z"}
{"level":"info","message":"GET URL REQ => http://192.168.29.35:6201/api/v1/attendance/userData","timestamp":"2025-01-03T10:37:49.200Z"}
{"level":"info","message":"GET URL REQ => http://192.168.29.35:6201/api/v1/attendance/userData","timestamp":"2025-01-03T10:37:49.251Z"}
{"level":"info","message":"GET URL REQ => http://192.168.29.35:6201/api/v1/attendance/userData","timestamp":"2025-01-03T10:37:49.265Z"}
{"level":"info","message":"GET URL REQ => http://192.168.29.35:6201/api/v1/attendance/userData","timestamp":"2025-01-03T10:37:49.308Z"}
{"level":"info","message":"GET URL REQ => http://192.168.29.35:6201/api/v1/attendance/userData","timestamp":"2025-01-03T10:37:49.349Z"}
{"level":"info","message":"GET URL REQ => http://192.168.29.35:6201/api/v1/attendance/userData","timestamp":"2025-01-03T10:37:49.363Z"}
{"level":"info","message":"GET URL REQ => http://192.168.29.35:6201/api/v1/attendance/userData","timestamp":"2025-01-03T10:37:49.425Z"}
{"level":"info","message":"GET URL REQ => http://192.168.29.35:6201/api/v1/attendance/userData","timestamp":"2025-01-03T10:37:49.439Z"}
{"level":"info","message":"GET URL REQ => http://192.168.29.35:6201/api/v1/attendance/userData","timestamp":"2025-01-03T10:37:49.492Z"}
{"level":"info","message":"GET URL REQ => http://192.168.29.35:6201/api/v1/attendance/userData","timestamp":"2025-01-03T10:37:49.516Z"}
{"level":"info","message":"GET URL REQ => http://192.168.29.35:6201/api/v1/attendance/userData","timestamp":"2025-01-03T10:37:49.545Z"}
{"level":"info","message":"GET URL REQ => http://192.168.29.35:6201/api/v1/attendance/userData","timestamp":"2025-01-03T10:37:49.600Z"}
{"level":"info","message":"GET URL REQ => http://192.168.29.35:6201/api/v1/attendance/userData","timestamp":"2025-01-03T10:37:49.606Z"}
{"level":"info","message":"GET URL REQ => http://192.168.29.35:6201/api/v1/attendance/userData","timestamp":"2025-01-03T10:37:49.670Z"}
{"level":"info","message":"GET URL REQ => http://192.168.29.35:6201/api/v1/attendance/userData","timestamp":"2025-01-03T10:37:49.693Z"}
{"level":"info","message":"GET URL REQ => http://192.168.29.35:6201/api/v1/attendance/userData","timestamp":"2025-01-03T10:37:49.729Z"}
{"level":"info","message":"GET URL REQ => http://192.168.29.35:6201/api/v1/attendance/userData","timestamp":"2025-01-03T10:37:49.772Z"}
{"level":"info","message":"GET URL REQ => http://192.168.29.35:6201/api/v1/attendance/userData","timestamp":"2025-01-03T10:37:49.792Z"}
{"level":"info","message":"GET URL REQ => http://192.168.29.35:6201/api/v1/attendance/userData","timestamp":"2025-01-03T10:37:49.838Z"}
{"level":"info","message":"GET URL REQ => http://192.168.29.35:6201/api/v1/attendance/userData","timestamp":"2025-01-03T10:37:49.844Z"}
{"level":"info","message":"GET URL REQ => http://192.168.29.35:6201/api/v1/attendance/userData","timestamp":"2025-01-03T10:37:49.888Z"}
{"level":"info","message":"GET URL REQ => http://192.168.29.35:6201/api/v1/attendance/userData","timestamp":"2025-01-03T10:37:49.913Z"}
{"level":"info","message":"GET URL REQ => http://192.168.29.35:6201/api/v1/attendance/userData","timestamp":"2025-01-03T10:37:49.935Z"}
{"level":"info","message":"GET URL REQ => http://192.168.29.35:6201/api/v1/attendance/userData","timestamp":"2025-01-03T10:37:49.988Z"}
{"level":"info","message":"GET URL REQ => http://192.168.29.35:6201/api/v1/attendance/userData","timestamp":"2025-01-03T10:37:49.993Z"}
{"level":"info","message":"GET URL REQ => http://192.168.29.35:6201/api/v1/attendance/userData","timestamp":"2025-01-03T10:37:50.047Z"}
{"level":"info","message":"GET URL REQ => http://192.168.29.35:6201/api/v1/attendance/userData","timestamp":"2025-01-03T10:37:50.066Z"}
{"level":"info","message":"GET URL REQ => http://192.168.29.35:6201/api/v1/attendance/userData","timestamp":"2025-01-03T10:37:50.108Z"}
{"level":"info","message":"GET URL REQ => http://192.168.29.35:6201/api/v1/attendance/userData","timestamp":"2025-01-03T10:37:50.138Z"}
{"level":"info","message":"GET URL REQ => http://192.168.29.35:6201/api/v1/attendance/userData","timestamp":"2025-01-03T10:37:50.160Z"}
{"level":"info","message":"GET URL REQ => http://192.168.29.35:6201/api/v1/attendance/userData","timestamp":"2025-01-03T10:37:50.216Z"}
{"level":"info","message":"GET URL REQ => http://192.168.29.35:6201/api/v1/attendance/userData","timestamp":"2025-01-03T10:37:50.223Z"}
{"level":"info","message":"GET URL REQ => http://192.168.29.35:6201/api/v1/attendance/userData","timestamp":"2025-01-03T10:37:50.277Z"}
{"level":"info","message":"GET URL REQ => http://192.168.29.35:6201/api/v1/attendance/userData","timestamp":"2025-01-03T10:37:50.289Z"}
{"level":"info","message":"GET URL REQ => http://192.168.29.35:6201/api/v1/attendance/userData","timestamp":"2025-01-03T10:37:50.333Z"}
{"level":"info","message":"GET URL REQ => http://192.168.29.35:6201/api/v1/attendance/userData","timestamp":"2025-01-03T10:37:50.375Z"}
{"level":"info","message":"GET URL REQ => http://192.168.29.35:6201/api/v1/attendance/userData","timestamp":"2025-01-03T10:37:50.385Z"}
{"level":"info","message":"GET URL REQ => http://192.168.29.35:6201/api/v1/attendance/userData","timestamp":"2025-01-03T10:37:50.437Z"}
{"level":"info","message":"GET URL REQ => http://192.168.29.35:6201/api/v1/attendance/userData","timestamp":"2025-01-03T10:37:50.442Z"}
{"level":"info","message":"GET URL REQ => http://192.168.29.35:6201/api/v1/attendance/userData","timestamp":"2025-01-03T10:37:50.486Z"}
{"level":"info","message":"GET URL REQ => http://192.168.29.35:6201/api/v1/attendance/userData","timestamp":"2025-01-03T10:37:50.514Z"}
{"level":"info","message":"GET URL REQ => http://192.168.29.35:6201/api/v1/attendance/userData","timestamp":"2025-01-03T10:37:50.541Z"}
{"level":"info","message":"GET URL REQ => http://192.168.29.35:6201/api/v1/attendance/userData","timestamp":"2025-01-03T10:37:50.584Z"}
{"level":"info","message":"GET URL REQ => http://192.168.29.35:6201/api/v1/attendance/userData","timestamp":"2025-01-03T10:37:50.596Z"}
{"level":"info","message":"GET URL REQ => http://192.168.29.35:6201/api/v1/attendance/userData","timestamp":"2025-01-03T10:37:50.646Z"}
{"level":"info","message":"GET URL REQ => http://192.168.29.35:6201/api/v1/attendance/userData","timestamp":"2025-01-03T10:37:50.662Z"}
{"level":"info","message":"GET URL REQ => http://192.168.29.35:6201/api/v1/attendance/userData","timestamp":"2025-01-03T10:37:50.703Z"}
{"level":"info","message":"GET URL REQ => http://192.168.29.35:6201/api/v1/attendance/userData","timestamp":"2025-01-03T10:37:50.737Z"}
{"level":"info","message":"GET URL REQ => http://192.168.29.35:6201/api/v1/attendance/userData","timestamp":"2025-01-03T10:37:50.753Z"}
{"level":"info","message":"GET URL REQ => http://192.168.29.35:6201/api/v1/attendance/userData","timestamp":"2025-01-03T10:37:50.804Z"}
{"level":"info","message":"GET URL REQ => http://192.168.29.35:6201/api/v1/attendance/userData","timestamp":"2025-01-03T10:37:50.826Z"}
{"level":"info","message":"GET URL REQ => http://192.168.29.35:6201/api/v1/attendance/userData","timestamp":"2025-01-03T10:37:50.863Z"}
{"level":"info","message":"GET URL REQ => http://192.168.29.35:6201/api/v1/attendance/userData","timestamp":"2025-01-03T10:37:50.922Z"}
{"level":"info","message":"GET URL REQ => http://192.168.29.35:6201/api/v1/attendance/userData","timestamp":"2025-01-03T10:37:50.968Z"}
{"level":"info","message":"GET URL REQ => http://192.168.29.35:6201/api/v1/attendance/userData","timestamp":"2025-01-03T10:37:51.016Z"}
{"level":"info","message":"GET URL REQ => http://192.168.29.35:6201/api/v1/attendance/userData","timestamp":"2025-01-03T10:37:51.041Z"}
{"level":"info","message":"GET URL REQ => http://192.168.29.35:6201/api/v1/attendance/userData","timestamp":"2025-01-03T10:37:51.106Z"}
{"level":"info","message":"GET URL REQ => http://192.168.29.35:6201/api/v1/attendance/userData","timestamp":"2025-01-03T10:37:51.127Z"}
{"level":"info","message":"GET URL REQ => http://192.168.29.35:6201/api/v1/attendance/userData","timestamp":"2025-01-03T10:37:51.182Z"}
{"level":"info","message":"GET URL REQ => http://192.168.29.35:6201/api/v1/attendance/userData","timestamp":"2025-01-03T10:37:51.200Z"}
{"level":"info","message":"GET URL REQ => http://192.168.29.35:6201/api/v1/attendance/userData","timestamp":"2025-01-03T10:37:51.284Z"}
{"level":"info","message":"GET URL REQ => http://192.168.29.35:6201/api/v1/attendance/userData","timestamp":"2025-01-03T10:37:51.318Z"}
{"level":"info","message":"GET URL REQ => http://192.168.29.35:6201/api/v1/attendance/userData","timestamp":"2025-01-03T10:37:51.369Z"}
{"level":"info","message":"GET URL REQ => http://192.168.29.35:6201/api/v1/attendance/userData","timestamp":"2025-01-03T10:37:51.404Z"}
{"level":"info","message":"GET URL REQ => http://192.168.29.35:6201/api/v1/attendance/userData","timestamp":"2025-01-03T10:37:51.461Z"}
{"level":"info","message":"GET URL REQ => http://192.168.29.35:6201/api/v1/attendance/userData","timestamp":"2025-01-03T10:37:51.524Z"}
{"level":"info","message":"GET URL REQ => http://192.168.29.35:6201/api/v1/attendance/userData","timestamp":"2025-01-03T10:37:51.595Z"}
{"level":"info","message":"GET URL REQ => http://192.168.29.35:6201/api/v1/attendance/userData","timestamp":"2025-01-03T10:37:51.619Z"}
{"level":"info","message":"GET URL REQ => http://192.168.29.35:6201/api/v1/attendance/userData","timestamp":"2025-01-03T10:37:51.699Z"}
{"level":"info","message":"GET URL REQ => http://192.168.29.35:6201/api/v1/attendance/userData","timestamp":"2025-01-03T10:37:51.718Z"}
{"level":"info","message":"GET URL REQ => http://192.168.29.35:6201/api/v1/attendance/userData","timestamp":"2025-01-03T10:37:51.767Z"}
{"level":"info","message":"GET URL REQ => http://192.168.29.35:6201/api/v1/attendance/userData","timestamp":"2025-01-03T10:37:51.795Z"}
{"level":"info","message":"GET URL REQ => http://192.168.29.35:6201/api/v1/attendance/userData","timestamp":"2025-01-03T10:37:51.831Z"}
{"level":"info","message":"GET URL REQ => http://192.168.29.35:6201/api/v1/attendance/userData","timestamp":"2025-01-03T10:37:51.877Z"}
{"level":"info","message":"GET URL REQ => http://192.168.29.35:6201/api/v1/attendance/userData","timestamp":"2025-01-03T10:37:51.889Z"}
{"level":"info","message":"GET URL REQ => http://192.168.29.35:6201/api/v1/attendance/userData","timestamp":"2025-01-03T10:37:51.956Z"}
{"level":"info","message":"GET URL REQ => http://192.168.29.35:6201/api/v1/attendance/userData","timestamp":"2025-01-03T10:37:51.967Z"}
{"level":"info","message":"GET URL REQ => http://192.168.29.35:6201/api/v1/attendance/userData","timestamp":"2025-01-03T10:37:52.016Z"}
{"level":"info","message":"GET URL REQ => http://192.168.29.35:6201/api/v1/attendance/userData","timestamp":"2025-01-03T10:37:52.039Z"}
{"level":"info","message":"GET URL REQ => http://192.168.29.35:6201/api/v1/attendance/userData","timestamp":"2025-01-03T10:37:52.087Z"}
{"level":"info","message":"GET URL REQ => http://192.168.29.35:6201/api/v1/attendance/userData","timestamp":"2025-01-03T10:37:52.117Z"}
{"level":"info","message":"GET URL REQ => http://192.168.29.35:6201/api/v1/attendance/userData","timestamp":"2025-01-03T10:37:52.144Z"}
{"level":"info","message":"GET URL REQ => http://192.168.29.35:6201/api/v1/attendance/userData","timestamp":"2025-01-03T10:37:52.191Z"}
{"level":"info","message":"GET URL REQ => http://192.168.29.35:6201/api/v1/attendance/userData","timestamp":"2025-01-03T10:37:52.197Z"}
{"level":"info","message":"GET URL REQ => http://192.168.29.35:6201/api/v1/attendance/userData","timestamp":"2025-01-03T10:37:52.255Z"}
{"level":"info","message":"GET URL REQ => http://192.168.29.35:6201/api/v1/attendance/userData","timestamp":"2025-01-03T10:37:52.273Z"}
{"level":"info","message":"GET URL REQ => http://192.168.29.35:6201/api/v1/attendance/userData","timestamp":"2025-01-03T10:37:52.299Z"}
{"level":"info","message":"GET URL REQ => http://192.168.29.35:6201/api/v1/attendance/userData","timestamp":"2025-01-03T10:37:52.346Z"}
{"level":"info","message":"GET URL REQ => http://192.168.29.35:6201/api/v1/attendance/userData","timestamp":"2025-01-03T10:37:52.351Z"}
{"level":"info","message":"GET URL REQ => http://192.168.29.35:6201/api/v1/attendance/userData","timestamp":"2025-01-03T10:37:52.403Z"}
{"level":"info","message":"GET URL REQ => http://192.168.29.35:6201/api/v1/attendance/userData","timestamp":"2025-01-03T10:37:52.429Z"}
{"level":"info","message":"GET URL REQ => http://192.168.29.35:6201/api/v1/attendance/userData","timestamp":"2025-01-03T10:37:52.466Z"}
{"level":"info","message":"GET URL REQ => http://192.168.29.35:6201/api/v1/attendance/userData","timestamp":"2025-01-03T10:37:52.511Z"}
{"level":"info","message":"GET URL REQ => http://192.168.29.35:6201/api/v1/attendance/userData","timestamp":"2025-01-03T10:37:52.515Z"}
{"level":"info","message":"GET URL REQ => http://192.168.29.35:6201/api/v1/attendance/userData","timestamp":"2025-01-03T10:37:52.557Z"}
{"level":"info","message":"GET URL REQ => http://192.168.29.35:6201/api/v1/attendance/userData","timestamp":"2025-01-03T10:37:52.589Z"}
{"level":"info","message":"GET URL REQ => http://192.168.29.35:6201/api/v1/attendance/userData","timestamp":"2025-01-03T10:37:52.602Z"}
{"level":"info","message":"GET URL REQ => http://192.168.29.35:6201/api/v1/attendance/userData","timestamp":"2025-01-03T10:37:52.649Z"}
{"level":"info","message":"GET URL REQ => http://192.168.29.35:6201/api/v1/attendance/userData","timestamp":"2025-01-03T10:37:52.665Z"}
{"level":"info","message":"GET URL REQ => http://192.168.29.35:6201/api/v1/attendance/userData","timestamp":"2025-01-03T10:37:52.691Z"}
{"level":"info","message":"GET URL REQ => http://192.168.29.35:6201/api/v1/attendance/userData","timestamp":"2025-01-03T10:37:52.724Z"}
{"level":"info","message":"GET URL REQ => http://192.168.29.35:6201/api/v1/attendance/userData","timestamp":"2025-01-03T10:37:52.739Z"}
{"level":"info","message":"GET URL REQ => http://192.168.29.35:6201/api/v1/attendance/userData","timestamp":"2025-01-03T10:37:52.785Z"}
{"level":"info","message":"GET URL REQ => http://192.168.29.35:6201/api/v1/attendance/userData","timestamp":"2025-01-03T10:37:52.794Z"}
{"level":"info","message":"GET URL REQ => http://192.168.29.35:6201/api/v1/attendance/userData","timestamp":"2025-01-03T10:37:52.832Z"}
{"level":"info","message":"GET URL REQ => http://192.168.29.35:6201/api/v1/attendance/userData","timestamp":"2025-01-03T10:37:52.870Z"}
{"level":"info","message":"GET URL REQ => http://192.168.29.35:6201/api/v1/attendance/userData","timestamp":"2025-01-03T10:37:52.882Z"}
{"level":"info","message":"GET URL REQ => http://192.168.29.35:6201/api/v1/attendance/userData","timestamp":"2025-01-03T10:37:52.926Z"}
{"level":"info","message":"GET URL REQ => http://192.168.29.35:6201/api/v1/attendance/userData","timestamp":"2025-01-03T10:37:52.951Z"}
{"level":"info","message":"GET URL REQ => http://192.168.29.35:6201/api/v1/attendance/userData","timestamp":"2025-01-03T10:37:52.971Z"}
{"level":"info","message":"GET URL REQ => http://192.168.29.35:6201/api/v1/attendance/userData","timestamp":"2025-01-03T10:37:53.014Z"}
{"level":"info","message":"GET URL REQ => http://192.168.29.35:6201/api/v1/attendance/userData","timestamp":"2025-01-03T10:37:53.020Z"}
{"level":"info","message":"GET URL REQ => http://192.168.29.35:6201/api/v1/attendance/userData","timestamp":"2025-01-03T10:37:53.076Z"}
{"level":"info","message":"GET URL REQ => http://192.168.29.35:6201/api/v1/attendance/userData","timestamp":"2025-01-03T10:37:53.099Z"}
{"level":"info","message":"GET URL REQ => http://192.168.29.35:6201/api/v1/attendance/userData","timestamp":"2025-01-03T10:37:53.120Z"}
{"level":"info","message":"GET URL REQ => http://192.168.29.35:6201/api/v1/attendance/userData","timestamp":"2025-01-03T10:37:53.166Z"}
{"level":"info","message":"GET URL REQ => http://192.168.29.35:6201/api/v1/attendance/userData","timestamp":"2025-01-03T10:37:53.176Z"}
{"level":"info","message":"GET URL REQ => http://192.168.29.35:6201/api/v1/attendance/userData","timestamp":"2025-01-03T10:37:53.208Z"}
{"level":"info","message":"GET URL REQ => http://192.168.29.35:6201/api/v1/attendance/userData","timestamp":"2025-01-03T10:37:53.254Z"}
{"level":"info","message":"GET URL REQ => http://192.168.29.35:6201/api/v1/attendance/userData","timestamp":"2025-01-03T10:37:53.257Z"}
{"level":"info","message":"GET URL REQ => http://192.168.29.35:6201/api/v1/attendance/userData","timestamp":"2025-01-03T10:37:53.296Z"}
{"level":"info","message":"GET URL REQ => http://192.168.29.35:6201/api/v1/attendance/userData","timestamp":"2025-01-03T10:37:53.335Z"}
{"level":"info","message":"GET URL REQ => http://192.168.29.35:6201/api/v1/attendance/userData","timestamp":"2025-01-03T10:37:53.344Z"}
{"level":"info","message":"GET URL REQ => http://192.168.29.35:6201/api/v1/attendance/userData","timestamp":"2025-01-03T10:37:53.392Z"}
{"level":"info","message":"GET URL REQ => http://192.168.29.35:6201/api/v1/attendance/userData","timestamp":"2025-01-03T10:37:53.405Z"}
{"level":"info","message":"GET URL REQ => http://192.168.29.35:6201/api/v1/attendance/userData","timestamp":"2025-01-03T10:37:53.441Z"}
{"level":"info","message":"GET URL REQ => http://192.168.29.35:6201/api/v1/attendance/userData","timestamp":"2025-01-03T10:37:53.483Z"}
{"level":"info","message":"GET URL REQ => http://192.168.29.35:6201/api/v1/attendance/userData","timestamp":"2025-01-03T10:37:53.487Z"}
{"level":"info","message":"GET URL REQ => http://192.168.29.35:6201/api/v1/attendance/userData","timestamp":"2025-01-03T10:37:53.532Z"}
{"level":"info","message":"GET URL REQ => http://192.168.29.35:6201/api/v1/attendance/userData","timestamp":"2025-01-03T10:37:53.554Z"}
{"level":"info","message":"GET URL REQ => http://192.168.29.35:6201/api/v1/attendance/userData","timestamp":"2025-01-03T10:37:53.577Z"}
{"level":"info","message":"GET URL REQ => http://192.168.29.35:6201/api/v1/attendance/userData","timestamp":"2025-01-03T10:37:53.620Z"}
{"level":"info","message":"GET URL REQ => http://192.168.29.35:6201/api/v1/attendance/userData","timestamp":"2025-01-03T10:37:53.624Z"}
{"level":"info","message":"GET URL REQ => http://192.168.29.35:6201/api/v1/attendance/userData","timestamp":"2025-01-03T10:37:53.666Z"}
{"level":"info","message":"GET URL REQ => http://192.168.29.35:6201/api/v1/attendance/userData","timestamp":"2025-01-03T10:37:53.710Z"}
{"level":"info","message":"GET URL REQ => http://192.168.29.35:6201/api/v1/attendance/userData","timestamp":"2025-01-03T10:37:53.717Z"}
{"level":"info","message":"GET URL REQ => http://192.168.29.35:6201/api/v1/attendance/userData","timestamp":"2025-01-03T10:37:53.773Z"}
{"level":"info","message":"GET URL REQ => http://192.168.29.35:6201/api/v1/attendance/userData","timestamp":"2025-01-03T10:37:53.781Z"}
{"level":"info","message":"GET URL REQ => http://192.168.29.35:6201/api/v1/attendance/userData","timestamp":"2025-01-03T10:37:53.826Z"}
{"level":"info","message":"GET URL REQ => http://192.168.29.35:6201/api/v1/attendance/userData","timestamp":"2025-01-03T10:37:53.879Z"}
{"level":"info","message":"GET URL REQ => http://192.168.29.35:6201/api/v1/attendance/userData","timestamp":"2025-01-03T10:37:53.885Z"}
{"level":"info","message":"GET URL REQ => http://192.168.29.35:6201/api/v1/attendance/userData","timestamp":"2025-01-03T10:37:53.935Z"}
{"level":"info","message":"GET URL REQ => http://192.168.29.35:6201/api/v1/attendance/userData","timestamp":"2025-01-03T10:37:53.959Z"}
{"level":"info","message":"GET URL REQ => http://192.168.29.35:6201/api/v1/attendance/userData","timestamp":"2025-01-03T10:37:53.997Z"}
{"level":"info","message":"Router-----store Register Form Data","timestamp":"2025-01-03T10:37:54.004Z"}
{"level":"info","message":"GET URL REQ => http://192.168.29.35:6201/api/v1/validateTokenData","timestamp":"2025-01-03T10:37:54.005Z"}
{"level":"info","message":"GET URL REQ => http://192.168.29.35:6201/api/v1/attendance/userData","timestamp":"2025-01-03T10:37:54.018Z"}
{"level":"info","message":"GET URL REQ => http://192.168.29.35:6201/api/v1/attendance/userData","timestamp":"2025-01-03T10:37:54.049Z"}
{"level":"info","message":"GET URL REQ => http://192.168.29.35:6201/api/v1/attendance/userData","timestamp":"2025-01-03T10:37:54.096Z"}
{"level":"info","message":"GET URL REQ => http://192.168.29.35:6201/api/v1/attendance/userData","timestamp":"2025-01-03T10:37:54.160Z"}
{"level":"info","message":"GET URL REQ => http://192.168.29.35:6201/api/v1/attendance/userData","timestamp":"2025-01-03T10:37:54.213Z"}
{"level":"info","message":"GET URL REQ => http://192.168.29.35:6201/api/v1/attendance/userData","timestamp":"2025-01-03T10:37:54.324Z"}
{"level":"info","message":"Router-----store Register Form Data","timestamp":"2025-01-03T10:37:54.341Z"}
{"level":"info","message":"GET URL REQ => http://192.168.29.35:6201/api/v1/validateTokenData","timestamp":"2025-01-03T10:37:54.342Z"}
{"level":"info","message":"GET URL REQ => http://192.168.29.35:6201/api/v1/attendance/userData","timestamp":"2025-01-03T10:37:54.344Z"}
{"level":"info","message":"Router-----store Register Form Data","timestamp":"2025-01-03T10:45:36.700Z"}
{"level":"info","message":"GET URL REQ => http://192.168.29.35:6201/api/v1/validateTokenData","timestamp":"2025-01-03T10:45:36.702Z"}
{"level":"info","message":"GET URL REQ => http://192.168.29.35:6201/api/v1/attendance/userData","timestamp":"2025-01-03T10:45:36.706Z"}
{"level":"info","message":"Router-----store Register Form Data","timestamp":"2025-01-03T10:45:36.710Z"}
{"level":"info","message":"GET URL REQ => http://192.168.29.35:6201/api/v1/validateTokenData","timestamp":"2025-01-03T10:45:36.711Z"}
{"level":"info","message":"GET URL REQ => http://192.168.29.35:6201/api/v1/attendance/userData","timestamp":"2025-01-03T10:45:36.713Z"}
{"level":"info","message":"Router-----store Register Form Data","timestamp":"2025-01-03T10:49:56.357Z"}
{"level":"info","message":"GET URL REQ => http://192.168.29.35:6201/api/v1/validateTokenData","timestamp":"2025-01-03T10:49:56.357Z"}
{"level":"info","message":"GET URL REQ => http://192.168.29.35:6201/api/v1/attendance/userData","timestamp":"2025-01-03T10:49:56.362Z"}
{"level":"info","message":"Router-----store Register Form Data","timestamp":"2025-01-03T10:49:59.421Z"}
{"level":"info","message":"GET URL REQ => http://192.168.29.35:6201/api/v1/validateTokenData","timestamp":"2025-01-03T10:49:59.422Z"}
{"level":"info","message":"GET URL REQ => http://192.168.29.35:6201/api/v1/attendance/userData","timestamp":"2025-01-03T10:49:59.425Z"}
{"level":"info","message":"Router-----store Register Form Data","timestamp":"2025-01-03T10:51:53.067Z"}
{"level":"info","message":"GET URL REQ => http://192.168.29.35:6201/api/v1/validateTokenData","timestamp":"2025-01-03T10:51:53.068Z"}
{"level":"info","message":"GET URL REQ => http://192.168.29.35:6201/api/v1/attendance/userData","timestamp":"2025-01-03T10:51:53.072Z"}
{"level":"info","message":"Router-----store Register Form Data","timestamp":"2025-01-03T10:51:56.547Z"}
{"level":"info","message":"GET URL REQ => http://192.168.29.35:6201/api/v1/validateTokenData","timestamp":"2025-01-03T10:51:56.548Z"}
{"level":"info","message":"GET URL REQ => http://192.168.29.35:6201/api/v1/attendance/userData","timestamp":"2025-01-03T10:51:56.552Z"}
{"level":"info","message":"Router-----store Register Form Data","timestamp":"2025-01-03T10:52:10.758Z"}
{"level":"info","message":"GET URL REQ => http://192.168.29.35:6201/api/v1/validateTokenData","timestamp":"2025-01-03T10:52:10.759Z"}
{"level":"info","message":"GET URL REQ => http://192.168.29.35:6201/api/v1/attendance/userData","timestamp":"2025-01-03T10:52:10.762Z"}
{"level":"info","message":"Router-----store Register Form Data","timestamp":"2025-01-03T10:52:16.804Z"}
{"level":"info","message":"GET URL REQ => http://192.168.29.35:6201/api/v1/validateTokenData","timestamp":"2025-01-03T10:52:16.805Z"}
{"level":"info","message":"GET URL REQ => http://192.168.29.35:6201/api/v1/attendance/userData","timestamp":"2025-01-03T10:52:16.808Z"}
{"level":"info","message":"Router-----store Register Form Data","timestamp":"2025-01-03T10:52:24.979Z"}
{"level":"info","message":"GET URL REQ => http://192.168.29.35:6201/api/v1/validateTokenData","timestamp":"2025-01-03T10:52:24.980Z"}
{"level":"info","message":"GET URL REQ => http://192.168.29.35:6201/api/v1/attendance/userData","timestamp":"2025-01-03T10:52:24.983Z"}
{"level":"info","message":"Router-----store Register Form Data","timestamp":"2025-01-03T10:52:33.179Z"}
{"level":"info","message":"GET URL REQ => http://192.168.29.35:6201/api/v1/validateTokenData","timestamp":"2025-01-03T10:52:33.180Z"}
{"level":"info","message":"GET URL REQ => http://192.168.29.35:6201/api/v1/attendance/userData","timestamp":"2025-01-03T10:52:33.183Z"}
{"level":"info","message":"Router-----store Register Form Data","timestamp":"2025-01-03T10:52:37.303Z"}
{"level":"info","message":"GET URL REQ => http://192.168.29.35:6201/api/v1/validateTokenData","timestamp":"2025-01-03T10:52:37.304Z"}
{"level":"info","message":"GET URL REQ => http://192.168.29.35:6201/api/v1/attendance/userData","timestamp":"2025-01-03T10:52:37.308Z"}
{"level":"info","message":"Router-----store Register Form Data","timestamp":"2025-01-03T10:53:00.007Z"}
{"level":"info","message":"GET URL REQ => http://192.168.29.35:6201/api/v1/validateTokenData","timestamp":"2025-01-03T10:53:00.011Z"}
{"level":"info","message":"GET URL REQ => http://192.168.29.35:6201/api/v1/attendance/userData","timestamp":"2025-01-03T10:53:00.020Z"}
{"level":"info","message":"Router-----store Register Form Data","timestamp":"2025-01-03T10:53:02.071Z"}
{"level":"info","message":"GET URL REQ => http://192.168.29.35:6201/api/v1/validateTokenData","timestamp":"2025-01-03T10:53:02.072Z"}
{"level":"info","message":"GET URL REQ => http://192.168.29.35:6201/api/v1/attendance/userData","timestamp":"2025-01-03T10:53:02.075Z"}
{"level":"info","message":"Router-----store Register Form Data","timestamp":"2025-01-03T10:53:46.986Z"}
{"level":"info","message":"GET URL REQ => http://192.168.29.35:6201/api/v1/validateTokenData","timestamp":"2025-01-03T10:53:46.987Z"}
{"level":"info","message":"GET URL REQ => http://192.168.29.35:6201/api/v1/attendance/userData","timestamp":"2025-01-03T10:53:46.991Z"}
{"level":"info","message":"Router-----store Register Form Data","timestamp":"2025-01-03T10:53:48.008Z"}
{"level":"info","message":"GET URL REQ => http://192.168.29.35:6201/api/v1/validateTokenData","timestamp":"2025-01-03T10:53:48.008Z"}
{"level":"info","message":"GET URL REQ => http://192.168.29.35:6201/api/v1/attendance/userData","timestamp":"2025-01-03T10:53:48.011Z"}
{"level":"info","message":"Router-----store Register Form Data","timestamp":"2025-01-03T10:53:54.205Z"}
{"level":"info","message":"GET URL REQ => http://192.168.29.35:6201/api/v1/validateTokenData","timestamp":"2025-01-03T10:53:54.205Z"}
{"level":"info","message":"GET URL REQ => http://192.168.29.35:6201/api/v1/attendance/userData","timestamp":"2025-01-03T10:53:54.208Z"}
{"level":"info","message":"Router-----store Register Form Data","timestamp":"2025-01-03T10:53:59.378Z"}
{"level":"info","message":"GET URL REQ => http://192.168.29.35:6201/api/v1/validateTokenData","timestamp":"2025-01-03T10:53:59.378Z"}
{"level":"info","message":"GET URL REQ => http://192.168.29.35:6201/api/v1/attendance/userData","timestamp":"2025-01-03T10:53:59.382Z"}
{"level":"info","message":"Router-----store Register Form Data","timestamp":"2025-01-03T10:54:01.627Z"}
{"level":"info","message":"GET URL REQ => http://192.168.29.35:6201/api/v1/validateTokenData","timestamp":"2025-01-03T10:54:01.628Z"}
{"level":"info","message":"GET URL REQ => http://192.168.29.35:6201/api/v1/attendance/userData","timestamp":"2025-01-03T10:54:01.631Z"}
{"level":"info","message":"Router-----store Register Form Data","timestamp":"2025-01-03T10:54:20.033Z"}
{"level":"info","message":"GET URL REQ => http://192.168.29.35:6201/api/v1/validateTokenData","timestamp":"2025-01-03T10:54:20.035Z"}
{"level":"info","message":"GET URL REQ => http://192.168.29.35:6201/api/v1/attendance/userData","timestamp":"2025-01-03T10:54:20.039Z"}
{"level":"info","message":"Router-----store Register Form Data","timestamp":"2025-01-03T10:54:43.385Z"}
{"level":"info","message":"GET URL REQ => http://192.168.29.35:6201/api/v1/validateTokenData","timestamp":"2025-01-03T10:54:43.385Z"}
{"level":"info","message":"GET URL REQ => http://192.168.29.35:6201/api/v1/attendance/userData","timestamp":"2025-01-03T10:54:43.389Z"}
{"level":"info","message":"Router-----store Register Form Data","timestamp":"2025-01-03T10:54:46.377Z"}
{"level":"info","message":"GET URL REQ => http://192.168.29.35:6201/api/v1/validateTokenData","timestamp":"2025-01-03T10:54:46.378Z"}
{"level":"info","message":"GET URL REQ => http://192.168.29.35:6201/api/v1/attendance/userData","timestamp":"2025-01-03T10:54:46.380Z"}
{"level":"info","message":"Router-----store Register Form Data","timestamp":"2025-01-03T10:57:07.601Z"}
{"level":"info","message":"GET URL REQ => http://192.168.29.35:6201/api/v1/validateTokenData","timestamp":"2025-01-03T10:57:07.604Z"}
{"level":"info","message":"GET URL REQ => http://192.168.29.35:6201/api/v1/attendance/userData","timestamp":"2025-01-03T10:57:07.608Z"}
{"level":"info","message":"Router-----store Register Form Data","timestamp":"2025-01-03T10:57:09.506Z"}
{"level":"info","message":"GET URL REQ => http://192.168.29.35:6201/api/v1/validateTokenData","timestamp":"2025-01-03T10:57:09.507Z"}
{"level":"info","message":"GET URL REQ => http://192.168.29.35:6201/api/v1/attendance/userData","timestamp":"2025-01-03T10:57:09.510Z"}
{"level":"info","message":"Router-----store Register Form Data","timestamp":"2025-01-03T10:58:58.871Z"}
{"level":"info","message":"GET URL REQ => http://192.168.29.35:6201/api/v1/validateTokenData","timestamp":"2025-01-03T10:58:58.872Z"}
{"level":"info","message":"GET URL REQ => http://192.168.29.35:6201/api/v1/attendance/userData","timestamp":"2025-01-03T10:58:58.876Z"}
{"level":"info","message":"Router-----store Register Form Data","timestamp":"2025-01-03T10:59:27.326Z"}
{"level":"info","message":"GET URL REQ => http://192.168.29.35:6201/api/v1/validateTokenData","timestamp":"2025-01-03T10:59:27.327Z"}
{"level":"info","message":"Router-----store Register Form Data","timestamp":"2025-01-03T10:59:27.334Z"}
{"level":"info","message":"GET URL REQ => http://192.168.29.35:6201/api/v1/validateTokenData","timestamp":"2025-01-03T10:59:27.335Z"}
{"level":"info","message":"GET URL REQ => http://192.168.29.35:6201/api/v1/attendance/userData","timestamp":"2025-01-03T10:59:27.338Z"}
{"level":"info","message":"GET URL REQ => http://192.168.29.35:6201/api/v1/attendance/userData","timestamp":"2025-01-03T10:59:27.342Z"}
{"level":"info","message":"Router-----store Register Form Data","timestamp":"2025-01-03T10:59:38.782Z"}
{"level":"info","message":"GET URL REQ => http://192.168.29.35:6201/api/v1/validateTokenData","timestamp":"2025-01-03T10:59:38.785Z"}
{"level":"info","message":"GET URL REQ => http://192.168.29.35:6201/api/v1/attendance/userData","timestamp":"2025-01-03T10:59:38.792Z"}
{"level":"info","message":"Router-----store Register Form Data","timestamp":"2025-01-03T10:59:38.803Z"}
{"level":"info","message":"GET URL REQ => http://192.168.29.35:6201/api/v1/validateTokenData","timestamp":"2025-01-03T10:59:38.803Z"}
{"level":"info","message":"GET URL REQ => http://192.168.29.35:6201/api/v1/attendance/userData","timestamp":"2025-01-03T10:59:38.811Z"}
{"level":"info","message":"Router-----store Register Form Data","timestamp":"2025-01-03T10:59:39.833Z"}
{"level":"info","message":"GET URL REQ => http://192.168.29.35:6201/api/v1/validateTokenData","timestamp":"2025-01-03T10:59:39.834Z"}
{"level":"info","message":"GET URL REQ => http://192.168.29.35:6201/api/v1/attendance/userData","timestamp":"2025-01-03T10:59:39.840Z"}
{"level":"info","message":"Router-----store Register Form Data","timestamp":"2025-01-03T10:59:39.850Z"}
{"level":"info","message":"GET URL REQ => http://192.168.29.35:6201/api/v1/validateTokenData","timestamp":"2025-01-03T10:59:39.851Z"}
{"level":"info","message":"GET URL REQ => http://192.168.29.35:6201/api/v1/attendance/userData","timestamp":"2025-01-03T10:59:39.856Z"}
{"level":"info","message":"GET URL REQ => http://192.168.29.35:6201/api/v1/attendance/user","timestamp":"2025-01-03T10:59:40.038Z"}
{"level":"info","message":"Router-----store Register Form Data","timestamp":"2025-01-03T10:59:41.030Z"}
{"level":"info","message":"GET URL REQ => http://192.168.29.35:6201/api/v1/validateTokenData","timestamp":"2025-01-03T10:59:41.032Z"}
{"level":"info","message":"GET URL REQ => http://192.168.29.35:6201/api/v1/attendance/userData","timestamp":"2025-01-03T10:59:41.038Z"}
{"level":"info","message":"Router-----store Register Form Data","timestamp":"2025-01-03T10:59:45.390Z"}
{"level":"info","message":"GET URL REQ => http://192.168.29.35:6201/api/v1/validateTokenData","timestamp":"2025-01-03T10:59:45.391Z"}
{"level":"info","message":"GET URL REQ => http://192.168.29.35:6201/api/v1/attendance/userData","timestamp":"2025-01-03T10:59:45.395Z"}
{"level":"info","message":"Router-----store Register Form Data","timestamp":"2025-01-03T10:59:45.403Z"}
{"level":"info","message":"GET URL REQ => http://192.168.29.35:6201/api/v1/validateTokenData","timestamp":"2025-01-03T10:59:45.403Z"}
{"level":"info","message":"GET URL REQ => http://192.168.29.35:6201/api/v1/attendance/userData","timestamp":"2025-01-03T10:59:45.408Z"}
{"level":"info","message":"GET URL REQ => http://192.168.29.35:6201/api/v1/attendance/user","timestamp":"2025-01-03T10:59:45.643Z"}
{"level":"info","message":"GET URL REQ => http://192.168.29.35:6201/api/v1/attendance/user","timestamp":"2025-01-03T10:59:49.048Z"}
{"level":"info","message":"GET URL REQ => http://192.168.29.35:6201/api/v1/attendance/user","timestamp":"2025-01-03T10:59:49.054Z"}
{"level":"info","message":"GET URL REQ => http://192.168.29.35:6201/api/v1/attendance/user","timestamp":"2025-01-03T11:00:18.860Z"}
{"level":"info","message":"GET URL REQ => http://192.168.29.35:6201/api/v1/attendance/user","timestamp":"2025-01-03T11:00:18.872Z"}
{"level":"info","message":"GET URL REQ => http://192.168.29.35:6201/api/v1/attendance/user","timestamp":"2025-01-03T11:00:36.188Z"}
{"level":"info","message":"GET URL REQ => http://192.168.29.35:6201/api/v1/attendance/user","timestamp":"2025-01-03T11:00:36.196Z"}
{"level":"info","message":"GET URL REQ => http://192.168.29.35:6201/api/v1/attendance/user","timestamp":"2025-01-03T11:00:38.066Z"}
{"level":"info","message":"GET URL REQ => http://192.168.29.35:6201/api/v1/attendance/user","timestamp":"2025-01-03T11:00:38.072Z"}
{"level":"info","message":"GET URL REQ => http://192.168.29.35:6201/api/v1/attendance/user","timestamp":"2025-01-03T11:00:39.306Z"}
{"level":"info","message":"GET URL REQ => http://192.168.29.35:6201/api/v1/attendance/user","timestamp":"2025-01-03T11:00:39.314Z"}
{"level":"info","message":"server running --- from server.ts","timestamp":"2025-01-03T11:02:02.981Z"}
{"level":"info","message":"GET URL REQ => http://192.168.29.35:6201/api/v1/attendance/user","timestamp":"2025-01-03T11:02:10.765Z"}
{"level":"info","message":"GET URL REQ => http://192.168.29.35:6201/api/v1/attendance/user","timestamp":"2025-01-03T11:02:10.775Z"}
{"level":"info","message":"GET URL REQ => http://192.168.29.35:6201/api/v1/users/login","timestamp":"2025-01-03T11:04:18.869Z"}
{"level":"info","message":"Router-----store Register Form Data","timestamp":"2025-01-03T11:04:20.350Z"}
{"level":"info","message":"GET URL REQ => http://192.168.29.35:6201/api/v1/validateTokenData","timestamp":"2025-01-03T11:04:20.352Z"}
{"level":"info","message":"Router-----store Register Form Data","timestamp":"2025-01-03T11:04:20.359Z"}
{"level":"info","message":"GET URL REQ => http://192.168.29.35:6201/api/v1/validateTokenData","timestamp":"2025-01-03T11:04:20.360Z"}
{"level":"info","message":"Router-----store Register Form Data","timestamp":"2025-01-03T11:04:25.359Z"}
{"level":"info","message":"GET URL REQ => http://192.168.29.35:6201/api/v1/validateTokenData","timestamp":"2025-01-03T11:04:25.361Z"}
{"level":"info","message":"Router-----store Register Form Data","timestamp":"2025-01-03T11:04:25.367Z"}
{"level":"info","message":"GET URL REQ => http://192.168.29.35:6201/api/v1/validateTokenData","timestamp":"2025-01-03T11:04:25.368Z"}
{"level":"info","message":"GET URL REQ => http://192.168.29.35:6201/api/v1/attendance/userData","timestamp":"2025-01-03T11:04:25.372Z"}
{"level":"info","message":"GET URL REQ => http://192.168.29.35:6201/api/v1/attendance/userData","timestamp":"2025-01-03T11:04:25.380Z"}
{"level":"info","message":"GET URL REQ => http://192.168.29.35:6201/api/v1/attendance/user","timestamp":"2025-01-03T11:04:25.697Z"}
{"level":"info","message":"GET URL REQ => http://192.168.29.35:6201/api/v1/attendance/user","timestamp":"2025-01-03T11:04:30.470Z"}
{"level":"info","message":"GET URL REQ => http://192.168.29.35:6201/api/v1/attendance/user","timestamp":"2025-01-03T11:04:30.478Z"}
{"level":"info","message":"GET URL REQ => http://192.168.29.35:6201/api/v1/attendance/user","timestamp":"2025-01-03T11:04:37.287Z"}
{"level":"info","message":"GET URL REQ => http://192.168.29.35:6201/api/v1/attendance/user","timestamp":"2025-01-03T11:04:37.293Z"}
{"level":"info","message":"GET URL REQ => http://192.168.29.35:6201/api/v1/attendance/user","timestamp":"2025-01-03T11:04:38.671Z"}
{"level":"info","message":"GET URL REQ => http://192.168.29.35:6201/api/v1/attendance/user","timestamp":"2025-01-03T11:04:38.681Z"}
{"level":"info","message":"Router-----store Register Form Data","timestamp":"2025-01-03T11:04:46.114Z"}
{"level":"info","message":"GET URL REQ => http://192.168.29.35:6201/api/v1/validateTokenData","timestamp":"2025-01-03T11:04:46.115Z"}
{"level":"info","message":"Router-----store Register Form Data","timestamp":"2025-01-03T11:04:46.121Z"}
{"level":"info","message":"GET URL REQ => http://192.168.29.35:6201/api/v1/validateTokenData","timestamp":"2025-01-03T11:04:46.123Z"}
{"level":"info","message":"Router-----store Register Form Data","timestamp":"2025-01-03T11:04:54.689Z"}
{"level":"info","message":"GET URL REQ => http://192.168.29.35:6201/api/v1/validateTokenData","timestamp":"2025-01-03T11:04:54.690Z"}
{"level":"info","message":"GET URL REQ => http://192.168.29.35:6201/api/v1/attendance/userData","timestamp":"2025-01-03T11:04:54.695Z"}
{"level":"info","message":"Router-----store Register Form Data","timestamp":"2025-01-03T11:04:54.700Z"}
{"level":"info","message":"GET URL REQ => http://192.168.29.35:6201/api/v1/validateTokenData","timestamp":"2025-01-03T11:04:54.700Z"}
{"level":"info","message":"GET URL REQ => http://192.168.29.35:6201/api/v1/attendance/userData","timestamp":"2025-01-03T11:04:54.702Z"}
{"level":"info","message":"GET URL REQ => http://192.168.29.35:6201/api/v1/attendance/user","timestamp":"2025-01-03T11:04:54.824Z"}
{"level":"info","message":"GET URL REQ => http://192.168.29.35:6201/api/v1/attendance/user","timestamp":"2025-01-03T11:05:30.112Z"}
{"level":"info","message":"GET URL REQ => http://192.168.29.35:6201/api/v1/attendance/user","timestamp":"2025-01-03T11:05:30.120Z"}
{"level":"info","message":"GET URL REQ => http://192.168.29.35:6201/api/v1/attendance/user","timestamp":"2025-01-03T11:05:30.788Z"}
{"level":"info","message":"GET URL REQ => http://192.168.29.35:6201/api/v1/attendance/user","timestamp":"2025-01-03T11:05:30.795Z"}
{"level":"info","message":"GET URL REQ => http://192.168.29.35:6201/api/v1/attendance/user","timestamp":"2025-01-03T11:06:31.469Z"}
{"level":"info","message":"GET URL REQ => http://192.168.29.35:6201/api/v1/attendance/user","timestamp":"2025-01-03T11:06:31.477Z"}
{"level":"info","message":"GET URL REQ => http://192.168.29.35:6201/api/v1/attendance/user","timestamp":"2025-01-03T11:06:32.698Z"}
{"level":"info","message":"GET URL REQ => http://192.168.29.35:6201/api/v1/attendance/user","timestamp":"2025-01-03T11:06:32.705Z"}
{"level":"info","message":"GET URL REQ => http://192.168.29.35:6201/api/v1/attendance/user","timestamp":"2025-01-03T11:06:35.078Z"}
{"level":"info","message":"GET URL REQ => http://192.168.29.35:6201/api/v1/attendance/user","timestamp":"2025-01-03T11:06:51.335Z"}
{"level":"info","message":"GET URL REQ => http://192.168.29.35:6201/api/v1/attendance/user","timestamp":"2025-01-03T11:06:51.343Z"}
{"level":"info","message":"GET URL REQ => http://192.168.29.35:6201/api/v1/attendance/user","timestamp":"2025-01-03T11:13:09.545Z"}
{"level":"info","message":"GET URL REQ => http://192.168.29.35:6201/api/v1/attendance/user","timestamp":"2025-01-03T11:13:09.553Z"}
{"level":"info","message":"GET URL REQ => http://192.168.29.35:6201/api/v1/attendance/user","timestamp":"2025-01-03T11:13:11.030Z"}
{"level":"info","message":"GET URL REQ => http://192.168.29.35:6201/api/v1/attendance/user","timestamp":"2025-01-03T11:13:11.037Z"}
{"level":"info","message":"GET URL REQ => http://192.168.29.35:6201/api/v1/attendance/user","timestamp":"2025-01-03T11:13:12.373Z"}
{"level":"info","message":"GET URL REQ => http://192.168.29.35:6201/api/v1/attendance/user","timestamp":"2025-01-03T11:13:12.380Z"}
{"level":"info","message":"GET URL REQ => http://192.168.29.35:6201/api/v1/attendance/user","timestamp":"2025-01-03T11:13:13.523Z"}
{"level":"info","message":"GET URL REQ => http://192.168.29.35:6201/api/v1/attendance/user","timestamp":"2025-01-03T11:13:13.530Z"}
{"level":"info","message":"Router-----store Register Form Data","timestamp":"2025-01-03T11:13:32.087Z"}
{"level":"info","message":"GET URL REQ => http://192.168.29.35:6201/api/v1/validateTokenData","timestamp":"2025-01-03T11:13:32.089Z"}
{"level":"info","message":"Router-----store Register Form Data","timestamp":"2025-01-03T11:13:32.096Z"}
{"level":"info","message":"GET URL REQ => http://192.168.29.35:6201/api/v1/validateTokenData","timestamp":"2025-01-03T11:13:32.096Z"}
{"level":"info","message":"Router-----store Register Form Data","timestamp":"2025-01-03T11:13:33.697Z"}
{"level":"info","message":"GET URL REQ => http://192.168.29.35:6201/api/v1/validateTokenData","timestamp":"2025-01-03T11:13:33.698Z"}
{"level":"info","message":"GET URL REQ => http://192.168.29.35:6201/api/v1/studentFees/Data","timestamp":"2025-01-03T11:13:33.709Z"}
{"level":"info","message":"Router-----store Register Form Data","timestamp":"2025-01-03T11:13:33.715Z"}
{"level":"info","message":"GET URL REQ => http://192.168.29.35:6201/api/v1/validateTokenData","timestamp":"2025-01-03T11:13:33.716Z"}
{"level":"info","message":"GET URL REQ => http://192.168.29.35:6201/api/v1/studentFees/Data","timestamp":"2025-01-03T11:13:33.722Z"}
{"level":"info","message":"Router-----store Register Form Data","timestamp":"2025-01-03T11:13:34.372Z"}
{"level":"info","message":"GET URL REQ => http://192.168.29.35:6201/api/v1/validateTokenData","timestamp":"2025-01-03T11:13:34.374Z"}
{"level":"info","message":"GET URL REQ line 1133=> http://192.168.29.35:6201/api/v1/user/profileData","timestamp":"2025-01-03T11:13:34.380Z"}
{"level":"info","message":"Router-----store Register Form Data","timestamp":"2025-01-03T11:13:34.392Z"}
{"level":"info","message":"GET URL REQ => http://192.168.29.35:6201/api/v1/validateTokenData","timestamp":"2025-01-03T11:13:34.393Z"}
{"level":"info","message":"GET URL REQ line 1133=> http://192.168.29.35:6201/api/v1/user/profileData","timestamp":"2025-01-03T11:13:34.398Z"}
{"level":"info","message":"Router-----store Register Form Data","timestamp":"2025-01-03T11:14:17.138Z"}
{"level":"info","message":"GET URL REQ => http://192.168.29.35:6201/api/v1/validateTokenData","timestamp":"2025-01-03T11:14:17.139Z"}
{"level":"info","message":"Router-----store Register Form Data","timestamp":"2025-01-03T11:14:17.145Z"}
{"level":"info","message":"GET URL REQ => http://192.168.29.35:6201/api/v1/validateTokenData","timestamp":"2025-01-03T11:14:17.147Z"}
{"level":"info","message":"GET URL REQ => http://192.168.29.35:6201/api/v1/attendance/userData","timestamp":"2025-01-03T11:14:17.150Z"}
{"level":"info","message":"GET URL REQ => http://192.168.29.35:6201/api/v1/attendance/userData","timestamp":"2025-01-03T11:14:17.153Z"}
{"level":"info","message":"GET URL REQ => http://192.168.29.35:6201/api/v1/attendance/user","timestamp":"2025-01-03T11:14:17.419Z"}
{"level":"info","message":"server running --- from server.ts","timestamp":"2025-01-03T12:51:15.263Z"}
