{"level":"info","message":"server running --- from server.ts","timestamp":"2024-12-31T03:46:39.830Z"}
{"level":"info","message":"GET URL REQ => http://localhost:6201/api/v1/users/login","timestamp":"2024-12-31T03:48:28.212Z"}
{"level":"info","message":"GET URL REQ => http://localhost:6201/api/v1/staff/dashBoard","timestamp":"2024-12-31T03:48:35.578Z"}
{"level":"info","message":"GET URL REQ => http://localhost:6201/api/v1/staff/dashBoard","timestamp":"2024-12-31T03:48:35.598Z"}
{"level":"info","message":"Router-----store Register Form Data","timestamp":"2024-12-31T03:48:35.609Z"}
{"level":"info","message":"GET URL REQ => http://localhost:6201/api/v1/validateTokenData","timestamp":"2024-12-31T03:48:35.610Z"}
{"level":"info","message":"Router-----store Register Form Data","timestamp":"2024-12-31T03:48:35.622Z"}
{"level":"info","message":"GET URL REQ => http://localhost:6201/api/v1/validateTokenData","timestamp":"2024-12-31T03:48:35.624Z"}
{"level":"info","message":"Router-----store Register Form Data","timestamp":"2024-12-31T03:49:10.235Z"}
{"level":"info","message":"GET URL REQ => http://localhost:6201/api/v1/validateTokenData","timestamp":"2024-12-31T03:49:10.238Z"}
{"level":"info","message":"Router-----store Register Form Data","timestamp":"2024-12-31T03:49:10.247Z"}
{"level":"info","message":"GET URL REQ => http://localhost:6201/api/v1/validateTokenData","timestamp":"2024-12-31T03:49:10.248Z"}
{"level":"info","message":"GET URL REQ => http://localhost:6201/api/v1/attendance/overView","timestamp":"2024-12-31T03:49:10.264Z"}
{"level":"info","message":"GET URL REQ => http://localhost:6201/api/v1/attendance/overView","timestamp":"2024-12-31T03:49:10.278Z"}
{"level":"info","message":"GET URL REQ => http://localhost:6201/api/v1/attendance/session","timestamp":"2024-12-31T03:49:15.225Z"}
{"level":"info","message":"GET URL REQ => http://localhost:6201/api/v1/attendance/session","timestamp":"2024-12-31T03:49:15.266Z"}
{"level":"info","message":"GET URL REQ => http://localhost:6201/api/v1/attendance/reportOptions","timestamp":"2024-12-31T03:49:31.780Z"}
{"level":"info","message":"GET URL REQ => http://localhost:6201/api/v1/attendance/reportOptions","timestamp":"2024-12-31T03:49:51.342Z"}
{"level":"info","message":"GET URL REQ => http://localhost:6201/api/v1/attendance/reportOptions","timestamp":"2024-12-31T03:51:09.634Z"}
{"level":"info","message":"GET URL REQ => http://localhost:6201/api/v1/attendance/reportOptions","timestamp":"2024-12-31T03:51:21.867Z"}
{"level":"info","message":"GET URL REQ => http://localhost:6201/api/v1/attendance/report","timestamp":"2024-12-31T03:51:38.405Z"}
{"level":"info","message":"GET URL REQ => http://localhost:6201/api/v1/attendance/report","timestamp":"2024-12-31T03:52:03.769Z"}
{"level":"info","message":"GET URL REQ => http://localhost:6201/api/v1/attendance/report","timestamp":"2024-12-31T03:52:28.049Z"}
{"level":"info","message":"GET URL REQ => http://localhost:6201/api/v1/attendance/reportOptions","timestamp":"2024-12-31T03:53:15.776Z"}
{"level":"info","message":"GET URL REQ => http://localhost:6201/api/v1/attendance/reportOptions","timestamp":"2024-12-31T03:53:21.182Z"}
{"level":"info","message":"GET URL REQ => http://localhost:6201/api/v1/attendance/report","timestamp":"2024-12-31T03:53:27.810Z"}
{"level":"info","message":"GET URL REQ => http://localhost:6201/api/v1/users/login","timestamp":"2024-12-31T03:54:00.513Z"}
{"level":"info","message":"GET URL REQ => http://localhost:6201/api/v1/staff/dashBoard","timestamp":"2024-12-31T03:54:02.072Z"}
{"level":"info","message":"Router-----store Register Form Data","timestamp":"2024-12-31T03:54:02.077Z"}
{"level":"info","message":"GET URL REQ => http://localhost:6201/api/v1/validateTokenData","timestamp":"2024-12-31T03:54:02.078Z"}
{"level":"info","message":"Router-----store Register Form Data","timestamp":"2024-12-31T03:54:02.325Z"}
{"level":"info","message":"GET URL REQ => http://localhost:6201/api/v1/validateTokenData","timestamp":"2024-12-31T03:54:02.326Z"}
{"level":"info","message":"GET URL REQ => http://localhost:6201/api/v1/staff/dashBoard","timestamp":"2024-12-31T03:54:02.569Z"}
{"level":"info","message":"Router-----store Register Form Data","timestamp":"2024-12-31T03:54:05.195Z"}
{"level":"info","message":"GET URL REQ => http://localhost:6201/api/v1/validateTokenData","timestamp":"2024-12-31T03:54:05.196Z"}
{"level":"info","message":"GET URL REQ => http://localhost:6201/api/v1/attendance/overView","timestamp":"2024-12-31T03:54:05.203Z"}
{"level":"info","message":"Router-----store Register Form Data","timestamp":"2024-12-31T03:54:05.268Z"}
{"level":"info","message":"GET URL REQ => http://localhost:6201/api/v1/validateTokenData","timestamp":"2024-12-31T03:54:05.269Z"}
{"level":"info","message":"GET URL REQ => http://localhost:6201/api/v1/attendance/overView","timestamp":"2024-12-31T03:54:05.333Z"}
{"level":"info","message":"GET URL REQ => http://localhost:6201/api/v1/attendance/session","timestamp":"2024-12-31T03:54:10.417Z"}
{"level":"info","message":"GET URL REQ => http://localhost:6201/api/v1/attendance/session","timestamp":"2024-12-31T03:54:10.433Z"}
{"level":"info","message":"GET URL REQ => http://localhost:6201/api/v1/attendance/reportOptions","timestamp":"2024-12-31T03:54:24.816Z"}
{"level":"info","message":"GET URL REQ => http://localhost:6201/api/v1/attendance/report","timestamp":"2024-12-31T03:54:47.954Z"}
{"level":"info","message":"GET URL REQ => http://localhost:6201/api/v1/attendance/reportOptions","timestamp":"2024-12-31T03:55:03.093Z"}
{"level":"info","message":"GET URL REQ => http://localhost:6201/api/v1/attendance/reportOptions","timestamp":"2024-12-31T03:55:10.755Z"}
{"level":"info","message":"GET URL REQ => http://localhost:6201/api/v1/attendance/report","timestamp":"2024-12-31T03:55:17.532Z"}
{"level":"info","message":"server running --- from server.ts","timestamp":"2024-12-31T03:56:42.290Z"}
{"level":"info","message":"server running --- from server.ts","timestamp":"2024-12-31T03:56:51.973Z"}
{"level":"info","message":"GET URL REQ => http://localhost:6201/api/v1/attendance/report","timestamp":"2024-12-31T03:56:57.645Z"}
{"level":"info","message":"server running --- from server.ts","timestamp":"2024-12-31T03:57:44.528Z"}
{"level":"info","message":"GET URL REQ => http://localhost:6201/api/v1/attendance/report","timestamp":"2024-12-31T03:57:59.392Z"}
{"level":"info","message":"server running --- from server.ts","timestamp":"2024-12-31T03:58:40.541Z"}
{"level":"info","message":"server running --- from server.ts","timestamp":"2024-12-31T03:58:47.868Z"}
{"level":"info","message":"server running --- from server.ts","timestamp":"2024-12-31T03:59:04.229Z"}
{"level":"info","message":"server running --- from server.ts","timestamp":"2024-12-31T03:59:50.045Z"}
{"level":"info","message":"GET URL REQ => http://localhost:6201/api/v1/attendance/report","timestamp":"2024-12-31T03:59:54.370Z"}
{"level":"info","message":"GET URL REQ => http://localhost:6201/api/v1/attendance/session","timestamp":"2024-12-31T04:04:35.240Z"}
{"level":"info","message":"GET URL REQ => http://localhost:6201/api/v1/attendance/session","timestamp":"2024-12-31T04:04:35.265Z"}
{"level":"info","message":"GET URL REQ => http://localhost:6201/api/v1/attendance/session","timestamp":"2024-12-31T04:04:36.414Z"}
{"level":"info","message":"GET URL REQ => http://localhost:6201/api/v1/attendance/session","timestamp":"2024-12-31T04:04:36.738Z"}
{"level":"info","message":"GET URL REQ => http://localhost:6201/api/v1/attendance/userSearch","timestamp":"2024-12-31T04:04:46.798Z"}
{"level":"info","message":"GET URL REQ => http://localhost:6201/api/v1/attendance/userSearch","timestamp":"2024-12-31T04:04:46.956Z"}
{"level":"info","message":"GET URL REQ => http://localhost:6201/api/v1/attendance/userSearch","timestamp":"2024-12-31T04:04:47.037Z"}
{"level":"info","message":"GET URL REQ => http://localhost:6201/api/v1/attendance/userSearch","timestamp":"2024-12-31T04:04:47.063Z"}
{"level":"info","message":"GET URL REQ => http://localhost:6201/api/v1/attendance/userSearch","timestamp":"2024-12-31T04:04:47.095Z"}
{"level":"info","message":"GET URL REQ => http://localhost:6201/api/v1/attendance/user","timestamp":"2024-12-31T04:04:48.649Z"}
{"level":"info","message":"GET URL REQ => http://localhost:6201/api/v1/attendance/user","timestamp":"2024-12-31T04:04:49.096Z"}
{"level":"info","message":"GET URL REQ => http://localhost:6201/api/v1/attendance/userSearch","timestamp":"2024-12-31T04:06:50.536Z"}
{"level":"info","message":"GET URL REQ => http://localhost:6201/api/v1/attendance/userSearch","timestamp":"2024-12-31T04:06:50.760Z"}
{"level":"info","message":"GET URL REQ => http://localhost:6201/api/v1/attendance/userSearch","timestamp":"2024-12-31T04:06:50.782Z"}
{"level":"info","message":"GET URL REQ => http://localhost:6201/api/v1/attendance/userSearch","timestamp":"2024-12-31T04:06:50.923Z"}
{"level":"info","message":"GET URL REQ => http://localhost:6201/api/v1/attendance/userSearch","timestamp":"2024-12-31T04:06:51.063Z"}
{"level":"info","message":"GET URL REQ => http://localhost:6201/api/v1/attendance/user","timestamp":"2024-12-31T04:06:53.953Z"}
{"level":"info","message":"GET URL REQ => http://localhost:6201/api/v1/attendance/user","timestamp":"2024-12-31T04:06:54.342Z"}
{"level":"info","message":"GET URL REQ => http://localhost:6201/api/v1/attendance/userSearch","timestamp":"2024-12-31T04:07:27.695Z"}
{"level":"info","message":"GET URL REQ => http://localhost:6201/api/v1/attendance/userSearch","timestamp":"2024-12-31T04:07:27.938Z"}
{"level":"info","message":"GET URL REQ => http://localhost:6201/api/v1/attendance/userSearch","timestamp":"2024-12-31T04:07:28.141Z"}
{"level":"info","message":"GET URL REQ => http://localhost:6201/api/v1/attendance/userSearch","timestamp":"2024-12-31T04:07:28.478Z"}
{"level":"info","message":"GET URL REQ => http://localhost:6201/api/v1/attendance/userSearch","timestamp":"2024-12-31T04:07:28.799Z"}
{"level":"info","message":"GET URL REQ => http://localhost:6201/api/v1/attendance/user","timestamp":"2024-12-31T04:07:40.204Z"}
{"level":"info","message":"GET URL REQ => http://localhost:6201/api/v1/attendance/user","timestamp":"2024-12-31T04:07:40.538Z"}
{"level":"info","message":"GET URL REQ => http://localhost:6201/api/v1/attendance/session","timestamp":"2024-12-31T04:07:56.451Z"}
{"level":"info","message":"GET URL REQ => http://localhost:6201/api/v1/attendance/session","timestamp":"2024-12-31T04:07:56.468Z"}
{"level":"info","message":"Router-----store Register Form Data","timestamp":"2024-12-31T04:08:09.517Z"}
{"level":"info","message":"GET URL REQ => http://localhost:6201/api/v1/validateTokenData","timestamp":"2024-12-31T04:08:09.520Z"}
{"level":"info","message":"Router-----store Register Form Data","timestamp":"2024-12-31T04:08:09.740Z"}
{"level":"info","message":"GET URL REQ => http://localhost:6201/api/v1/validateTokenData","timestamp":"2024-12-31T04:08:09.742Z"}
{"level":"info","message":"GET URL REQ => http://localhost:6201/api/v1/futureClients/data","timestamp":"2024-12-31T04:08:09.895Z"}
{"level":"info","message":"GET URL REQ => http://localhost:6201/api/v1/futureClients/data","timestamp":"2024-12-31T04:08:09.953Z"}
{"level":"info","message":"Router-----store Register Form Data","timestamp":"2024-12-31T04:08:10.623Z"}
{"level":"info","message":"GET URL REQ => http://localhost:6201/api/v1/validateTokenData","timestamp":"2024-12-31T04:08:10.625Z"}
{"level":"info","message":"GET URL REQ => http://localhost:6201/api/v1/attendance/overView","timestamp":"2024-12-31T04:08:10.635Z"}
{"level":"info","message":"Router-----store Register Form Data","timestamp":"2024-12-31T04:08:10.679Z"}
{"level":"info","message":"GET URL REQ => http://localhost:6201/api/v1/validateTokenData","timestamp":"2024-12-31T04:08:10.681Z"}
{"level":"info","message":"GET URL REQ => http://localhost:6201/api/v1/attendance/overView","timestamp":"2024-12-31T04:08:11.114Z"}
{"level":"info","message":"Router-----store Register Form Data","timestamp":"2024-12-31T04:08:11.784Z"}
{"level":"info","message":"GET URL REQ => http://localhost:6201/api/v1/validateTokenData","timestamp":"2024-12-31T04:08:11.785Z"}
{"level":"info","message":"Router-----store Register Form Data","timestamp":"2024-12-31T04:08:11.847Z"}
{"level":"info","message":"GET URL REQ => http://localhost:6201/api/v1/validateTokenData","timestamp":"2024-12-31T04:08:11.851Z"}
{"level":"info","message":"GET URL REQ => http://localhost:6201/api/v1/futureClients/data","timestamp":"2024-12-31T04:08:11.964Z"}
{"level":"info","message":"GET URL REQ => http://localhost:6201/api/v1/futureClients/data","timestamp":"2024-12-31T04:08:12.018Z"}
{"level":"info","message":"GET URL REQ => http://localhost:6201/api/v1/futureClients/auditPage","timestamp":"2024-12-31T04:08:13.830Z"}
{"level":"info","message":"GET URL REQ => http://localhost:6201/api/v1/futureClients/actionBtn","timestamp":"2024-12-31T04:08:13.839Z"}
{"level":"info","message":"server running --- from server.ts","timestamp":"2024-12-31T04:12:09.386Z"}
{"level":"info","message":"server running --- from server.ts","timestamp":"2024-12-31T04:12:31.743Z"}
{"level":"info","message":"server running --- from server.ts","timestamp":"2024-12-31T04:19:39.385Z"}
{"level":"info","message":"server running --- from server.ts","timestamp":"2024-12-31T04:20:42.178Z"}
{"level":"info","message":"server running --- from server.ts","timestamp":"2024-12-31T04:21:31.726Z"}
{"level":"info","message":"GET URL REQ => http://localhost:6201/api/v1/users/login","timestamp":"2024-12-31T04:21:37.695Z"}
{"level":"info","message":"GET URL REQ => http://localhost:6201/api/v1/staff/dashBoard","timestamp":"2024-12-31T04:21:43.839Z"}
{"level":"info","message":"Router-----store Register Form Data","timestamp":"2024-12-31T04:21:43.845Z"}
{"level":"info","message":"GET URL REQ => http://localhost:6201/api/v1/validateTokenData","timestamp":"2024-12-31T04:21:43.846Z"}
{"level":"info","message":"GET URL REQ => http://localhost:6201/api/v1/staff/dashBoard","timestamp":"2024-12-31T04:21:43.851Z"}
{"level":"info","message":"Router-----store Register Form Data","timestamp":"2024-12-31T04:21:43.857Z"}
{"level":"info","message":"GET URL REQ => http://localhost:6201/api/v1/validateTokenData","timestamp":"2024-12-31T04:21:43.858Z"}
{"level":"info","message":"Router-----store Register Form Data","timestamp":"2024-12-31T04:22:30.963Z"}
{"level":"info","message":"GET URL REQ => http://localhost:6201/api/v1/validateTokenData","timestamp":"2024-12-31T04:22:30.965Z"}
{"level":"info","message":"Router-----store Register Form Data","timestamp":"2024-12-31T04:22:30.976Z"}
{"level":"info","message":"GET URL REQ => http://localhost:6201/api/v1/validateTokenData","timestamp":"2024-12-31T04:22:30.978Z"}
{"level":"info","message":"GET URL REQ => http://localhost:6201/api/v1/therapist/approvalData","timestamp":"2024-12-31T04:22:31.320Z"}
{"level":"info","message":"GET URL REQ => http://localhost:6201/api/v1/therapist/approvalData","timestamp":"2024-12-31T04:22:31.328Z"}
{"level":"info","message":"Router-----store Register Form Data","timestamp":"2024-12-31T04:22:34.342Z"}
{"level":"info","message":"GET URL REQ => http://localhost:6201/api/v1/validateTokenData","timestamp":"2024-12-31T04:22:34.344Z"}
{"level":"info","message":"Router-----store Register Form Data","timestamp":"2024-12-31T04:22:34.347Z"}
{"level":"info","message":"GET URL REQ => http://localhost:6201/api/v1/validateTokenData","timestamp":"2024-12-31T04:22:34.348Z"}
{"level":"info","message":"GET URL REQ => http://localhost:6201/api/v1/staff/userManagementPage","timestamp":"2024-12-31T04:22:34.444Z"}
{"level":"info","message":"GET URL REQ => http://localhost:6201/api/v1/staff/userManagementPage","timestamp":"2024-12-31T04:22:34.452Z"}
{"level":"info","message":"GET URL REQ => http://localhost:6201/api/v1/director/userData","timestamp":"2024-12-31T04:22:39.067Z"}
{"level":"info","message":"GET URL REQ line 1133=> http://localhost:6201/api/v1/user/profileData","timestamp":"2024-12-31T04:22:39.362Z"}
{"level":"info","message":"GET URL REQ line 1133=> http://localhost:6201/api/v1/user/profileData","timestamp":"2024-12-31T04:22:39.368Z"}
{"level":"info","message":"GET URL REQ line 1133=> http://localhost:6201/api/v1/user/profileData","timestamp":"2024-12-31T04:22:43.314Z"}
{"level":"info","message":"GET URL REQ line 1133=> http://localhost:6201/api/v1/user/profileData","timestamp":"2024-12-31T04:22:43.323Z"}
{"level":"info","message":"GET URL REQ => http://localhost:6201/api/v1/staff/dashBoard","timestamp":"2024-12-31T04:22:46.118Z"}
{"level":"info","message":"Router-----store Register Form Data","timestamp":"2024-12-31T04:22:46.126Z"}
{"level":"info","message":"GET URL REQ => http://localhost:6201/api/v1/validateTokenData","timestamp":"2024-12-31T04:22:46.128Z"}
{"level":"info","message":"GET URL REQ => http://localhost:6201/api/v1/staff/dashBoard","timestamp":"2024-12-31T04:22:46.135Z"}
{"level":"info","message":"Router-----store Register Form Data","timestamp":"2024-12-31T04:22:46.144Z"}
{"level":"info","message":"GET URL REQ => http://localhost:6201/api/v1/validateTokenData","timestamp":"2024-12-31T04:22:46.145Z"}
{"level":"info","message":"Router-----store Register Form Data","timestamp":"2024-12-31T04:22:46.833Z"}
{"level":"info","message":"GET URL REQ => http://localhost:6201/api/v1/validateTokenData","timestamp":"2024-12-31T04:22:46.834Z"}
{"level":"info","message":"Router-----store Register Form Data","timestamp":"2024-12-31T04:22:46.841Z"}
{"level":"info","message":"GET URL REQ => http://localhost:6201/api/v1/validateTokenData","timestamp":"2024-12-31T04:22:46.842Z"}
{"level":"info","message":"GET URL REQ => http://localhost:6201/api/v1/staff/userManagementPage","timestamp":"2024-12-31T04:22:46.957Z"}
{"level":"info","message":"GET URL REQ => http://localhost:6201/api/v1/staff/userManagementPage","timestamp":"2024-12-31T04:22:46.972Z"}
{"level":"info","message":"Router-----store Register Form Data","timestamp":"2024-12-31T04:22:47.398Z"}
{"level":"info","message":"GET URL REQ => http://localhost:6201/api/v1/validateTokenData","timestamp":"2024-12-31T04:22:47.399Z"}
{"level":"info","message":"Router-----store Register Form Data","timestamp":"2024-12-31T04:22:47.404Z"}
{"level":"info","message":"GET URL REQ => http://localhost:6201/api/v1/validateTokenData","timestamp":"2024-12-31T04:22:47.405Z"}
{"level":"info","message":"GET URL REQ => http://localhost:6201/api/v1/therapist/approvalData","timestamp":"2024-12-31T04:22:47.504Z"}
{"level":"info","message":"GET URL REQ => http://localhost:6201/api/v1/therapist/approvalData","timestamp":"2024-12-31T04:22:47.515Z"}
{"level":"info","message":"Router-----store Register Form Data","timestamp":"2024-12-31T04:22:48.531Z"}
{"level":"info","message":"GET URL REQ => http://localhost:6201/api/v1/validateTokenData","timestamp":"2024-12-31T04:22:48.532Z"}
{"level":"info","message":"Router-----store Register Form Data","timestamp":"2024-12-31T04:22:48.536Z"}
{"level":"info","message":"GET URL REQ => http://localhost:6201/api/v1/validateTokenData","timestamp":"2024-12-31T04:22:48.536Z"}
{"level":"info","message":"GET URL REQ => http://localhost:6201/api/v1/staff/studentApproval","timestamp":"2024-12-31T04:22:48.635Z"}
{"level":"info","message":"GET URL REQ => http://localhost:6201/api/v1/staff/studentApproval","timestamp":"2024-12-31T04:22:48.644Z"}
{"level":"info","message":"Router-----store Register Form Data","timestamp":"2024-12-31T04:22:49.396Z"}
{"level":"info","message":"GET URL REQ => http://localhost:6201/api/v1/validateTokenData","timestamp":"2024-12-31T04:22:49.397Z"}
{"level":"info","message":"Router-----store Register Form Data","timestamp":"2024-12-31T04:22:49.406Z"}
{"level":"info","message":"GET URL REQ => http://localhost:6201/api/v1/validateTokenData","timestamp":"2024-12-31T04:22:49.408Z"}
{"level":"info","message":"GET URL REQ => http://localhost:6201/api/v1/studentFees/Data","timestamp":"2024-12-31T04:22:49.414Z"}
{"level":"info","message":"GET URL REQ => http://localhost:6201/api/v1/studentFees/Data","timestamp":"2024-12-31T04:22:49.425Z"}
{"level":"info","message":"Router-----store Register Form Data","timestamp":"2024-12-31T04:22:50.272Z"}
{"level":"info","message":"GET URL REQ => http://localhost:6201/api/v1/validateTokenData","timestamp":"2024-12-31T04:22:50.274Z"}
{"level":"info","message":"Router-----store Register Form Data","timestamp":"2024-12-31T04:22:50.278Z"}
{"level":"info","message":"GET URL REQ => http://localhost:6201/api/v1/validateTokenData","timestamp":"2024-12-31T04:22:50.279Z"}
{"level":"info","message":"GET URL REQ => http://localhost:6201/api/v1/staff/studentApproval","timestamp":"2024-12-31T04:22:50.388Z"}
{"level":"info","message":"GET URL REQ => http://localhost:6201/api/v1/staff/studentApproval","timestamp":"2024-12-31T04:22:50.395Z"}
{"level":"info","message":"Router-----store Register Form Data","timestamp":"2024-12-31T04:22:51.537Z"}
{"level":"info","message":"GET URL REQ => http://localhost:6201/api/v1/validateTokenData","timestamp":"2024-12-31T04:22:51.538Z"}
{"level":"info","message":"Router-----store Register Form Data","timestamp":"2024-12-31T04:22:51.544Z"}
{"level":"info","message":"GET URL REQ => http://localhost:6201/api/v1/validateTokenData","timestamp":"2024-12-31T04:22:51.545Z"}
{"level":"info","message":"GET URL REQ => http://localhost:6201/api/v1/therapist/approvalData","timestamp":"2024-12-31T04:22:51.643Z"}
{"level":"info","message":"GET URL REQ => http://localhost:6201/api/v1/therapist/approvalData","timestamp":"2024-12-31T04:22:51.654Z"}
{"level":"info","message":"GET URL REQ => http://localhost:6201/api/v1/director/userData","timestamp":"2024-12-31T04:22:52.898Z"}
{"level":"info","message":"GET URL REQ line 1133=> http://localhost:6201/api/v1/user/profileData","timestamp":"2024-12-31T04:22:53.003Z"}
{"level":"info","message":"GET URL REQ line 1133=> http://localhost:6201/api/v1/user/profileData","timestamp":"2024-12-31T04:22:53.007Z"}
{"level":"info","message":"GET URL REQ => http://localhost:6201/api/v1/director/userData","timestamp":"2024-12-31T04:24:07.165Z"}
{"level":"info","message":"GET URL REQ line 1133=> http://localhost:6201/api/v1/user/profileData","timestamp":"2024-12-31T04:24:07.299Z"}
{"level":"info","message":"GET URL REQ line 1133=> http://localhost:6201/api/v1/user/profileData","timestamp":"2024-12-31T04:24:07.306Z"}
{"level":"info","message":"GET URL REQ line 1133=> http://localhost:6201/api/v1/user/profileData","timestamp":"2024-12-31T04:35:51.588Z"}
{"level":"info","message":"GET URL REQ line 1133=> http://localhost:6201/api/v1/user/profileData","timestamp":"2024-12-31T04:36:20.889Z"}
{"level":"info","message":"GET URL REQ line 1133=> http://localhost:6201/api/v1/user/profileData","timestamp":"2024-12-31T04:36:45.044Z"}
{"level":"info","message":"GET URL REQ line 1133=> http://localhost:6201/api/v1/user/profileData","timestamp":"2024-12-31T04:36:48.362Z"}
{"level":"info","message":"GET URL REQ line 1133=> http://localhost:6201/api/v1/user/profileData","timestamp":"2024-12-31T04:36:52.853Z"}
{"level":"info","message":"GET URL REQ line 1133=> http://localhost:6201/api/v1/user/profileData","timestamp":"2024-12-31T04:36:55.448Z"}
{"level":"info","message":"GET URL REQ line 1133=> http://localhost:6201/api/v1/user/profileData","timestamp":"2024-12-31T04:36:59.530Z"}
{"level":"info","message":"GET URL REQ line 1133=> http://localhost:6201/api/v1/user/profileData","timestamp":"2024-12-31T04:37:02.828Z"}
{"level":"info","message":"GET URL REQ line 1133=> http://localhost:6201/api/v1/user/profileData","timestamp":"2024-12-31T04:37:07.908Z"}
{"level":"info","message":"GET URL REQ line 1133=> http://localhost:6201/api/v1/user/profileData","timestamp":"2024-12-31T04:37:21.414Z"}
{"level":"info","message":"Router-----store Register Form Data","timestamp":"2024-12-31T04:39:26.823Z"}
{"level":"info","message":"GET URL REQ => http://localhost:6201/api/v1/validateTokenData","timestamp":"2024-12-31T04:39:26.824Z"}
{"level":"info","message":"Router-----store Register Form Data","timestamp":"2024-12-31T04:39:26.832Z"}
{"level":"info","message":"GET URL REQ => http://localhost:6201/api/v1/validateTokenData","timestamp":"2024-12-31T04:39:26.833Z"}
{"level":"info","message":"GET URL REQ => http://localhost:6201/api/v1/staff/userManagementPage","timestamp":"2024-12-31T04:39:27.122Z"}
{"level":"info","message":"GET URL REQ => http://localhost:6201/api/v1/staff/userManagementPage","timestamp":"2024-12-31T04:39:27.137Z"}
{"level":"info","message":"GET URL REQ => http://localhost:6201/api/v1/director/userData","timestamp":"2024-12-31T04:39:31.293Z"}
{"level":"info","message":"GET URL REQ line 1133=> http://localhost:6201/api/v1/user/profileData","timestamp":"2024-12-31T04:39:31.551Z"}
{"level":"info","message":"GET URL REQ line 1133=> http://localhost:6201/api/v1/user/profileData","timestamp":"2024-12-31T04:39:31.556Z"}
{"level":"info","message":"GET URL REQ => http://localhost:6201/api/v1/director/userData","timestamp":"2024-12-31T04:39:42.784Z"}
{"level":"info","message":"GET URL REQ line 1133=> http://localhost:6201/api/v1/user/profileData","timestamp":"2024-12-31T04:39:42.891Z"}
{"level":"info","message":"GET URL REQ line 1133=> http://localhost:6201/api/v1/user/profileData","timestamp":"2024-12-31T04:39:42.910Z"}
{"level":"info","message":"GET URL REQ => http://localhost:6201/api/v1/director/userData","timestamp":"2024-12-31T04:40:58.183Z"}
{"level":"info","message":"GET URL REQ line 1133=> http://localhost:6201/api/v1/user/profileData","timestamp":"2024-12-31T04:40:58.390Z"}
{"level":"info","message":"GET URL REQ line 1133=> http://localhost:6201/api/v1/user/profileData","timestamp":"2024-12-31T04:40:58.409Z"}
{"level":"info","message":"GET URL REQ => http://localhost:6201/api/v1/staff/userManagementPage","timestamp":"2024-12-31T04:42:02.312Z"}
{"level":"info","message":"Router-----store Register Form Data","timestamp":"2024-12-31T04:44:19.662Z"}
{"level":"info","message":"GET URL REQ => http://localhost:6201/api/v1/validateTokenData","timestamp":"2024-12-31T04:44:19.663Z"}
{"level":"info","message":"Router-----store Register Form Data","timestamp":"2024-12-31T04:44:19.668Z"}
{"level":"info","message":"GET URL REQ => http://localhost:6201/api/v1/validateTokenData","timestamp":"2024-12-31T04:44:19.669Z"}
{"level":"info","message":"Router-----store Register Form Data","timestamp":"2024-12-31T04:44:26.759Z"}
{"level":"info","message":"GET URL REQ => http://localhost:6201/api/v1/validateTokenData","timestamp":"2024-12-31T04:44:26.760Z"}
{"level":"info","message":"Router-----store Register Form Data","timestamp":"2024-12-31T04:44:26.769Z"}
{"level":"info","message":"GET URL REQ => http://localhost:6201/api/v1/validateTokenData","timestamp":"2024-12-31T04:44:26.770Z"}
{"level":"info","message":"Router-----store Register Form Data","timestamp":"2024-12-31T04:44:43.014Z"}
{"level":"info","message":"GET URL REQ => http://localhost:6201/api/v1/validateTokenData","timestamp":"2024-12-31T04:44:43.017Z"}
{"level":"info","message":"Router-----store Register Form Data","timestamp":"2024-12-31T04:44:43.023Z"}
{"level":"info","message":"GET URL REQ => http://localhost:6201/api/v1/validateTokenData","timestamp":"2024-12-31T04:44:43.024Z"}
{"level":"info","message":"Router-----store Register Form Data","timestamp":"2024-12-31T04:44:47.473Z"}
{"level":"info","message":"GET URL REQ => http://localhost:6201/api/v1/validateTokenData","timestamp":"2024-12-31T04:44:47.474Z"}
{"level":"info","message":"Router-----store Register Form Data","timestamp":"2024-12-31T04:44:47.480Z"}
{"level":"info","message":"GET URL REQ => http://localhost:6201/api/v1/validateTokenData","timestamp":"2024-12-31T04:44:47.481Z"}
{"level":"info","message":"Router-----store Register Form Data","timestamp":"2024-12-31T04:45:06.662Z"}
{"level":"info","message":"GET URL REQ => http://localhost:6201/api/v1/validateTokenData","timestamp":"2024-12-31T04:45:06.665Z"}
{"level":"info","message":"Router-----store Register Form Data","timestamp":"2024-12-31T04:45:06.675Z"}
{"level":"info","message":"GET URL REQ => http://localhost:6201/api/v1/validateTokenData","timestamp":"2024-12-31T04:45:06.676Z"}
{"level":"info","message":"Router-----store Register Form Data","timestamp":"2024-12-31T04:45:13.803Z"}
{"level":"info","message":"GET URL REQ => http://localhost:6201/api/v1/validateTokenData","timestamp":"2024-12-31T04:45:13.804Z"}
{"level":"info","message":"Router-----store Register Form Data","timestamp":"2024-12-31T04:45:13.809Z"}
{"level":"info","message":"GET URL REQ => http://localhost:6201/api/v1/validateTokenData","timestamp":"2024-12-31T04:45:13.810Z"}
{"level":"info","message":"Router-----store Register Form Data","timestamp":"2024-12-31T04:45:20.340Z"}
{"level":"info","message":"GET URL REQ => http://localhost:6201/api/v1/validateTokenData","timestamp":"2024-12-31T04:45:20.341Z"}
{"level":"info","message":"Router-----store Register Form Data","timestamp":"2024-12-31T04:45:20.347Z"}
{"level":"info","message":"GET URL REQ => http://localhost:6201/api/v1/validateTokenData","timestamp":"2024-12-31T04:45:20.348Z"}
{"level":"info","message":"Router-----store Register Form Data","timestamp":"2024-12-31T04:45:22.400Z"}
{"level":"info","message":"GET URL REQ => http://localhost:6201/api/v1/validateTokenData","timestamp":"2024-12-31T04:45:22.401Z"}
{"level":"info","message":"Router-----store Register Form Data","timestamp":"2024-12-31T04:45:22.405Z"}
{"level":"info","message":"GET URL REQ => http://localhost:6201/api/v1/validateTokenData","timestamp":"2024-12-31T04:45:22.406Z"}
{"level":"info","message":"Router-----store Register Form Data","timestamp":"2024-12-31T04:45:24.752Z"}
{"level":"info","message":"GET URL REQ => http://localhost:6201/api/v1/validateTokenData","timestamp":"2024-12-31T04:45:24.753Z"}
{"level":"info","message":"Router-----store Register Form Data","timestamp":"2024-12-31T04:45:24.757Z"}
{"level":"info","message":"GET URL REQ => http://localhost:6201/api/v1/validateTokenData","timestamp":"2024-12-31T04:45:24.758Z"}
{"level":"info","message":"GET URL REQ => http://localhost:6201/api/v1/staff/userManagementPage","timestamp":"2024-12-31T04:45:24.838Z"}
{"level":"info","message":"GET URL REQ => http://localhost:6201/api/v1/staff/userManagementPage","timestamp":"2024-12-31T04:45:24.845Z"}
{"level":"info","message":"GET URL REQ => http://localhost:6201/api/v1/director/userData","timestamp":"2024-12-31T04:45:27.012Z"}
{"level":"info","message":"GET URL REQ line 1133=> http://localhost:6201/api/v1/user/profileData","timestamp":"2024-12-31T04:45:27.247Z"}
{"level":"info","message":"GET URL REQ line 1133=> http://localhost:6201/api/v1/user/profileData","timestamp":"2024-12-31T04:45:27.252Z"}
{"level":"info","message":"GET URL REQ => http://localhost:6201/api/v1/director/userData","timestamp":"2024-12-31T04:46:03.094Z"}
{"level":"info","message":"GET URL REQ line 1133=> http://localhost:6201/api/v1/user/profileData","timestamp":"2024-12-31T04:46:03.215Z"}
{"level":"info","message":"GET URL REQ line 1133=> http://localhost:6201/api/v1/user/profileData","timestamp":"2024-12-31T04:46:03.223Z"}
{"level":"info","message":"GET URL REQ => http://localhost:6201/api/v1/director/userData","timestamp":"2024-12-31T04:46:16.735Z"}
{"level":"info","message":"GET URL REQ line 1133=> http://localhost:6201/api/v1/user/profileData","timestamp":"2024-12-31T04:46:16.870Z"}
{"level":"info","message":"GET URL REQ line 1133=> http://localhost:6201/api/v1/user/profileData","timestamp":"2024-12-31T04:46:16.888Z"}
{"level":"info","message":"GET URL REQ => http://localhost:6201/api/v1/users/login","timestamp":"2024-12-31T04:52:25.105Z"}
{"level":"info","message":"Router----- line 17","timestamp":"2024-12-31T04:52:25.781Z"}
{"level":"info","message":"GET URL REQ => http://localhost:6201/api/v1/validatetoken","timestamp":"2024-12-31T04:52:25.783Z"}
{"level":"info","message":"Router----- line 17","timestamp":"2024-12-31T04:52:32.522Z"}
{"level":"info","message":"GET URL REQ => http://localhost:6201/api/v1/validatetoken","timestamp":"2024-12-31T04:52:32.523Z"}
{"level":"info","message":"GET URL REQ => http://localhost:6201/api/v1/users/login","timestamp":"2024-12-31T04:52:54.289Z"}
{"level":"info","message":"Router----- line 17","timestamp":"2024-12-31T04:52:55.081Z"}
{"level":"info","message":"GET URL REQ => http://localhost:6201/api/v1/validatetoken","timestamp":"2024-12-31T04:52:55.085Z"}
{"level":"info","message":"Router----- line 17","timestamp":"2024-12-31T04:52:56.611Z"}
{"level":"info","message":"GET URL REQ => http://localhost:6201/api/v1/validatetoken","timestamp":"2024-12-31T04:52:56.612Z"}
{"level":"info","message":"GET URL REQ => http://localhost:6201/api/v1/profile/passRegisterData","timestamp":"2024-12-31T04:52:56.617Z"}
{"level":"info","message":"GET URL REQ => http://localhost:6201/api/v1/profile/passRegisterData","timestamp":"2024-12-31T04:52:56.902Z"}
{"level":"info","message":"GET URL REQ => http://localhost:6201/api/v1/profile/MemberList","timestamp":"2024-12-31T04:53:16.424Z"}
{"level":"info","message":"GET URL REQ => http://localhost:6201/api/v1/profile/sectionTime","timestamp":"2024-12-31T04:53:35.322Z"}
{"level":"info","message":"server running --- from server.ts","timestamp":"2024-12-31T05:13:26.979Z"}
{"level":"info","message":"server running --- from server.ts","timestamp":"2024-12-31T05:13:33.081Z"}
{"level":"info","message":"Router----- line 17","timestamp":"2024-12-31T05:13:56.345Z"}
{"level":"info","message":"GET URL REQ => http://localhost:6201/api/v1/validatetoken","timestamp":"2024-12-31T05:13:56.348Z"}
{"level":"info","message":"Router----- line 17","timestamp":"2024-12-31T05:13:56.362Z"}
{"level":"info","message":"GET URL REQ => http://localhost:6201/api/v1/validatetoken","timestamp":"2024-12-31T05:13:56.364Z"}
{"level":"info","message":"Router----- line 17","timestamp":"2024-12-31T05:13:57.766Z"}
{"level":"info","message":"GET URL REQ => http://localhost:6201/api/v1/validatetoken","timestamp":"2024-12-31T05:13:57.768Z"}
{"level":"info","message":"GET URL REQ => http://localhost:6201/api/v1/users/login","timestamp":"2024-12-31T05:14:05.483Z"}
{"level":"info","message":"GET URL REQ => http://localhost:6201/api/v1/users/login","timestamp":"2024-12-31T05:14:08.874Z"}
{"level":"info","message":"GET URL REQ => http://localhost:6201/api/v1/staff/dashBoard","timestamp":"2024-12-31T05:14:10.430Z"}
{"level":"info","message":"GET URL REQ => http://localhost:6201/api/v1/staff/dashBoard","timestamp":"2024-12-31T05:14:10.439Z"}
{"level":"info","message":"Router-----store Register Form Data","timestamp":"2024-12-31T05:14:10.446Z"}
{"level":"info","message":"GET URL REQ => http://localhost:6201/api/v1/validateTokenData","timestamp":"2024-12-31T05:14:10.448Z"}
{"level":"info","message":"Router-----store Register Form Data","timestamp":"2024-12-31T05:14:10.459Z"}
{"level":"info","message":"GET URL REQ => http://localhost:6201/api/v1/validateTokenData","timestamp":"2024-12-31T05:14:10.461Z"}
{"level":"info","message":"Router-----store Register Form Data","timestamp":"2024-12-31T05:14:11.531Z"}
{"level":"info","message":"GET URL REQ => http://localhost:6201/api/v1/validateTokenData","timestamp":"2024-12-31T05:14:11.533Z"}
{"level":"info","message":"Router-----store Register Form Data","timestamp":"2024-12-31T05:14:11.539Z"}
{"level":"info","message":"GET URL REQ => http://localhost:6201/api/v1/validateTokenData","timestamp":"2024-12-31T05:14:11.540Z"}
{"level":"info","message":"GET URL REQ => http://localhost:6201/api/v1/staff/userManagementPage","timestamp":"2024-12-31T05:14:11.715Z"}
{"level":"info","message":"GET URL REQ => http://localhost:6201/api/v1/staff/userManagementPage","timestamp":"2024-12-31T05:14:11.727Z"}
{"level":"info","message":"GET URL REQ => http://localhost:6201/api/v1/director/userData","timestamp":"2024-12-31T05:14:16.239Z"}
{"level":"info","message":"GET URL REQ line 1133=> http://localhost:6201/api/v1/user/profileData","timestamp":"2024-12-31T05:14:16.571Z"}
{"level":"info","message":"GET URL REQ line 1133=> http://localhost:6201/api/v1/user/profileData","timestamp":"2024-12-31T05:14:16.582Z"}
{"level":"info","message":"GET URL REQ => http://localhost:6201/api/v1/staff/userManagementPage","timestamp":"2024-12-31T05:15:07.422Z"}
{"level":"info","message":"GET URL REQ => http://localhost:6201/api/v1/staff/userManagementPage","timestamp":"2024-12-31T05:15:14.264Z"}
{"level":"info","message":"GET URL REQ => http://localhost:6201/api/v1/staff/userManagementPage","timestamp":"2024-12-31T05:15:29.363Z"}
{"level":"info","message":"GET URL REQ => http://localhost:6201/api/v1/staff/userManagementPage","timestamp":"2024-12-31T05:15:41.618Z"}
{"level":"info","message":"GET URL REQ => http://localhost:6201/api/v1/staff/userManagementPage","timestamp":"2024-12-31T05:15:45.117Z"}
{"level":"info","message":"GET URL REQ => http://localhost:6201/api/v1/staff/userManagementPage","timestamp":"2024-12-31T05:15:52.335Z"}
{"level":"info","message":"GET URL REQ => http://localhost:6201/api/v1/staff/userManagementPage","timestamp":"2024-12-31T05:15:54.735Z"}
{"level":"info","message":"GET URL REQ => http://localhost:6201/api/v1/staff/userManagementPage","timestamp":"2024-12-31T05:16:01.185Z"}
{"level":"info","message":"GET URL REQ => http://localhost:6201/api/v1/staff/userManagementPage","timestamp":"2024-12-31T05:16:06.801Z"}
{"level":"info","message":"GET URL REQ => http://localhost:6201/api/v1/staff/userManagementPage","timestamp":"2024-12-31T05:16:17.648Z"}
{"level":"info","message":"GET URL REQ => http://localhost:6201/api/v1/staff/userManagementPage","timestamp":"2024-12-31T05:16:21.736Z"}
{"level":"info","message":"GET URL REQ => http://localhost:6201/api/v1/staff/userManagementPage","timestamp":"2024-12-31T05:16:34.689Z"}
{"level":"info","message":"GET URL REQ => http://localhost:6201/api/v1/staff/userManagementPage","timestamp":"2024-12-31T05:16:39.527Z"}
{"level":"info","message":"GET URL REQ => http://localhost:6201/api/v1/staff/userManagementPage","timestamp":"2024-12-31T05:16:41.490Z"}
{"level":"info","message":"GET URL REQ => http://localhost:6201/api/v1/staff/userManagementPage","timestamp":"2024-12-31T05:16:45.252Z"}
{"level":"info","message":"GET URL REQ => http://localhost:6201/api/v1/staff/userManagementPage","timestamp":"2024-12-31T05:16:50.066Z"}
{"level":"info","message":"GET URL REQ => http://localhost:6201/api/v1/staff/userManagementPage","timestamp":"2024-12-31T05:16:55.392Z"}
{"level":"info","message":"GET URL REQ => http://localhost:6201/api/v1/staff/userManagementPage","timestamp":"2024-12-31T05:17:01.179Z"}
{"level":"info","message":"GET URL REQ => http://localhost:6201/api/v1/staff/userManagementPage","timestamp":"2024-12-31T05:17:06.552Z"}
{"level":"info","message":"GET URL REQ => http://localhost:6201/api/v1/staff/userManagementPage","timestamp":"2024-12-31T05:17:11.908Z"}
{"level":"info","message":"GET URL REQ => http://localhost:6201/api/v1/staff/userManagementPage","timestamp":"2024-12-31T05:17:16.437Z"}
{"level":"info","message":"GET URL REQ => http://localhost:6201/api/v1/staff/userManagementPage","timestamp":"2024-12-31T05:17:40.341Z"}
{"level":"info","message":"GET URL REQ => http://localhost:6201/api/v1/staff/userManagementPage","timestamp":"2024-12-31T05:17:42.119Z"}
{"level":"info","message":"GET URL REQ => http://localhost:6201/api/v1/staff/userManagementPage","timestamp":"2024-12-31T05:17:46.357Z"}
{"level":"info","message":"GET URL REQ => http://localhost:6201/api/v1/staff/userManagementPage","timestamp":"2024-12-31T05:17:51.086Z"}
{"level":"info","message":"GET URL REQ => http://localhost:6201/api/v1/staff/userManagementPage","timestamp":"2024-12-31T05:17:55.348Z"}
{"level":"info","message":"GET URL REQ => http://localhost:6201/api/v1/staff/userManagementPage","timestamp":"2024-12-31T05:17:59.727Z"}
{"level":"info","message":"GET URL REQ => http://localhost:6201/api/v1/staff/userManagementPage","timestamp":"2024-12-31T05:18:03.764Z"}
{"level":"info","message":"GET URL REQ => http://localhost:6201/api/v1/staff/userManagementPage","timestamp":"2024-12-31T05:18:05.363Z"}
{"level":"info","message":"GET URL REQ => http://localhost:6201/api/v1/staff/userManagementPage","timestamp":"2024-12-31T05:18:13.215Z"}
{"level":"info","message":"GET URL REQ => http://localhost:6201/api/v1/staff/userManagementPage","timestamp":"2024-12-31T05:18:14.327Z"}
{"level":"info","message":"GET URL REQ => http://localhost:6201/api/v1/staff/userManagementPage","timestamp":"2024-12-31T05:18:23.764Z"}
{"level":"info","message":"GET URL REQ => http://localhost:6201/api/v1/staff/userManagementPage","timestamp":"2024-12-31T05:18:25.165Z"}
{"level":"info","message":"GET URL REQ => http://localhost:6201/api/v1/staff/userManagementPage","timestamp":"2024-12-31T05:18:25.178Z"}
{"level":"info","message":"GET URL REQ => http://localhost:6201/api/v1/staff/userManagementPage","timestamp":"2024-12-31T05:18:30.564Z"}
{"level":"info","message":"GET URL REQ => http://localhost:6201/api/v1/staff/userManagementPage","timestamp":"2024-12-31T05:20:19.635Z"}
{"level":"info","message":"GET URL REQ => http://localhost:6201/api/v1/staff/userManagementPage","timestamp":"2024-12-31T05:20:25.818Z"}
{"level":"info","message":"Router-----store Register Form Data","timestamp":"2024-12-31T05:20:28.702Z"}
{"level":"info","message":"GET URL REQ => http://localhost:6201/api/v1/validateTokenData","timestamp":"2024-12-31T05:20:28.703Z"}
{"level":"info","message":"Router-----store Register Form Data","timestamp":"2024-12-31T05:20:28.710Z"}
{"level":"info","message":"GET URL REQ => http://localhost:6201/api/v1/validateTokenData","timestamp":"2024-12-31T05:20:28.712Z"}
{"level":"info","message":"GET URL REQ => http://localhost:6201/api/v1/staff/userManagementPage","timestamp":"2024-12-31T05:20:28.943Z"}
{"level":"info","message":"GET URL REQ => http://localhost:6201/api/v1/staff/userManagementPage","timestamp":"2024-12-31T05:20:28.960Z"}
{"level":"info","message":"GET URL REQ => http://localhost:6201/api/v1/director/userData","timestamp":"2024-12-31T05:20:35.901Z"}
{"level":"info","message":"GET URL REQ line 1133=> http://localhost:6201/api/v1/user/profileData","timestamp":"2024-12-31T05:20:36.217Z"}
{"level":"info","message":"GET URL REQ line 1133=> http://localhost:6201/api/v1/user/profileData","timestamp":"2024-12-31T05:20:36.227Z"}
{"level":"info","message":"GET URL REQ => http://localhost:6201/api/v1/staff/userManagementPage","timestamp":"2024-12-31T05:25:15.141Z"}
{"level":"info","message":"GET URL REQ => http://localhost:6201/api/v1/staff/userManagementPage","timestamp":"2024-12-31T05:25:26.317Z"}
{"level":"info","message":"GET URL REQ => http://localhost:6201/api/v1/staff/userManagementPage","timestamp":"2024-12-31T05:25:39.281Z"}
{"level":"info","message":"GET URL REQ => http://localhost:6201/api/v1/staff/userManagementPage","timestamp":"2024-12-31T05:25:41.257Z"}
{"level":"info","message":"Router-----store Register Form Data","timestamp":"2024-12-31T05:26:16.934Z"}
{"level":"info","message":"GET URL REQ => http://localhost:6201/api/v1/validateTokenData","timestamp":"2024-12-31T05:26:16.936Z"}
{"level":"info","message":"Router-----store Register Form Data","timestamp":"2024-12-31T05:26:16.940Z"}
{"level":"info","message":"GET URL REQ => http://localhost:6201/api/v1/validateTokenData","timestamp":"2024-12-31T05:26:16.941Z"}
{"level":"info","message":"Router-----store Register Form Data","timestamp":"2024-12-31T05:26:18.639Z"}
{"level":"info","message":"GET URL REQ => http://localhost:6201/api/v1/validateTokenData","timestamp":"2024-12-31T05:26:18.641Z"}
{"level":"info","message":"Router-----store Register Form Data","timestamp":"2024-12-31T05:26:18.646Z"}
{"level":"info","message":"GET URL REQ => http://localhost:6201/api/v1/validateTokenData","timestamp":"2024-12-31T05:26:18.647Z"}
{"level":"info","message":"Router-----store Register Form Data","timestamp":"2024-12-31T05:26:22.521Z"}
{"level":"info","message":"GET URL REQ => http://localhost:6201/api/v1/validateTokenData","timestamp":"2024-12-31T05:26:22.524Z"}
{"level":"info","message":"Router-----store Register Form Data","timestamp":"2024-12-31T05:26:22.532Z"}
{"level":"info","message":"GET URL REQ => http://localhost:6201/api/v1/validateTokenData","timestamp":"2024-12-31T05:26:22.533Z"}
{"level":"info","message":"GET URL REQ => http://localhost:6201/api/v1/staff/userManagementPage","timestamp":"2024-12-31T05:26:22.635Z"}
{"level":"info","message":"GET URL REQ => http://localhost:6201/api/v1/staff/userManagementPage","timestamp":"2024-12-31T05:26:22.656Z"}
{"level":"info","message":"GET URL REQ => http://localhost:6201/api/v1/staff/userManagementPage","timestamp":"2024-12-31T05:26:24.813Z"}
{"level":"info","message":"GET URL REQ => http://localhost:6201/api/v1/staff/userManagementPage","timestamp":"2024-12-31T05:26:24.835Z"}
{"level":"info","message":"GET URL REQ => http://localhost:6201/api/v1/staff/userManagementPage","timestamp":"2024-12-31T05:26:27.719Z"}
{"level":"info","message":"GET URL REQ => http://localhost:6201/api/v1/staff/userManagementPage","timestamp":"2024-12-31T05:26:39.070Z"}
{"level":"info","message":"GET URL REQ => http://localhost:6201/api/v1/staff/userManagementPage","timestamp":"2024-12-31T05:26:39.084Z"}
{"level":"info","message":"GET URL REQ => http://localhost:6201/api/v1/staff/userManagementPage","timestamp":"2024-12-31T05:27:20.511Z"}
{"level":"info","message":"GET URL REQ => http://localhost:6201/api/v1/staff/userManagementPage","timestamp":"2024-12-31T05:28:04.701Z"}
{"level":"info","message":"GET URL REQ => http://localhost:6201/api/v1/staff/userManagementPage","timestamp":"2024-12-31T05:28:06.785Z"}
{"level":"info","message":"GET URL REQ => http://localhost:6201/api/v1/staff/userManagementPage","timestamp":"2024-12-31T05:28:14.433Z"}
{"level":"info","message":"GET URL REQ => http://localhost:6201/api/v1/staff/userManagementPage","timestamp":"2024-12-31T05:28:18.327Z"}
{"level":"info","message":"GET URL REQ => http://localhost:6201/api/v1/staff/userManagementPage","timestamp":"2024-12-31T05:28:20.153Z"}
{"level":"info","message":"GET URL REQ => http://localhost:6201/api/v1/staff/userManagementPage","timestamp":"2024-12-31T05:28:26.846Z"}
{"level":"info","message":"GET URL REQ => http://localhost:6201/api/v1/staff/userManagementPage","timestamp":"2024-12-31T05:28:35.249Z"}
{"level":"info","message":"GET URL REQ => http://localhost:6201/api/v1/staff/userManagementPage","timestamp":"2024-12-31T05:29:05.618Z"}
{"level":"info","message":"GET URL REQ => http://localhost:6201/api/v1/staff/userManagementPage","timestamp":"2024-12-31T05:29:14.149Z"}
{"level":"info","message":"GET URL REQ => http://localhost:6201/api/v1/staff/userManagementPage","timestamp":"2024-12-31T05:29:34.999Z"}
{"level":"info","message":"GET URL REQ => http://localhost:6201/api/v1/staff/userManagementPage","timestamp":"2024-12-31T05:30:03.899Z"}
{"level":"info","message":"GET URL REQ => http://localhost:6201/api/v1/staff/userManagementPage","timestamp":"2024-12-31T05:30:06.979Z"}
{"level":"info","message":"GET URL REQ => http://localhost:6201/api/v1/staff/userManagementPage","timestamp":"2024-12-31T05:30:19.272Z"}
{"level":"info","message":"GET URL REQ => http://localhost:6201/api/v1/staff/userManagementPage","timestamp":"2024-12-31T05:30:29.314Z"}
{"level":"info","message":"GET URL REQ => http://localhost:6201/api/v1/staff/userManagementPage","timestamp":"2024-12-31T05:30:31.385Z"}
{"level":"info","message":"GET URL REQ => http://localhost:6201/api/v1/staff/userManagementPage","timestamp":"2024-12-31T05:30:39.107Z"}
{"level":"info","message":"GET URL REQ => http://localhost:6201/api/v1/staff/userManagementPage","timestamp":"2024-12-31T05:30:40.494Z"}
{"level":"info","message":"GET URL REQ => http://localhost:6201/api/v1/staff/userManagementPage","timestamp":"2024-12-31T05:31:26.085Z"}
{"level":"info","message":"GET URL REQ => http://localhost:6201/api/v1/staff/userManagementPage","timestamp":"2024-12-31T05:31:27.839Z"}
{"level":"info","message":"GET URL REQ => http://localhost:6201/api/v1/staff/userManagementPage","timestamp":"2024-12-31T05:31:34.071Z"}
{"level":"info","message":"GET URL REQ => http://localhost:6201/api/v1/staff/userManagementPage","timestamp":"2024-12-31T05:31:35.164Z"}
{"level":"info","message":"GET URL REQ => http://localhost:6201/api/v1/staff/userManagementPage","timestamp":"2024-12-31T05:31:46.594Z"}
{"level":"info","message":"GET URL REQ => http://localhost:6201/api/v1/staff/userManagementPage","timestamp":"2024-12-31T05:31:49.091Z"}
{"level":"info","message":"GET URL REQ => http://localhost:6201/api/v1/staff/userManagementPage","timestamp":"2024-12-31T05:31:56.284Z"}
{"level":"info","message":"GET URL REQ => http://localhost:6201/api/v1/staff/userManagementPage","timestamp":"2024-12-31T05:31:59.322Z"}
{"level":"info","message":"GET URL REQ => http://localhost:6201/api/v1/staff/userManagementPage","timestamp":"2024-12-31T05:32:15.277Z"}
{"level":"info","message":"GET URL REQ => http://localhost:6201/api/v1/staff/userManagementPage","timestamp":"2024-12-31T05:32:18.729Z"}
{"level":"info","message":"GET URL REQ => http://localhost:6201/api/v1/staff/userManagementPage","timestamp":"2024-12-31T05:32:38.267Z"}
{"level":"info","message":"GET URL REQ => http://localhost:6201/api/v1/staff/userManagementPage","timestamp":"2024-12-31T05:33:08.569Z"}
{"level":"info","message":"GET URL REQ => http://localhost:6201/api/v1/staff/userManagementPage","timestamp":"2024-12-31T05:33:16.253Z"}
{"level":"info","message":"GET URL REQ => http://localhost:6201/api/v1/staff/userManagementPage","timestamp":"2024-12-31T05:33:29.022Z"}
{"level":"info","message":"GET URL REQ => http://localhost:6201/api/v1/staff/userManagementPage","timestamp":"2024-12-31T05:33:36.113Z"}
{"level":"info","message":"GET URL REQ => http://localhost:6201/api/v1/staff/userManagementPage","timestamp":"2024-12-31T05:33:48.851Z"}
{"level":"info","message":"GET URL REQ => http://localhost:6201/api/v1/staff/userManagementPage","timestamp":"2024-12-31T05:33:50.024Z"}
{"level":"info","message":"GET URL REQ => http://localhost:6201/api/v1/staff/userManagementPage","timestamp":"2024-12-31T05:33:57.519Z"}
{"level":"info","message":"GET URL REQ => http://localhost:6201/api/v1/staff/userManagementPage","timestamp":"2024-12-31T05:34:00.976Z"}
{"level":"info","message":"Router-----store Register Form Data","timestamp":"2024-12-31T05:38:03.276Z"}
{"level":"info","message":"GET URL REQ => http://localhost:6201/api/v1/validateTokenData","timestamp":"2024-12-31T05:38:03.278Z"}
{"level":"info","message":"Router-----store Register Form Data","timestamp":"2024-12-31T05:38:03.285Z"}
{"level":"info","message":"GET URL REQ => http://localhost:6201/api/v1/validateTokenData","timestamp":"2024-12-31T05:38:03.286Z"}
{"level":"info","message":"Router-----store Register Form Data","timestamp":"2024-12-31T05:38:17.360Z"}
{"level":"info","message":"GET URL REQ => http://localhost:6201/api/v1/validateTokenData","timestamp":"2024-12-31T05:38:17.362Z"}
{"level":"info","message":"Router-----store Register Form Data","timestamp":"2024-12-31T05:38:17.367Z"}
{"level":"info","message":"GET URL REQ => http://localhost:6201/api/v1/validateTokenData","timestamp":"2024-12-31T05:38:17.368Z"}
{"level":"info","message":"GET URL REQ => http://localhost:6201/api/v1/staff/userManagementPage","timestamp":"2024-12-31T05:38:17.609Z"}
{"level":"info","message":"GET URL REQ => http://localhost:6201/api/v1/staff/userManagementPage","timestamp":"2024-12-31T05:38:17.622Z"}
{"level":"info","message":"GET URL REQ => http://localhost:6201/api/v1/director/userData","timestamp":"2024-12-31T05:38:20.439Z"}
{"level":"info","message":"GET URL REQ line 1133=> http://localhost:6201/api/v1/user/profileData","timestamp":"2024-12-31T05:38:20.722Z"}
{"level":"info","message":"GET URL REQ line 1133=> http://localhost:6201/api/v1/user/profileData","timestamp":"2024-12-31T05:38:20.730Z"}
{"level":"info","message":"GET URL REQ => http://localhost:6201/api/v1/staff/userManagementPage","timestamp":"2024-12-31T05:38:36.443Z"}
{"level":"info","message":"GET URL REQ => http://localhost:6201/api/v1/staff/userManagementPage","timestamp":"2024-12-31T05:38:52.787Z"}
{"level":"info","message":"GET URL REQ => http://localhost:6201/api/v1/staff/userManagementPage","timestamp":"2024-12-31T05:39:37.074Z"}
{"level":"info","message":"GET URL REQ => http://localhost:6201/api/v1/staff/userManagementPage","timestamp":"2024-12-31T05:39:41.020Z"}
{"level":"info","message":"GET URL REQ => http://localhost:6201/api/v1/staff/userManagementPage","timestamp":"2024-12-31T05:39:43.422Z"}
{"level":"info","message":"GET URL REQ => http://localhost:6201/api/v1/staff/userManagementPage","timestamp":"2024-12-31T05:39:48.101Z"}
{"level":"info","message":"GET URL REQ => http://localhost:6201/api/v1/staff/userManagementPage","timestamp":"2024-12-31T05:39:52.735Z"}
{"level":"info","message":"GET URL REQ => http://localhost:6201/api/v1/staff/userManagementPage","timestamp":"2024-12-31T05:40:05.759Z"}
{"level":"info","message":"GET URL REQ => http://localhost:6201/api/v1/staff/userManagementPage","timestamp":"2024-12-31T05:40:06.363Z"}
{"level":"info","message":"GET URL REQ => http://localhost:6201/api/v1/staff/userManagementPage","timestamp":"2024-12-31T05:40:23.826Z"}
{"level":"info","message":"GET URL REQ => http://localhost:6201/api/v1/staff/userManagementPage","timestamp":"2024-12-31T05:40:35.663Z"}
{"level":"info","message":"GET URL REQ => http://localhost:6201/api/v1/staff/userManagementPage","timestamp":"2024-12-31T05:40:41.915Z"}
{"level":"info","message":"GET URL REQ => http://localhost:6201/api/v1/staff/userManagementPage","timestamp":"2024-12-31T05:40:52.917Z"}
{"level":"info","message":"GET URL REQ => http://localhost:6201/api/v1/staff/userManagementPage","timestamp":"2024-12-31T05:41:00.894Z"}
{"level":"info","message":"GET URL REQ => http://localhost:6201/api/v1/staff/userManagementPage","timestamp":"2024-12-31T05:41:03.584Z"}
{"level":"info","message":"GET URL REQ => http://localhost:6201/api/v1/staff/userManagementPage","timestamp":"2024-12-31T05:41:06.449Z"}
{"level":"info","message":"GET URL REQ => http://localhost:6201/api/v1/staff/userManagementPage","timestamp":"2024-12-31T05:41:06.774Z"}
{"level":"info","message":"GET URL REQ => http://localhost:6201/api/v1/staff/userManagementPage","timestamp":"2024-12-31T05:41:23.516Z"}
{"level":"info","message":"GET URL REQ => http://localhost:6201/api/v1/staff/userManagementPage","timestamp":"2024-12-31T05:41:26.666Z"}
{"level":"info","message":"GET URL REQ => http://localhost:6201/api/v1/staff/userManagementPage","timestamp":"2024-12-31T05:41:33.446Z"}
{"level":"info","message":"GET URL REQ => http://localhost:6201/api/v1/staff/userManagementPage","timestamp":"2024-12-31T05:42:52.703Z"}
{"level":"info","message":"GET URL REQ => http://localhost:6201/api/v1/staff/userManagementPage","timestamp":"2024-12-31T05:43:03.630Z"}
{"level":"info","message":"GET URL REQ => http://localhost:6201/api/v1/staff/userManagementPage","timestamp":"2024-12-31T05:43:04.840Z"}
{"level":"info","message":"GET URL REQ => http://localhost:6201/api/v1/staff/userManagementPage","timestamp":"2024-12-31T05:43:23.666Z"}
{"level":"info","message":"GET URL REQ => http://localhost:6201/api/v1/staff/userManagementPage","timestamp":"2024-12-31T05:43:24.940Z"}
{"level":"info","message":"GET URL REQ => http://localhost:6201/api/v1/staff/userManagementPage","timestamp":"2024-12-31T05:43:39.951Z"}
{"level":"info","message":"GET URL REQ => http://localhost:6201/api/v1/staff/userManagementPage","timestamp":"2024-12-31T05:43:47.103Z"}
{"level":"info","message":"GET URL REQ => http://localhost:6201/api/v1/staff/userManagementPage","timestamp":"2024-12-31T05:44:21.186Z"}
{"level":"info","message":"GET URL REQ => http://localhost:6201/api/v1/staff/userManagementPage","timestamp":"2024-12-31T05:44:27.053Z"}
{"level":"info","message":"GET URL REQ => http://localhost:6201/api/v1/staff/userManagementPage","timestamp":"2024-12-31T05:44:42.142Z"}
{"level":"info","message":"GET URL REQ => http://localhost:6201/api/v1/staff/userManagementPage","timestamp":"2024-12-31T05:44:43.672Z"}
{"level":"info","message":"GET URL REQ => http://localhost:6201/api/v1/staff/userManagementPage","timestamp":"2024-12-31T05:45:29.718Z"}
{"level":"info","message":"GET URL REQ => http://localhost:6201/api/v1/staff/userManagementPage","timestamp":"2024-12-31T05:46:03.190Z"}
{"level":"info","message":"GET URL REQ => http://localhost:6201/api/v1/staff/userManagementPage","timestamp":"2024-12-31T05:46:10.839Z"}
{"level":"info","message":"GET URL REQ => http://localhost:6201/api/v1/staff/userManagementPage","timestamp":"2024-12-31T05:46:12.151Z"}
{"level":"info","message":"GET URL REQ => http://localhost:6201/api/v1/staff/userManagementPage","timestamp":"2024-12-31T05:46:19.974Z"}
{"level":"info","message":"GET URL REQ => http://localhost:6201/api/v1/staff/userManagementPage","timestamp":"2024-12-31T05:46:22.476Z"}
{"level":"info","message":"GET URL REQ => http://localhost:6201/api/v1/staff/userManagementPage","timestamp":"2024-12-31T05:46:23.947Z"}
{"level":"info","message":"GET URL REQ => http://localhost:6201/api/v1/staff/userManagementPage","timestamp":"2024-12-31T05:46:53.610Z"}
{"level":"info","message":"GET URL REQ => http://localhost:6201/api/v1/staff/userManagementPage","timestamp":"2024-12-31T05:46:55.631Z"}
{"level":"info","message":"GET URL REQ => http://localhost:6201/api/v1/staff/userManagementPage","timestamp":"2024-12-31T05:47:00.387Z"}
{"level":"info","message":"GET URL REQ => http://localhost:6201/api/v1/staff/userManagementPage","timestamp":"2024-12-31T05:47:14.518Z"}
{"level":"info","message":"GET URL REQ => http://localhost:6201/api/v1/staff/userManagementPage","timestamp":"2024-12-31T05:47:18.958Z"}
{"level":"info","message":"GET URL REQ => http://localhost:6201/api/v1/staff/userManagementPage","timestamp":"2024-12-31T05:47:22.930Z"}
{"level":"info","message":"GET URL REQ => http://localhost:6201/api/v1/staff/userManagementPage","timestamp":"2024-12-31T05:47:24.197Z"}
{"level":"info","message":"GET URL REQ => http://localhost:6201/api/v1/staff/userManagementPage","timestamp":"2024-12-31T05:47:31.596Z"}
{"level":"info","message":"GET URL REQ => http://localhost:6201/api/v1/staff/userManagementPage","timestamp":"2024-12-31T05:47:35.581Z"}
{"level":"info","message":"GET URL REQ => http://localhost:6201/api/v1/staff/userManagementPage","timestamp":"2024-12-31T05:47:37.123Z"}
{"level":"info","message":"GET URL REQ => http://localhost:6201/api/v1/staff/userManagementPage","timestamp":"2024-12-31T05:48:19.157Z"}
{"level":"info","message":"GET URL REQ => http://localhost:6201/api/v1/staff/userManagementPage","timestamp":"2024-12-31T05:48:22.228Z"}
{"level":"info","message":"GET URL REQ => http://localhost:6201/api/v1/staff/userManagementPage","timestamp":"2024-12-31T05:48:27.191Z"}
{"level":"info","message":"GET URL REQ => http://localhost:6201/api/v1/staff/userManagementPage","timestamp":"2024-12-31T05:48:29.880Z"}
{"level":"info","message":"GET URL REQ => http://localhost:6201/api/v1/staff/userManagementPage","timestamp":"2024-12-31T05:48:35.361Z"}
{"level":"info","message":"GET URL REQ => http://localhost:6201/api/v1/staff/userManagementPage","timestamp":"2024-12-31T05:48:37.965Z"}
{"level":"info","message":"GET URL REQ => http://localhost:6201/api/v1/staff/userManagementPage","timestamp":"2024-12-31T05:48:56.238Z"}
{"level":"info","message":"GET URL REQ => http://localhost:6201/api/v1/staff/userManagementPage","timestamp":"2024-12-31T05:49:01.976Z"}
{"level":"info","message":"GET URL REQ => http://localhost:6201/api/v1/staff/userManagementPage","timestamp":"2024-12-31T05:49:12.457Z"}
{"level":"info","message":"GET URL REQ => http://localhost:6201/api/v1/staff/userManagementPage","timestamp":"2024-12-31T05:49:26.648Z"}
{"level":"info","message":"GET URL REQ => http://localhost:6201/api/v1/staff/userManagementPage","timestamp":"2024-12-31T05:49:37.672Z"}
{"level":"info","message":"GET URL REQ => http://localhost:6201/api/v1/staff/userManagementPage","timestamp":"2024-12-31T05:49:55.380Z"}
{"level":"info","message":"GET URL REQ => http://localhost:6201/api/v1/staff/userManagementPage","timestamp":"2024-12-31T05:50:02.674Z"}
{"level":"info","message":"GET URL REQ => http://localhost:6201/api/v1/staff/userManagementPage","timestamp":"2024-12-31T05:50:09.349Z"}
{"level":"info","message":"GET URL REQ => http://localhost:6201/api/v1/staff/userManagementPage","timestamp":"2024-12-31T05:50:11.370Z"}
{"level":"info","message":"GET URL REQ => http://localhost:6201/api/v1/staff/userManagementPage","timestamp":"2024-12-31T05:50:17.841Z"}
{"level":"info","message":"GET URL REQ => http://localhost:6201/api/v1/staff/userManagementPage","timestamp":"2024-12-31T05:50:38.968Z"}
{"level":"info","message":"GET URL REQ => http://localhost:6201/api/v1/staff/userManagementPage","timestamp":"2024-12-31T05:50:51.818Z"}
{"level":"info","message":"GET URL REQ => http://localhost:6201/api/v1/staff/userManagementPage","timestamp":"2024-12-31T05:50:56.795Z"}
{"level":"info","message":"GET URL REQ => http://localhost:6201/api/v1/staff/userManagementPage","timestamp":"2024-12-31T05:50:57.155Z"}
{"level":"info","message":"GET URL REQ => http://localhost:6201/api/v1/staff/userManagementPage","timestamp":"2024-12-31T05:52:36.634Z"}
{"level":"info","message":"GET URL REQ => http://localhost:6201/api/v1/users/login","timestamp":"2024-12-31T05:53:02.508Z"}
{"level":"info","message":"Router----- line 17","timestamp":"2024-12-31T05:53:03.192Z"}
{"level":"info","message":"GET URL REQ => http://localhost:6201/api/v1/validatetoken","timestamp":"2024-12-31T05:53:03.193Z"}
{"level":"info","message":"Router----- line 17","timestamp":"2024-12-31T05:53:09.263Z"}
{"level":"info","message":"GET URL REQ => http://localhost:6201/api/v1/validatetoken","timestamp":"2024-12-31T05:53:09.264Z"}
{"level":"info","message":"GET URL REQ => http://localhost:6201/api/v1/profile/passRegisterData","timestamp":"2024-12-31T05:53:09.269Z"}
{"level":"info","message":"GET URL REQ => http://localhost:6201/api/v1/profile/passRegisterData","timestamp":"2024-12-31T05:53:09.274Z"}
{"level":"info","message":"GET URL REQ => http://localhost:6201/api/v1/staff/userManagementPage","timestamp":"2024-12-31T05:58:18.049Z"}
{"level":"info","message":"GET URL REQ => http://localhost:6201/api/v1/staff/userManagementPage","timestamp":"2024-12-31T05:58:28.402Z"}
{"level":"info","message":"Router-----store Register Form Data","timestamp":"2024-12-31T05:59:01.120Z"}
{"level":"info","message":"GET URL REQ => http://localhost:6201/api/v1/validateTokenData","timestamp":"2024-12-31T05:59:01.123Z"}
{"level":"info","message":"Router-----store Register Form Data","timestamp":"2024-12-31T05:59:01.129Z"}
{"level":"info","message":"GET URL REQ => http://localhost:6201/api/v1/validateTokenData","timestamp":"2024-12-31T05:59:01.130Z"}
{"level":"info","message":"Router-----store Register Form Data","timestamp":"2024-12-31T05:59:10.039Z"}
{"level":"info","message":"GET URL REQ => http://localhost:6201/api/v1/validateTokenData","timestamp":"2024-12-31T05:59:10.041Z"}
{"level":"info","message":"Router-----store Register Form Data","timestamp":"2024-12-31T05:59:10.051Z"}
{"level":"info","message":"GET URL REQ => http://localhost:6201/api/v1/validateTokenData","timestamp":"2024-12-31T05:59:10.053Z"}
{"level":"info","message":"Router-----store Register Form Data","timestamp":"2024-12-31T05:59:20.026Z"}
{"level":"info","message":"GET URL REQ => http://localhost:6201/api/v1/validateTokenData","timestamp":"2024-12-31T05:59:20.028Z"}
{"level":"info","message":"Router-----store Register Form Data","timestamp":"2024-12-31T05:59:20.033Z"}
{"level":"info","message":"GET URL REQ => http://localhost:6201/api/v1/validateTokenData","timestamp":"2024-12-31T05:59:20.034Z"}
{"level":"info","message":"Router-----store Register Form Data","timestamp":"2024-12-31T05:59:23.136Z"}
{"level":"info","message":"GET URL REQ => http://localhost:6201/api/v1/validateTokenData","timestamp":"2024-12-31T05:59:23.138Z"}
{"level":"info","message":"Router-----store Register Form Data","timestamp":"2024-12-31T05:59:23.142Z"}
{"level":"info","message":"GET URL REQ => http://localhost:6201/api/v1/validateTokenData","timestamp":"2024-12-31T05:59:23.143Z"}
{"level":"info","message":"Router-----store Register Form Data","timestamp":"2024-12-31T05:59:31.863Z"}
{"level":"info","message":"GET URL REQ => http://localhost:6201/api/v1/validateTokenData","timestamp":"2024-12-31T05:59:31.865Z"}
{"level":"info","message":"Router-----store Register Form Data","timestamp":"2024-12-31T05:59:31.872Z"}
{"level":"info","message":"GET URL REQ => http://localhost:6201/api/v1/validateTokenData","timestamp":"2024-12-31T05:59:31.872Z"}
{"level":"info","message":"Router-----store Register Form Data","timestamp":"2024-12-31T05:59:57.168Z"}
{"level":"info","message":"GET URL REQ => http://localhost:6201/api/v1/validateTokenData","timestamp":"2024-12-31T05:59:57.169Z"}
{"level":"info","message":"Router-----store Register Form Data","timestamp":"2024-12-31T05:59:57.176Z"}
{"level":"info","message":"GET URL REQ => http://localhost:6201/api/v1/validateTokenData","timestamp":"2024-12-31T05:59:57.177Z"}
{"level":"info","message":"Router-----store Register Form Data","timestamp":"2024-12-31T06:00:58.912Z"}
{"level":"info","message":"GET URL REQ => http://localhost:6201/api/v1/validateTokenData","timestamp":"2024-12-31T06:00:58.915Z"}
{"level":"info","message":"Router-----store Register Form Data","timestamp":"2024-12-31T06:00:58.919Z"}
{"level":"info","message":"GET URL REQ => http://localhost:6201/api/v1/validateTokenData","timestamp":"2024-12-31T06:00:58.919Z"}
{"level":"info","message":"Router-----store Register Form Data","timestamp":"2024-12-31T06:01:11.376Z"}
{"level":"info","message":"GET URL REQ => http://localhost:6201/api/v1/validateTokenData","timestamp":"2024-12-31T06:01:11.379Z"}
{"level":"info","message":"Router-----store Register Form Data","timestamp":"2024-12-31T06:01:11.384Z"}
{"level":"info","message":"GET URL REQ => http://localhost:6201/api/v1/validateTokenData","timestamp":"2024-12-31T06:01:11.385Z"}
{"level":"info","message":"GET URL REQ => http://localhost:6201/api/v1/staff/userManagementPage","timestamp":"2024-12-31T06:01:11.688Z"}
{"level":"info","message":"GET URL REQ => http://localhost:6201/api/v1/staff/userManagementPage","timestamp":"2024-12-31T06:01:11.699Z"}
{"level":"info","message":"GET URL REQ => http://localhost:6201/api/v1/staff/userManagementPage","timestamp":"2024-12-31T06:01:14.081Z"}
{"level":"info","message":"GET URL REQ => http://localhost:6201/api/v1/staff/userManagementPage","timestamp":"2024-12-31T06:04:10.721Z"}
{"level":"info","message":"GET URL REQ => http://localhost:6201/api/v1/staff/userManagementPage","timestamp":"2024-12-31T06:04:15.210Z"}
{"level":"info","message":"GET URL REQ => http://localhost:6201/api/v1/staff/userManagementPage","timestamp":"2024-12-31T06:04:34.730Z"}
{"level":"info","message":"GET URL REQ => http://localhost:6201/api/v1/staff/userManagementPage","timestamp":"2024-12-31T06:05:14.169Z"}
{"level":"info","message":"GET URL REQ => http://localhost:6201/api/v1/staff/userManagementPage","timestamp":"2024-12-31T06:06:59.269Z"}
{"level":"info","message":"GET URL REQ => http://localhost:6201/api/v1/staff/userManagementPage","timestamp":"2024-12-31T06:07:08.122Z"}
{"level":"info","message":"GET URL REQ => http://localhost:6201/api/v1/staff/userManagementPage","timestamp":"2024-12-31T06:07:09.799Z"}
{"level":"info","message":"GET URL REQ => http://localhost:6201/api/v1/staff/userManagementPage","timestamp":"2024-12-31T06:07:25.367Z"}
{"level":"info","message":"GET URL REQ => http://localhost:6201/api/v1/staff/userManagementPage","timestamp":"2024-12-31T06:07:30.689Z"}
{"level":"info","message":"GET URL REQ => http://localhost:6201/api/v1/staff/userManagementPage","timestamp":"2024-12-31T06:07:36.622Z"}
{"level":"info","message":"GET URL REQ => http://localhost:6201/api/v1/staff/userManagementPage","timestamp":"2024-12-31T06:07:41.761Z"}
{"level":"info","message":"GET URL REQ => http://localhost:6201/api/v1/staff/userManagementPage","timestamp":"2024-12-31T06:07:43.017Z"}
{"level":"info","message":"GET URL REQ => http://localhost:6201/api/v1/staff/userManagementPage","timestamp":"2024-12-31T06:08:17.220Z"}
{"level":"info","message":"GET URL REQ => http://localhost:6201/api/v1/staff/userManagementPage","timestamp":"2024-12-31T06:08:29.110Z"}
{"level":"info","message":"GET URL REQ => http://localhost:6201/api/v1/staff/userManagementPage","timestamp":"2024-12-31T06:08:31.523Z"}
{"level":"info","message":"GET URL REQ => http://localhost:6201/api/v1/staff/userManagementPage","timestamp":"2024-12-31T06:08:40.746Z"}
{"level":"info","message":"GET URL REQ => http://localhost:6201/api/v1/staff/userManagementPage","timestamp":"2024-12-31T06:08:41.929Z"}
{"level":"info","message":"GET URL REQ => http://localhost:6201/api/v1/director/userData","timestamp":"2024-12-31T06:08:44.459Z"}
{"level":"info","message":"GET URL REQ line 1133=> http://localhost:6201/api/v1/user/profileData","timestamp":"2024-12-31T06:08:44.812Z"}
{"level":"info","message":"GET URL REQ line 1133=> http://localhost:6201/api/v1/user/profileData","timestamp":"2024-12-31T06:08:44.819Z"}
{"level":"info","message":"GET URL REQ => http://localhost:6201/api/v1/staff/userManagementPage","timestamp":"2024-12-31T06:11:56.919Z"}
{"level":"info","message":"GET URL REQ => http://localhost:6201/api/v1/staff/userManagementPage","timestamp":"2024-12-31T06:12:31.776Z"}
{"level":"info","message":"GET URL REQ => http://localhost:6201/api/v1/director/userData","timestamp":"2024-12-31T06:12:35.969Z"}
{"level":"info","message":"GET URL REQ line 1133=> http://localhost:6201/api/v1/user/profileData","timestamp":"2024-12-31T06:12:36.111Z"}
{"level":"info","message":"GET URL REQ line 1133=> http://localhost:6201/api/v1/user/profileData","timestamp":"2024-12-31T06:12:36.130Z"}
{"level":"info","message":"GET URL REQ => http://localhost:6201/api/v1/staff/userManagementPage","timestamp":"2024-12-31T06:13:02.184Z"}
{"level":"info","message":"GET URL REQ => http://localhost:6201/api/v1/staff/userManagementPage","timestamp":"2024-12-31T06:13:04.756Z"}
{"level":"info","message":"GET URL REQ => http://localhost:6201/api/v1/director/userData","timestamp":"2024-12-31T06:14:12.062Z"}
{"level":"info","message":"GET URL REQ line 1133=> http://localhost:6201/api/v1/user/profileData","timestamp":"2024-12-31T06:14:12.275Z"}
{"level":"info","message":"GET URL REQ line 1133=> http://localhost:6201/api/v1/user/profileData","timestamp":"2024-12-31T06:14:12.303Z"}
{"level":"info","message":"GET URL REQ => http://localhost:6201/api/v1/staff/userManagementPage","timestamp":"2024-12-31T06:14:41.824Z"}
{"level":"info","message":"GET URL REQ => http://localhost:6201/api/v1/director/userData","timestamp":"2024-12-31T06:14:44.750Z"}
{"level":"info","message":"GET URL REQ line 1133=> http://localhost:6201/api/v1/user/profileData","timestamp":"2024-12-31T06:14:44.880Z"}
{"level":"info","message":"GET URL REQ line 1133=> http://localhost:6201/api/v1/user/profileData","timestamp":"2024-12-31T06:14:44.899Z"}
{"level":"info","message":"GET URL REQ => http://localhost:6201/api/v1/staff/userManagementPage","timestamp":"2024-12-31T06:15:55.647Z"}
{"level":"info","message":"GET URL REQ => http://localhost:6201/api/v1/director/userData","timestamp":"2024-12-31T06:15:57.644Z"}
{"level":"info","message":"GET URL REQ line 1133=> http://localhost:6201/api/v1/user/profileData","timestamp":"2024-12-31T06:16:30.868Z"}
{"level":"info","message":"GET URL REQ line 1133=> http://localhost:6201/api/v1/user/profileData","timestamp":"2024-12-31T06:16:30.890Z"}
{"level":"info","message":"GET URL REQ => http://localhost:6201/api/v1/staff/userManagementPage","timestamp":"2024-12-31T06:16:30.984Z"}
{"level":"info","message":"GET URL REQ => http://localhost:6201/api/v1/director/userData","timestamp":"2024-12-31T06:17:07.362Z"}
{"level":"info","message":"GET URL REQ line 1133=> http://localhost:6201/api/v1/user/profileData","timestamp":"2024-12-31T06:17:07.488Z"}
{"level":"info","message":"GET URL REQ line 1133=> http://localhost:6201/api/v1/user/profileData","timestamp":"2024-12-31T06:17:07.507Z"}
{"level":"info","message":"GET URL REQ => http://localhost:6201/api/v1/staff/userManagementPage","timestamp":"2024-12-31T06:17:33.496Z"}
{"level":"info","message":"GET URL REQ => http://localhost:6201/api/v1/director/userData","timestamp":"2024-12-31T06:17:35.405Z"}
{"level":"info","message":"GET URL REQ => http://localhost:6201/api/v1/profile/passRegisterData","timestamp":"2024-12-31T06:17:35.419Z"}
{"level":"info","message":"GET URL REQ line 1133=> http://localhost:6201/api/v1/user/profileData","timestamp":"2024-12-31T06:17:35.552Z"}
{"level":"info","message":"GET URL REQ line 1133=> http://localhost:6201/api/v1/user/profileData","timestamp":"2024-12-31T06:17:35.572Z"}
{"level":"info","message":"GET URL REQ => http://localhost:6201/api/v1/staff/userManagementPage","timestamp":"2024-12-31T06:18:13.514Z"}
{"level":"info","message":"GET URL REQ => http://localhost:6201/api/v1/staff/userManagementPage","timestamp":"2024-12-31T06:18:25.494Z"}
{"level":"info","message":"GET URL REQ => http://localhost:6201/api/v1/staff/userManagementPage","timestamp":"2024-12-31T06:18:28.750Z"}
{"level":"info","message":"GET URL REQ => http://localhost:6201/api/v1/staff/userManagementPage","timestamp":"2024-12-31T06:18:32.410Z"}
{"level":"info","message":"GET URL REQ => http://localhost:6201/api/v1/staff/userManagementPage","timestamp":"2024-12-31T06:18:35.068Z"}
{"level":"info","message":"GET URL REQ => http://localhost:6201/api/v1/staff/userManagementPage","timestamp":"2024-12-31T06:18:39.201Z"}
{"level":"info","message":"GET URL REQ => http://localhost:6201/api/v1/staff/userManagementPage","timestamp":"2024-12-31T06:21:34.393Z"}
{"level":"info","message":"GET URL REQ => http://localhost:6201/api/v1/staff/userManagementPage","timestamp":"2024-12-31T06:25:35.879Z"}
{"level":"info","message":"GET URL REQ => http://localhost:6201/api/v1/staff/userManagementPage","timestamp":"2024-12-31T06:25:52.868Z"}
{"level":"info","message":"GET URL REQ => http://localhost:6201/api/v1/staff/userManagementPage","timestamp":"2024-12-31T06:25:54.367Z"}
{"level":"info","message":"GET URL REQ => http://localhost:6201/api/v1/staff/userManagementPage","timestamp":"2024-12-31T06:26:09.753Z"}
{"level":"info","message":"GET URL REQ => http://localhost:6201/api/v1/staff/userManagementPage","timestamp":"2024-12-31T06:26:29.501Z"}
{"level":"info","message":"GET URL REQ => http://localhost:6201/api/v1/staff/userManagementPage","timestamp":"2024-12-31T06:27:41.810Z"}
{"level":"info","message":"Router-----store Register Form Data","timestamp":"2024-12-31T06:27:44.712Z"}
{"level":"info","message":"GET URL REQ => http://localhost:6201/api/v1/validateTokenData","timestamp":"2024-12-31T06:27:44.713Z"}
{"level":"info","message":"Router-----store Register Form Data","timestamp":"2024-12-31T06:27:44.721Z"}
{"level":"info","message":"GET URL REQ => http://localhost:6201/api/v1/validateTokenData","timestamp":"2024-12-31T06:27:44.722Z"}
{"level":"info","message":"GET URL REQ => http://localhost:6201/api/v1/attendance/overView","timestamp":"2024-12-31T06:27:44.732Z"}
{"level":"info","message":"GET URL REQ => http://localhost:6201/api/v1/attendance/overView","timestamp":"2024-12-31T06:27:44.740Z"}
{"level":"info","message":"GET URL REQ => http://localhost:6201/api/v1/attendance/session","timestamp":"2024-12-31T06:27:50.196Z"}
{"level":"info","message":"GET URL REQ => http://localhost:6201/api/v1/attendance/session","timestamp":"2024-12-31T06:27:50.206Z"}
{"level":"info","message":"GET URL REQ => http://localhost:6201/api/v1/attendance/reportOptions","timestamp":"2024-12-31T06:32:49.603Z"}
{"level":"info","message":"GET URL REQ => http://localhost:6201/api/v1/attendance/report","timestamp":"2024-12-31T06:32:54.500Z"}
{"level":"info","message":"GET URL REQ => http://localhost:6201/api/v1/attendance/reportOptions","timestamp":"2024-12-31T06:36:21.695Z"}
{"level":"info","message":"GET URL REQ => http://localhost:6201/api/v1/attendance/report","timestamp":"2024-12-31T06:36:28.312Z"}
{"level":"info","message":"Router----- line 17","timestamp":"2024-12-31T06:52:32.199Z"}
{"level":"info","message":"GET URL REQ => http://localhost:6201/api/v1/validatetoken","timestamp":"2024-12-31T06:52:32.201Z"}
{"level":"info","message":"Router----- line 17","timestamp":"2024-12-31T06:52:32.207Z"}
{"level":"info","message":"GET URL REQ => http://localhost:6201/api/v1/validatetoken","timestamp":"2024-12-31T06:52:32.208Z"}
{"level":"info","message":"Router----- line 17","timestamp":"2024-12-31T06:52:34.457Z"}
{"level":"info","message":"GET URL REQ => http://localhost:6201/api/v1/validatetoken","timestamp":"2024-12-31T06:52:34.458Z"}
{"level":"info","message":"GET URL REQ => http://localhost:6201/api/v1/users/login","timestamp":"2024-12-31T06:52:41.976Z"}
{"level":"info","message":"GET URL REQ => http://localhost:6201/api/v1/staff/dashBoard","timestamp":"2024-12-31T06:52:43.187Z"}
{"level":"info","message":"Router-----store Register Form Data","timestamp":"2024-12-31T06:52:43.195Z"}
{"level":"info","message":"GET URL REQ => http://localhost:6201/api/v1/validateTokenData","timestamp":"2024-12-31T06:52:43.196Z"}
{"level":"info","message":"GET URL REQ => http://localhost:6201/api/v1/staff/dashBoard","timestamp":"2024-12-31T06:52:43.201Z"}
{"level":"info","message":"Router-----store Register Form Data","timestamp":"2024-12-31T06:52:43.205Z"}
{"level":"info","message":"GET URL REQ => http://localhost:6201/api/v1/validateTokenData","timestamp":"2024-12-31T06:52:43.206Z"}
{"level":"info","message":"Router-----store Register Form Data","timestamp":"2024-12-31T06:52:46.899Z"}
{"level":"info","message":"GET URL REQ => http://localhost:6201/api/v1/validateTokenData","timestamp":"2024-12-31T06:52:46.899Z"}
{"level":"info","message":"Router-----store Register Form Data","timestamp":"2024-12-31T06:52:46.904Z"}
{"level":"info","message":"GET URL REQ => http://localhost:6201/api/v1/validateTokenData","timestamp":"2024-12-31T06:52:46.905Z"}
{"level":"info","message":"GET URL REQ => http://localhost:6201/api/v1/therapist/approvalData","timestamp":"2024-12-31T06:52:47.001Z"}
{"level":"info","message":"GET URL REQ => http://localhost:6201/api/v1/therapist/approvalData","timestamp":"2024-12-31T06:52:47.013Z"}
{"level":"info","message":"Router-----store Register Form Data","timestamp":"2024-12-31T06:52:49.176Z"}
{"level":"info","message":"GET URL REQ => http://localhost:6201/api/v1/validateTokenData","timestamp":"2024-12-31T06:52:49.177Z"}
{"level":"info","message":"Router-----store Register Form Data","timestamp":"2024-12-31T06:52:49.180Z"}
{"level":"info","message":"GET URL REQ => http://localhost:6201/api/v1/validateTokenData","timestamp":"2024-12-31T06:52:49.181Z"}
{"level":"info","message":"GET URL REQ => http://localhost:6201/api/v1/staff/userManagementPage","timestamp":"2024-12-31T06:52:49.261Z"}
{"level":"info","message":"GET URL REQ => http://localhost:6201/api/v1/staff/userManagementPage","timestamp":"2024-12-31T06:52:49.272Z"}
{"level":"info","message":"GET URL REQ => http://localhost:6201/api/v1/director/userData","timestamp":"2024-12-31T06:52:53.130Z"}
{"level":"info","message":"GET URL REQ => http://localhost:6201/api/v1/profile/passRegisterData","timestamp":"2024-12-31T06:52:53.136Z"}
{"level":"info","message":"GET URL REQ line 1133=> http://localhost:6201/api/v1/user/profileData","timestamp":"2024-12-31T06:52:53.424Z"}
{"level":"info","message":"GET URL REQ line 1133=> http://localhost:6201/api/v1/user/profileData","timestamp":"2024-12-31T06:52:53.428Z"}
{"level":"info","message":"GET URL REQ => http://localhost:6201/api/v1/staff/userManagementPage","timestamp":"2024-12-31T06:53:01.431Z"}
{"level":"info","message":"GET URL REQ => http://localhost:6201/api/v1/staff/userManagementPage","timestamp":"2024-12-31T06:53:23.761Z"}
{"level":"info","message":"GET URL REQ => http://localhost:6201/api/v1/staff/userManagementPage","timestamp":"2024-12-31T06:53:27.216Z"}
{"level":"info","message":"GET URL REQ => http://localhost:6201/api/v1/staff/userManagementPage","timestamp":"2024-12-31T06:53:29.472Z"}
{"level":"info","message":"GET URL REQ => http://localhost:6201/api/v1/staff/userManagementPage","timestamp":"2024-12-31T06:53:31.579Z"}
{"level":"info","message":"GET URL REQ => http://localhost:6201/api/v1/staff/userManagementPage","timestamp":"2024-12-31T06:53:33.674Z"}
{"level":"info","message":"Router-----store Register Form Data","timestamp":"2024-12-31T06:54:20.825Z"}
{"level":"info","message":"GET URL REQ => http://localhost:6201/api/v1/validateTokenData","timestamp":"2024-12-31T06:54:20.827Z"}
{"level":"info","message":"Router-----store Register Form Data","timestamp":"2024-12-31T06:54:20.850Z"}
{"level":"info","message":"GET URL REQ => http://localhost:6201/api/v1/validateTokenData","timestamp":"2024-12-31T06:54:20.852Z"}
{"level":"info","message":"Router-----store Register Form Data","timestamp":"2024-12-31T06:54:22.831Z"}
{"level":"info","message":"GET URL REQ => http://localhost:6201/api/v1/validateTokenData","timestamp":"2024-12-31T06:54:22.833Z"}
{"level":"info","message":"Router-----store Register Form Data","timestamp":"2024-12-31T06:54:22.836Z"}
{"level":"info","message":"GET URL REQ => http://localhost:6201/api/v1/validateTokenData","timestamp":"2024-12-31T06:54:22.837Z"}
{"level":"info","message":"Router-----store Register Form Data","timestamp":"2024-12-31T06:54:26.871Z"}
{"level":"info","message":"GET URL REQ => http://localhost:6201/api/v1/validateTokenData","timestamp":"2024-12-31T06:54:26.873Z"}
{"level":"info","message":"Router-----store Register Form Data","timestamp":"2024-12-31T06:54:26.879Z"}
{"level":"info","message":"GET URL REQ => http://localhost:6201/api/v1/validateTokenData","timestamp":"2024-12-31T06:54:26.880Z"}
{"level":"info","message":"Router-----store Register Form Data","timestamp":"2024-12-31T06:54:31.132Z"}
{"level":"info","message":"GET URL REQ => http://localhost:6201/api/v1/validateTokenData","timestamp":"2024-12-31T06:54:31.133Z"}
{"level":"info","message":"Router-----store Register Form Data","timestamp":"2024-12-31T06:54:31.138Z"}
{"level":"info","message":"GET URL REQ => http://localhost:6201/api/v1/validateTokenData","timestamp":"2024-12-31T06:54:31.138Z"}
{"level":"info","message":"Router-----store Register Form Data","timestamp":"2024-12-31T06:54:55.418Z"}
{"level":"info","message":"GET URL REQ => http://localhost:6201/api/v1/validateTokenData","timestamp":"2024-12-31T06:54:55.419Z"}
{"level":"info","message":"Router-----store Register Form Data","timestamp":"2024-12-31T06:54:55.423Z"}
{"level":"info","message":"GET URL REQ => http://localhost:6201/api/v1/validateTokenData","timestamp":"2024-12-31T06:54:55.424Z"}
{"level":"info","message":"Router-----store Register Form Data","timestamp":"2024-12-31T06:55:12.616Z"}
{"level":"info","message":"GET URL REQ => http://localhost:6201/api/v1/validateTokenData","timestamp":"2024-12-31T06:55:12.616Z"}
{"level":"info","message":"Router-----store Register Form Data","timestamp":"2024-12-31T06:55:12.620Z"}
{"level":"info","message":"GET URL REQ => http://localhost:6201/api/v1/validateTokenData","timestamp":"2024-12-31T06:55:12.622Z"}
{"level":"info","message":"GET URL REQ => http://localhost:6201/api/v1/staff/userManagementPage","timestamp":"2024-12-31T06:55:12.862Z"}
{"level":"info","message":"GET URL REQ => http://localhost:6201/api/v1/staff/userManagementPage","timestamp":"2024-12-31T06:55:12.871Z"}
{"level":"info","message":"Router-----store Register Form Data","timestamp":"2024-12-31T06:57:27.691Z"}
{"level":"info","message":"GET URL REQ => http://localhost:6201/api/v1/validateTokenData","timestamp":"2024-12-31T06:57:27.692Z"}
{"level":"info","message":"Router-----store Register Form Data","timestamp":"2024-12-31T06:57:27.698Z"}
{"level":"info","message":"GET URL REQ => http://localhost:6201/api/v1/validateTokenData","timestamp":"2024-12-31T06:57:27.698Z"}
{"level":"info","message":"Router-----store Register Form Data","timestamp":"2024-12-31T06:57:29.777Z"}
{"level":"info","message":"GET URL REQ => http://localhost:6201/api/v1/validateTokenData","timestamp":"2024-12-31T06:57:29.779Z"}
{"level":"info","message":"Router-----store Register Form Data","timestamp":"2024-12-31T06:57:29.782Z"}
{"level":"info","message":"GET URL REQ => http://localhost:6201/api/v1/validateTokenData","timestamp":"2024-12-31T06:57:29.783Z"}
{"level":"info","message":"Router-----store Register Form Data","timestamp":"2024-12-31T06:57:36.020Z"}
{"level":"info","message":"GET URL REQ => http://localhost:6201/api/v1/validateTokenData","timestamp":"2024-12-31T06:57:36.022Z"}
{"level":"info","message":"Router-----store Register Form Data","timestamp":"2024-12-31T06:57:36.026Z"}
{"level":"info","message":"GET URL REQ => http://localhost:6201/api/v1/validateTokenData","timestamp":"2024-12-31T06:57:36.026Z"}
{"level":"info","message":"GET URL REQ => http://localhost:6201/api/v1/staff/userManagementPage","timestamp":"2024-12-31T06:57:36.110Z"}
{"level":"info","message":"GET URL REQ => http://localhost:6201/api/v1/staff/userManagementPage","timestamp":"2024-12-31T06:57:36.121Z"}
{"level":"info","message":"GET URL REQ => http://localhost:6201/api/v1/staff/userManagementPage","timestamp":"2024-12-31T06:57:40.331Z"}
{"level":"info","message":"GET URL REQ => http://localhost:6201/api/v1/staff/userManagementPage","timestamp":"2024-12-31T06:57:52.654Z"}
{"level":"info","message":"GET URL REQ => http://localhost:6201/api/v1/staff/userManagementPage","timestamp":"2024-12-31T06:57:54.645Z"}
{"level":"info","message":"GET URL REQ => http://localhost:6201/api/v1/staff/userManagementPage","timestamp":"2024-12-31T06:58:00.686Z"}
{"level":"info","message":"GET URL REQ => http://localhost:6201/api/v1/staff/userManagementPage","timestamp":"2024-12-31T06:58:05.858Z"}
{"level":"info","message":"GET URL REQ => http://localhost:6201/api/v1/staff/userManagementPage","timestamp":"2024-12-31T06:58:31.535Z"}
{"level":"info","message":"GET URL REQ => http://localhost:6201/api/v1/staff/userManagementPage","timestamp":"2024-12-31T06:58:32.680Z"}
{"level":"info","message":"GET URL REQ => http://localhost:6201/api/v1/staff/userManagementPage","timestamp":"2024-12-31T06:58:35.104Z"}
{"level":"info","message":"GET URL REQ => http://localhost:6201/api/v1/staff/userManagementPage","timestamp":"2024-12-31T06:59:01.504Z"}
{"level":"info","message":"GET URL REQ => http://localhost:6201/api/v1/staff/userManagementPage","timestamp":"2024-12-31T06:59:16.739Z"}
{"level":"info","message":"Router-----store Register Form Data","timestamp":"2024-12-31T06:59:55.279Z"}
{"level":"info","message":"GET URL REQ => http://localhost:6201/api/v1/validateTokenData","timestamp":"2024-12-31T06:59:55.281Z"}
{"level":"info","message":"Router-----store Register Form Data","timestamp":"2024-12-31T06:59:55.286Z"}
{"level":"info","message":"GET URL REQ => http://localhost:6201/api/v1/validateTokenData","timestamp":"2024-12-31T06:59:55.286Z"}
{"level":"info","message":"GET URL REQ => http://localhost:6201/api/v1/staff/userManagementPage","timestamp":"2024-12-31T06:59:55.536Z"}
{"level":"info","message":"GET URL REQ => http://localhost:6201/api/v1/staff/userManagementPage","timestamp":"2024-12-31T06:59:55.546Z"}
{"level":"info","message":"GET URL REQ => http://localhost:6201/api/v1/staff/userManagementPage","timestamp":"2024-12-31T07:00:05.884Z"}
{"level":"info","message":"GET URL REQ => http://localhost:6201/api/v1/staff/userManagementPage","timestamp":"2024-12-31T07:00:47.385Z"}
{"level":"info","message":"GET URL REQ => http://localhost:6201/api/v1/staff/userManagementPage","timestamp":"2024-12-31T07:00:49.705Z"}
{"level":"info","message":"GET URL REQ => http://localhost:6201/api/v1/staff/userManagementPage","timestamp":"2024-12-31T07:00:50.772Z"}
{"level":"info","message":"GET URL REQ => http://localhost:6201/api/v1/director/userData","timestamp":"2024-12-31T07:01:25.605Z"}
{"level":"info","message":"GET URL REQ => http://localhost:6201/api/v1/profile/passRegisterData","timestamp":"2024-12-31T07:01:25.612Z"}
{"level":"info","message":"GET URL REQ => http://localhost:6201/api/v1/staff/userManagementPage","timestamp":"2024-12-31T07:01:59.953Z"}
{"level":"info","message":"GET URL REQ => http://localhost:6201/api/v1/staff/userManagementPage","timestamp":"2024-12-31T07:02:02.374Z"}
{"level":"info","message":"GET URL REQ => http://localhost:6201/api/v1/staff/userManagementPage","timestamp":"2024-12-31T07:02:02.386Z"}
{"level":"info","message":"GET URL REQ => http://localhost:6201/api/v1/director/userData","timestamp":"2024-12-31T07:02:10.022Z"}
{"level":"info","message":"GET URL REQ => http://localhost:6201/api/v1/profile/passRegisterData","timestamp":"2024-12-31T07:02:10.029Z"}
{"level":"info","message":"GET URL REQ line 1133=> http://localhost:6201/api/v1/user/profileData","timestamp":"2024-12-31T07:02:10.282Z"}
{"level":"info","message":"GET URL REQ line 1133=> http://localhost:6201/api/v1/user/profileData","timestamp":"2024-12-31T07:02:10.296Z"}
{"level":"info","message":"GET URL REQ => http://localhost:6201/api/v1/staff/userManagementPage","timestamp":"2024-12-31T07:02:18.877Z"}
{"level":"info","message":"GET URL REQ => http://localhost:6201/api/v1/staff/userManagementPage","timestamp":"2024-12-31T07:03:01.450Z"}
{"level":"info","message":"GET URL REQ => http://localhost:6201/api/v1/staff/userManagementPage","timestamp":"2024-12-31T07:03:03.066Z"}
{"level":"info","message":"GET URL REQ => http://localhost:6201/api/v1/staff/userManagementPage","timestamp":"2024-12-31T07:03:09.328Z"}
{"level":"info","message":"GET URL REQ => http://localhost:6201/api/v1/staff/userManagementPage","timestamp":"2024-12-31T07:03:54.325Z"}
{"level":"info","message":"GET URL REQ => http://localhost:6201/api/v1/staff/userManagementPage","timestamp":"2024-12-31T07:03:56.335Z"}
{"level":"info","message":"GET URL REQ => http://localhost:6201/api/v1/staff/userManagementPage","timestamp":"2024-12-31T07:04:03.515Z"}
{"level":"info","message":"GET URL REQ => http://localhost:6201/api/v1/director/userData","timestamp":"2024-12-31T07:04:05.037Z"}
{"level":"info","message":"GET URL REQ => http://localhost:6201/api/v1/profile/passRegisterData","timestamp":"2024-12-31T07:04:05.048Z"}
{"level":"info","message":"GET URL REQ line 1133=> http://localhost:6201/api/v1/user/profileData","timestamp":"2024-12-31T07:04:05.175Z"}
{"level":"info","message":"GET URL REQ line 1133=> http://localhost:6201/api/v1/user/profileData","timestamp":"2024-12-31T07:04:05.194Z"}
{"level":"info","message":"GET URL REQ => http://localhost:6201/api/v1/staff/userManagementPage","timestamp":"2024-12-31T07:04:22.349Z"}
{"level":"info","message":"GET URL REQ => http://localhost:6201/api/v1/staff/userManagementPage","timestamp":"2024-12-31T07:04:37.990Z"}
{"level":"info","message":"GET URL REQ => http://localhost:6201/api/v1/staff/userManagementPage","timestamp":"2024-12-31T07:04:45.101Z"}
{"level":"info","message":"GET URL REQ => http://localhost:6201/api/v1/staff/userManagementPage","timestamp":"2024-12-31T07:04:55.776Z"}
{"level":"info","message":"GET URL REQ => http://localhost:6201/api/v1/staff/userManagementPage","timestamp":"2024-12-31T07:05:03.209Z"}
{"level":"info","message":"GET URL REQ => http://localhost:6201/api/v1/staff/userManagementPage","timestamp":"2024-12-31T07:05:06.893Z"}
{"level":"info","message":"GET URL REQ => http://localhost:6201/api/v1/staff/userManagementPage","timestamp":"2024-12-31T07:05:16.574Z"}
{"level":"info","message":"GET URL REQ => http://localhost:6201/api/v1/director/userData","timestamp":"2024-12-31T07:05:34.214Z"}
{"level":"info","message":"GET URL REQ => http://localhost:6201/api/v1/profile/passRegisterData","timestamp":"2024-12-31T07:05:34.226Z"}
{"level":"info","message":"GET URL REQ line 1133=> http://localhost:6201/api/v1/user/profileData","timestamp":"2024-12-31T07:05:34.358Z"}
{"level":"info","message":"GET URL REQ line 1133=> http://localhost:6201/api/v1/user/profileData","timestamp":"2024-12-31T07:05:34.378Z"}
{"level":"info","message":"GET URL REQ => http://localhost:6201/api/v1/staff/userManagementPage","timestamp":"2024-12-31T07:06:06.038Z"}
{"level":"info","message":"GET URL REQ => http://localhost:6201/api/v1/profile/MemberList","timestamp":"2024-12-31T07:06:09.546Z"}
{"level":"info","message":"GET URL REQ => http://localhost:6201/api/v1/director/userData","timestamp":"2024-12-31T07:06:15.951Z"}
{"level":"info","message":"GET URL REQ => http://localhost:6201/api/v1/profile/passRegisterData","timestamp":"2024-12-31T07:06:15.962Z"}
{"level":"info","message":"GET URL REQ line 1133=> http://localhost:6201/api/v1/user/profileData","timestamp":"2024-12-31T07:06:16.075Z"}
{"level":"info","message":"GET URL REQ line 1133=> http://localhost:6201/api/v1/user/profileData","timestamp":"2024-12-31T07:06:16.096Z"}
{"level":"info","message":"GET URL REQ => http://localhost:6201/api/v1/staff/userManagementPage","timestamp":"2024-12-31T07:06:30.193Z"}
{"level":"info","message":"GET URL REQ => http://localhost:6201/api/v1/profile/MemberList","timestamp":"2024-12-31T07:06:31.761Z"}
{"level":"info","message":"GET URL REQ => http://localhost:6201/api/v1/profile/MemberList","timestamp":"2024-12-31T07:06:33.481Z"}
{"level":"info","message":"GET URL REQ => http://localhost:6201/api/v1/staff/userManagementPage","timestamp":"2024-12-31T07:06:56.988Z"}
{"level":"info","message":"GET URL REQ => http://localhost:6201/api/v1/profile/MemberList","timestamp":"2024-12-31T07:06:58.404Z"}
{"level":"info","message":"GET URL REQ => http://localhost:6201/api/v1/profile/MemberList","timestamp":"2024-12-31T07:07:00.218Z"}
{"level":"info","message":"GET URL REQ line 1133=> http://localhost:6201/api/v1/user/profileData","timestamp":"2024-12-31T07:07:03.594Z"}
{"level":"info","message":"GET URL REQ line 1133=> http://localhost:6201/api/v1/user/profileData","timestamp":"2024-12-31T07:07:03.605Z"}
{"level":"info","message":"GET URL REQ => http://localhost:6201/api/v1/director/userData","timestamp":"2024-12-31T07:08:36.816Z"}
{"level":"info","message":"GET URL REQ => http://localhost:6201/api/v1/profile/passRegisterData","timestamp":"2024-12-31T07:08:36.831Z"}
{"level":"info","message":"GET URL REQ line 1133=> http://localhost:6201/api/v1/user/profileData","timestamp":"2024-12-31T07:08:37.179Z"}
{"level":"info","message":"GET URL REQ line 1133=> http://localhost:6201/api/v1/user/profileData","timestamp":"2024-12-31T07:08:37.219Z"}
{"level":"info","message":"GET URL REQ => http://localhost:6201/api/v1/director/userData","timestamp":"2024-12-31T07:08:38.447Z"}
{"level":"info","message":"GET URL REQ => http://localhost:6201/api/v1/profile/passRegisterData","timestamp":"2024-12-31T07:08:38.456Z"}
{"level":"info","message":"GET URL REQ line 1133=> http://localhost:6201/api/v1/user/profileData","timestamp":"2024-12-31T07:08:38.600Z"}
{"level":"info","message":"GET URL REQ line 1133=> http://localhost:6201/api/v1/user/profileData","timestamp":"2024-12-31T07:08:38.618Z"}
{"level":"info","message":"GET URL REQ line 1133=> http://localhost:6201/api/v1/user/profileData","timestamp":"2024-12-31T07:17:12.890Z"}
{"level":"info","message":"GET URL REQ line 1133=> http://localhost:6201/api/v1/user/profileData","timestamp":"2024-12-31T07:17:12.901Z"}
{"level":"info","message":"GET URL REQ => http://localhost:6201/api/v1/staff/userDataUpdate","timestamp":"2024-12-31T07:17:37.498Z"}
{"level":"error","message":"Error in Sending User Data To User Management Page Cannot read properties of undefined (reading 'id')","stack":"TypeError: Cannot read properties of undefined (reading 'id')\n    at StaffRepository.<anonymous> (C:\\Users\\VIJAY L\\Desktop\\backend1\\src\\api\\staff\\staff-repository.ts:555:43)\n    at Generator.next (<anonymous>)\n    at fulfilled (C:\\Users\\VIJAY L\\Desktop\\backend1\\src\\api\\staff\\staff-repository.ts:5:58)\n    at processTicksAndRejections (node:internal/process/task_queues:95:5)","timestamp":"2024-12-31T07:17:37.767Z"}
{"level":"info","message":"GET URL REQ => http://localhost:6201/api/v1/staff/userDataUpdate","timestamp":"2024-12-31T07:17:38.956Z"}
{"level":"error","message":"Error in Sending User Data To User Management Page Cannot read properties of undefined (reading 'id')","stack":"TypeError: Cannot read properties of undefined (reading 'id')\n    at StaffRepository.<anonymous> (C:\\Users\\VIJAY L\\Desktop\\backend1\\src\\api\\staff\\staff-repository.ts:555:43)\n    at Generator.next (<anonymous>)\n    at fulfilled (C:\\Users\\VIJAY L\\Desktop\\backend1\\src\\api\\staff\\staff-repository.ts:5:58)\n    at processTicksAndRejections (node:internal/process/task_queues:95:5)","timestamp":"2024-12-31T07:17:39.117Z"}
{"level":"info","message":"GET URL REQ => http://localhost:6201/api/v1/staff/userDataUpdate","timestamp":"2024-12-31T07:17:41.760Z"}
{"level":"error","message":"Error in Sending User Data To User Management Page Cannot read properties of undefined (reading 'id')","stack":"TypeError: Cannot read properties of undefined (reading 'id')\n    at StaffRepository.<anonymous> (C:\\Users\\VIJAY L\\Desktop\\backend1\\src\\api\\staff\\staff-repository.ts:555:43)\n    at Generator.next (<anonymous>)\n    at fulfilled (C:\\Users\\VIJAY L\\Desktop\\backend1\\src\\api\\staff\\staff-repository.ts:5:58)\n    at processTicksAndRejections (node:internal/process/task_queues:95:5)","timestamp":"2024-12-31T07:17:41.920Z"}
{"level":"info","message":"GET URL REQ => http://localhost:6201/api/v1/staff/userDataUpdate","timestamp":"2024-12-31T07:17:41.967Z"}
{"level":"error","message":"Error in Sending User Data To User Management Page Cannot read properties of undefined (reading 'id')","stack":"TypeError: Cannot read properties of undefined (reading 'id')\n    at StaffRepository.<anonymous> (C:\\Users\\VIJAY L\\Desktop\\backend1\\src\\api\\staff\\staff-repository.ts:555:43)\n    at Generator.next (<anonymous>)\n    at fulfilled (C:\\Users\\VIJAY L\\Desktop\\backend1\\src\\api\\staff\\staff-repository.ts:5:58)\n    at processTicksAndRejections (node:internal/process/task_queues:95:5)","timestamp":"2024-12-31T07:17:42.125Z"}
{"level":"info","message":"GET URL REQ => http://localhost:6201/api/v1/staff/userDataUpdate","timestamp":"2024-12-31T07:17:42.575Z"}
{"level":"error","message":"Error in Sending User Data To User Management Page Cannot read properties of undefined (reading 'id')","stack":"TypeError: Cannot read properties of undefined (reading 'id')\n    at StaffRepository.<anonymous> (C:\\Users\\VIJAY L\\Desktop\\backend1\\src\\api\\staff\\staff-repository.ts:555:43)\n    at Generator.next (<anonymous>)\n    at fulfilled (C:\\Users\\VIJAY L\\Desktop\\backend1\\src\\api\\staff\\staff-repository.ts:5:58)\n    at processTicksAndRejections (node:internal/process/task_queues:95:5)","timestamp":"2024-12-31T07:17:42.739Z"}
{"level":"info","message":"GET URL REQ => http://localhost:6201/api/v1/director/userData","timestamp":"2024-12-31T07:17:45.213Z"}
{"level":"info","message":"GET URL REQ => http://localhost:6201/api/v1/profile/passRegisterData","timestamp":"2024-12-31T07:17:45.233Z"}
{"level":"info","message":"GET URL REQ line 1133=> http://localhost:6201/api/v1/user/profileData","timestamp":"2024-12-31T07:17:45.425Z"}
{"level":"info","message":"GET URL REQ line 1133=> http://localhost:6201/api/v1/user/profileData","timestamp":"2024-12-31T07:17:45.444Z"}
{"level":"info","message":"GET URL REQ => http://localhost:6201/api/v1/profile/MemberList","timestamp":"2024-12-31T07:17:57.792Z"}
{"level":"info","message":"GET URL REQ => http://localhost:6201/api/v1/profile/MemberList","timestamp":"2024-12-31T07:18:00.853Z"}
{"level":"info","message":"GET URL REQ => http://localhost:6201/api/v1/profile/MemberList","timestamp":"2024-12-31T07:18:43.934Z"}
{"level":"info","message":"GET URL REQ => http://localhost:6201/api/v1/profile/MemberList","timestamp":"2024-12-31T07:18:46.450Z"}
{"level":"info","message":"GET URL REQ => http://localhost:6201/api/v1/staff/userManagementPage","timestamp":"2024-12-31T07:19:15.296Z"}
{"level":"info","message":"GET URL REQ => http://localhost:6201/api/v1/staff/userManagementPage","timestamp":"2024-12-31T07:26:21.001Z"}
{"level":"info","message":"GET URL REQ => http://localhost:6201/api/v1/staff/userManagementPage","timestamp":"2024-12-31T07:26:25.181Z"}
{"level":"info","message":"GET URL REQ => http://localhost:6201/api/v1/staff/userManagementPage","timestamp":"2024-12-31T07:26:29.745Z"}
{"level":"info","message":"GET URL REQ => http://localhost:6201/api/v1/profile/MemberList","timestamp":"2024-12-31T07:26:34.032Z"}
{"level":"info","message":"GET URL REQ => http://localhost:6201/api/v1/staff/userManagementPage","timestamp":"2024-12-31T07:26:54.713Z"}
{"level":"info","message":"GET URL REQ => http://localhost:6201/api/v1/profile/MemberList","timestamp":"2024-12-31T07:27:54.165Z"}
{"level":"info","message":"GET URL REQ => http://localhost:6201/api/v1/profile/MemberList","timestamp":"2024-12-31T07:27:56.192Z"}
{"level":"info","message":"GET URL REQ => http://localhost:6201/api/v1/staff/userManagementPage","timestamp":"2024-12-31T07:28:29.948Z"}
{"level":"info","message":"GET URL REQ => http://localhost:6201/api/v1/staff/userManagementPage","timestamp":"2024-12-31T07:29:18.278Z"}
{"level":"info","message":"GET URL REQ => http://localhost:6201/api/v1/staff/userManagementPage","timestamp":"2024-12-31T07:29:18.953Z"}
{"level":"info","message":"GET URL REQ => http://localhost:6201/api/v1/staff/userManagementPage","timestamp":"2024-12-31T07:29:28.170Z"}
{"level":"info","message":"GET URL REQ => http://localhost:6201/api/v1/staff/userManagementPage","timestamp":"2024-12-31T07:29:30.993Z"}
{"level":"info","message":"GET URL REQ => http://localhost:6201/api/v1/staff/userManagementPage","timestamp":"2024-12-31T07:29:32.551Z"}
{"level":"info","message":"Router-----store Register Form Data","timestamp":"2024-12-31T07:29:50.823Z"}
{"level":"info","message":"GET URL REQ => http://localhost:6201/api/v1/validateTokenData","timestamp":"2024-12-31T07:29:50.826Z"}
{"level":"info","message":"Router-----store Register Form Data","timestamp":"2024-12-31T07:29:50.841Z"}
{"level":"info","message":"GET URL REQ => http://localhost:6201/api/v1/validateTokenData","timestamp":"2024-12-31T07:29:50.842Z"}
{"level":"info","message":"Router-----store Register Form Data","timestamp":"2024-12-31T07:30:18.598Z"}
{"level":"info","message":"GET URL REQ => http://localhost:6201/api/v1/validateTokenData","timestamp":"2024-12-31T07:30:18.599Z"}
{"level":"info","message":"Router-----store Register Form Data","timestamp":"2024-12-31T07:30:18.608Z"}
{"level":"info","message":"GET URL REQ => http://localhost:6201/api/v1/validateTokenData","timestamp":"2024-12-31T07:30:18.609Z"}
{"level":"info","message":"Router-----store Register Form Data","timestamp":"2024-12-31T07:30:57.913Z"}
{"level":"info","message":"GET URL REQ => http://localhost:6201/api/v1/validateTokenData","timestamp":"2024-12-31T07:30:57.914Z"}
{"level":"info","message":"Router-----store Register Form Data","timestamp":"2024-12-31T07:30:57.929Z"}
{"level":"info","message":"GET URL REQ => http://localhost:6201/api/v1/validateTokenData","timestamp":"2024-12-31T07:30:57.929Z"}
{"level":"info","message":"GET URL REQ => http://localhost:6201/api/v1/staff/userManagementPage","timestamp":"2024-12-31T07:30:58.174Z"}
{"level":"info","message":"GET URL REQ => http://localhost:6201/api/v1/staff/userManagementPage","timestamp":"2024-12-31T07:30:58.189Z"}
{"level":"info","message":"Router-----store Register Form Data","timestamp":"2024-12-31T07:32:07.960Z"}
{"level":"info","message":"GET URL REQ => http://localhost:6201/api/v1/validateTokenData","timestamp":"2024-12-31T07:32:07.962Z"}
{"level":"info","message":"Router-----store Register Form Data","timestamp":"2024-12-31T07:32:07.968Z"}
{"level":"info","message":"GET URL REQ => http://localhost:6201/api/v1/validateTokenData","timestamp":"2024-12-31T07:32:07.968Z"}
{"level":"info","message":"Router-----store Register Form Data","timestamp":"2024-12-31T07:32:13.259Z"}
{"level":"info","message":"GET URL REQ => http://localhost:6201/api/v1/validateTokenData","timestamp":"2024-12-31T07:32:13.261Z"}
{"level":"info","message":"Router-----store Register Form Data","timestamp":"2024-12-31T07:32:13.268Z"}
{"level":"info","message":"GET URL REQ => http://localhost:6201/api/v1/validateTokenData","timestamp":"2024-12-31T07:32:13.269Z"}
{"level":"info","message":"GET URL REQ => http://localhost:6201/api/v1/staff/userManagementPage","timestamp":"2024-12-31T07:32:13.427Z"}
{"level":"info","message":"GET URL REQ => http://localhost:6201/api/v1/staff/userManagementPage","timestamp":"2024-12-31T07:32:13.446Z"}
{"level":"info","message":"GET URL REQ => http://localhost:6201/api/v1/staff/userManagementPage","timestamp":"2024-12-31T07:32:48.885Z"}
{"level":"info","message":"GET URL REQ => http://localhost:6201/api/v1/staff/userManagementPage","timestamp":"2024-12-31T07:33:20.256Z"}
{"level":"info","message":"GET URL REQ => http://localhost:6201/api/v1/staff/userManagementPage","timestamp":"2024-12-31T07:33:27.667Z"}
{"level":"info","message":"GET URL REQ => http://localhost:6201/api/v1/staff/userManagementPage","timestamp":"2024-12-31T07:33:40.157Z"}
{"level":"info","message":"GET URL REQ => http://localhost:6201/api/v1/staff/userManagementPage","timestamp":"2024-12-31T07:33:56.294Z"}
{"level":"info","message":"GET URL REQ => http://localhost:6201/api/v1/staff/userManagementPage","timestamp":"2024-12-31T07:33:57.977Z"}
{"level":"info","message":"GET URL REQ => http://localhost:6201/api/v1/staff/userManagementPage","timestamp":"2024-12-31T07:34:05.592Z"}
{"level":"info","message":"GET URL REQ => http://localhost:6201/api/v1/staff/userManagementPage","timestamp":"2024-12-31T07:34:07.470Z"}
{"level":"info","message":"GET URL REQ => http://localhost:6201/api/v1/staff/userManagementPage","timestamp":"2024-12-31T07:34:11.024Z"}
{"level":"info","message":"GET URL REQ => http://localhost:6201/api/v1/staff/userManagementPage","timestamp":"2024-12-31T07:34:23.512Z"}
{"level":"info","message":"GET URL REQ => http://localhost:6201/api/v1/staff/userManagementPage","timestamp":"2024-12-31T07:34:25.586Z"}
{"level":"info","message":"GET URL REQ => http://localhost:6201/api/v1/staff/userManagementPage","timestamp":"2024-12-31T07:34:32.689Z"}
{"level":"info","message":"GET URL REQ => http://localhost:6201/api/v1/staff/userManagementPage","timestamp":"2024-12-31T07:34:38.492Z"}
{"level":"info","message":"GET URL REQ => http://localhost:6201/api/v1/staff/userManagementPage","timestamp":"2024-12-31T07:34:42.577Z"}
{"level":"info","message":"GET URL REQ => http://localhost:6201/api/v1/staff/userManagementPage","timestamp":"2024-12-31T07:34:52.228Z"}
{"level":"info","message":"GET URL REQ => http://localhost:6201/api/v1/staff/userManagementPage","timestamp":"2024-12-31T07:34:54.256Z"}
{"level":"info","message":"GET URL REQ => http://localhost:6201/api/v1/staff/userManagementPage","timestamp":"2024-12-31T07:34:59.067Z"}
{"level":"info","message":"GET URL REQ => http://localhost:6201/api/v1/staff/userManagementPage","timestamp":"2024-12-31T07:35:01.333Z"}
{"level":"info","message":"GET URL REQ => http://localhost:6201/api/v1/staff/userManagementPage","timestamp":"2024-12-31T07:35:12.454Z"}
{"level":"info","message":"GET URL REQ => http://localhost:6201/api/v1/staff/userManagementPage","timestamp":"2024-12-31T07:35:14.051Z"}
{"level":"info","message":"GET URL REQ => http://localhost:6201/api/v1/staff/userManagementPage","timestamp":"2024-12-31T07:36:08.838Z"}
{"level":"info","message":"GET URL REQ => http://localhost:6201/api/v1/staff/userManagementPage","timestamp":"2024-12-31T07:36:28.973Z"}
{"level":"info","message":"GET URL REQ => http://localhost:6201/api/v1/staff/userManagementPage","timestamp":"2024-12-31T07:36:33.446Z"}
{"level":"info","message":"GET URL REQ => http://localhost:6201/api/v1/staff/userManagementPage","timestamp":"2024-12-31T07:37:06.309Z"}
{"level":"info","message":"GET URL REQ => http://localhost:6201/api/v1/staff/userManagementPage","timestamp":"2024-12-31T07:37:08.228Z"}
{"level":"info","message":"GET URL REQ => http://localhost:6201/api/v1/director/userData","timestamp":"2024-12-31T07:37:13.302Z"}
{"level":"info","message":"GET URL REQ => http://localhost:6201/api/v1/profile/passRegisterData","timestamp":"2024-12-31T07:37:13.315Z"}
{"level":"info","message":"GET URL REQ line 1133=> http://localhost:6201/api/v1/user/profileData","timestamp":"2024-12-31T07:37:13.565Z"}
{"level":"info","message":"GET URL REQ line 1133=> http://localhost:6201/api/v1/user/profileData","timestamp":"2024-12-31T07:37:13.595Z"}
{"level":"info","message":"GET URL REQ => http://localhost:6201/api/v1/profile/MemberList","timestamp":"2024-12-31T07:37:18.332Z"}
{"level":"info","message":"GET URL REQ => http://localhost:6201/api/v1/profile/MemberList","timestamp":"2024-12-31T07:37:19.564Z"}
{"level":"info","message":"server running --- from server.ts","timestamp":"2024-12-31T08:22:43.474Z"}
{"level":"info","message":"GET URL REQ => http://localhost:6201/api/v1/users/login","timestamp":"2024-12-31T08:22:59.262Z"}
{"level":"info","message":"GET URL REQ => http://localhost:6201/api/v1/staff/dashBoard","timestamp":"2024-12-31T08:23:01.120Z"}
{"level":"info","message":"Router-----store Register Form Data","timestamp":"2024-12-31T08:23:01.128Z"}
{"level":"info","message":"GET URL REQ => http://localhost:6201/api/v1/validateTokenData","timestamp":"2024-12-31T08:23:01.130Z"}
{"level":"info","message":"GET URL REQ => http://localhost:6201/api/v1/staff/dashBoard","timestamp":"2024-12-31T08:23:01.138Z"}
{"level":"info","message":"Router-----store Register Form Data","timestamp":"2024-12-31T08:23:01.142Z"}
{"level":"info","message":"GET URL REQ => http://localhost:6201/api/v1/validateTokenData","timestamp":"2024-12-31T08:23:01.143Z"}
{"level":"info","message":"Router-----store Register Form Data","timestamp":"2024-12-31T08:23:06.217Z"}
{"level":"info","message":"GET URL REQ => http://localhost:6201/api/v1/validateTokenData","timestamp":"2024-12-31T08:23:06.219Z"}
{"level":"info","message":"Router-----store Register Form Data","timestamp":"2024-12-31T08:23:06.226Z"}
{"level":"info","message":"GET URL REQ => http://localhost:6201/api/v1/validateTokenData","timestamp":"2024-12-31T08:23:06.227Z"}
{"level":"info","message":"GET URL REQ => http://localhost:6201/api/v1/therapist/approvalData","timestamp":"2024-12-31T08:23:06.371Z"}
{"level":"info","message":"GET URL REQ => http://localhost:6201/api/v1/therapist/approvalData","timestamp":"2024-12-31T08:23:06.389Z"}
{"level":"info","message":"Router-----store Register Form Data","timestamp":"2024-12-31T08:23:08.241Z"}
{"level":"info","message":"GET URL REQ => http://localhost:6201/api/v1/validateTokenData","timestamp":"2024-12-31T08:23:08.243Z"}
{"level":"info","message":"Router-----store Register Form Data","timestamp":"2024-12-31T08:23:08.249Z"}
{"level":"info","message":"GET URL REQ => http://localhost:6201/api/v1/validateTokenData","timestamp":"2024-12-31T08:23:08.250Z"}
{"level":"info","message":"GET URL REQ => http://localhost:6201/api/v1/staff/userManagementPage","timestamp":"2024-12-31T08:23:08.459Z"}
{"level":"info","message":"GET URL REQ => http://localhost:6201/api/v1/staff/userManagementPage","timestamp":"2024-12-31T08:23:08.470Z"}
{"level":"info","message":"GET URL REQ => http://localhost:6201/api/v1/director/userData","timestamp":"2024-12-31T08:23:09.932Z"}
{"level":"info","message":"GET URL REQ => http://localhost:6201/api/v1/profile/passRegisterData","timestamp":"2024-12-31T08:23:09.944Z"}
{"level":"info","message":"GET URL REQ line 1133=> http://localhost:6201/api/v1/user/profileData","timestamp":"2024-12-31T08:23:10.248Z"}
{"level":"info","message":"GET URL REQ line 1133=> http://localhost:6201/api/v1/user/profileData","timestamp":"2024-12-31T08:23:10.258Z"}
{"level":"info","message":"GET URL REQ => http://localhost:6201/api/v1/profile/MemberList","timestamp":"2024-12-31T08:23:17.260Z"}
{"level":"info","message":"GET URL REQ => http://localhost:6201/api/v1/profile/MemberList","timestamp":"2024-12-31T08:23:19.062Z"}
{"level":"info","message":"GET URL REQ => http://localhost:6201/api/v1/profile/sectionTime","timestamp":"2024-12-31T08:23:40.770Z"}
{"level":"info","message":"GET URL REQ => http://localhost:6201/api/v1/staff/userManagementPage","timestamp":"2024-12-31T08:35:04.550Z"}
{"level":"info","message":"GET URL REQ => http://localhost:6201/api/v1/staff/userManagementPage","timestamp":"2024-12-31T08:35:52.176Z"}
{"level":"info","message":"GET URL REQ => http://localhost:6201/api/v1/staff/userManagementPage","timestamp":"2024-12-31T08:35:54.305Z"}
{"level":"info","message":"GET URL REQ => http://localhost:6201/api/v1/staff/userManagementPage","timestamp":"2024-12-31T08:36:15.532Z"}
{"level":"info","message":"GET URL REQ => http://localhost:6201/api/v1/staff/userManagementPage","timestamp":"2024-12-31T08:36:29.419Z"}
{"level":"info","message":"GET URL REQ => http://localhost:6201/api/v1/staff/userManagementPage","timestamp":"2024-12-31T08:36:34.865Z"}
{"level":"info","message":"Router-----store Register Form Data","timestamp":"2024-12-31T08:38:35.880Z"}
{"level":"info","message":"GET URL REQ => http://localhost:6201/api/v1/validateTokenData","timestamp":"2024-12-31T08:38:35.881Z"}
{"level":"info","message":"Router-----store Register Form Data","timestamp":"2024-12-31T08:38:35.888Z"}
{"level":"info","message":"GET URL REQ => http://localhost:6201/api/v1/validateTokenData","timestamp":"2024-12-31T08:38:35.889Z"}
{"level":"info","message":"Router-----store Register Form Data","timestamp":"2024-12-31T08:38:47.485Z"}
{"level":"info","message":"GET URL REQ => http://localhost:6201/api/v1/validateTokenData","timestamp":"2024-12-31T08:38:47.488Z"}
{"level":"info","message":"Router-----store Register Form Data","timestamp":"2024-12-31T08:38:47.497Z"}
{"level":"info","message":"GET URL REQ => http://localhost:6201/api/v1/validateTokenData","timestamp":"2024-12-31T08:38:47.499Z"}
{"level":"info","message":"GET URL REQ => http://localhost:6201/api/v1/staff/userManagementPage","timestamp":"2024-12-31T08:38:47.757Z"}
{"level":"info","message":"GET URL REQ => http://localhost:6201/api/v1/staff/userManagementPage","timestamp":"2024-12-31T08:38:47.768Z"}
{"level":"info","message":"GET URL REQ => http://localhost:6201/api/v1/staff/userManagementPage","timestamp":"2024-12-31T08:39:38.610Z"}
{"level":"info","message":"GET URL REQ => http://localhost:6201/api/v1/staff/userManagementPage","timestamp":"2024-12-31T08:40:07.723Z"}
{"level":"info","message":"GET URL REQ => http://localhost:6201/api/v1/staff/userManagementPage","timestamp":"2024-12-31T08:40:21.546Z"}
{"level":"info","message":"GET URL REQ => http://localhost:6201/api/v1/staff/userManagementPage","timestamp":"2024-12-31T08:40:25.743Z"}
{"level":"info","message":"GET URL REQ => http://localhost:6201/api/v1/staff/userManagementPage","timestamp":"2024-12-31T08:40:30.416Z"}
{"level":"info","message":"GET URL REQ => http://localhost:6201/api/v1/staff/userManagementPage","timestamp":"2024-12-31T08:40:31.882Z"}
{"level":"info","message":"GET URL REQ => http://localhost:6201/api/v1/staff/userManagementPage","timestamp":"2024-12-31T08:40:37.174Z"}
{"level":"info","message":"GET URL REQ => http://localhost:6201/api/v1/staff/userManagementPage","timestamp":"2024-12-31T08:40:40.872Z"}
{"level":"info","message":"GET URL REQ => http://localhost:6201/api/v1/staff/userManagementPage","timestamp":"2024-12-31T08:40:48.417Z"}
{"level":"info","message":"GET URL REQ => http://localhost:6201/api/v1/staff/userManagementPage","timestamp":"2024-12-31T08:40:51.402Z"}
{"level":"info","message":"GET URL REQ => http://localhost:6201/api/v1/staff/userManagementPage","timestamp":"2024-12-31T08:40:55.350Z"}
{"level":"info","message":"GET URL REQ => http://localhost:6201/api/v1/staff/userManagementPage","timestamp":"2024-12-31T08:40:56.617Z"}
{"level":"info","message":"GET URL REQ => http://localhost:6201/api/v1/staff/userManagementPage","timestamp":"2024-12-31T08:40:58.031Z"}
{"level":"info","message":"GET URL REQ => http://localhost:6201/api/v1/staff/userManagementPage","timestamp":"2024-12-31T08:42:00.094Z"}
{"level":"info","message":"GET URL REQ => http://localhost:6201/api/v1/staff/userManagementPage","timestamp":"2024-12-31T08:42:02.534Z"}
{"level":"info","message":"GET URL REQ => http://localhost:6201/api/v1/director/userData","timestamp":"2024-12-31T08:42:04.649Z"}
{"level":"info","message":"GET URL REQ => http://localhost:6201/api/v1/profile/passRegisterData","timestamp":"2024-12-31T08:42:04.665Z"}
{"level":"info","message":"GET URL REQ line 1133=> http://localhost:6201/api/v1/user/profileData","timestamp":"2024-12-31T08:42:05.196Z"}
{"level":"info","message":"GET URL REQ line 1133=> http://localhost:6201/api/v1/user/profileData","timestamp":"2024-12-31T08:42:05.202Z"}
{"level":"info","message":"GET URL REQ => http://localhost:6201/api/v1/profile/MemberList","timestamp":"2024-12-31T08:42:09.396Z"}
{"level":"info","message":"GET URL REQ => http://localhost:6201/api/v1/profile/MemberList","timestamp":"2024-12-31T08:42:10.730Z"}
{"level":"info","message":"GET URL REQ => http://localhost:6201/api/v1/profile/sectionTime","timestamp":"2024-12-31T08:42:16.957Z"}
{"level":"info","message":"GET URL REQ => http://localhost:6201/api/v1/profile/sectionTime","timestamp":"2024-12-31T08:42:20.368Z"}
{"level":"info","message":"GET URL REQ => http://localhost:6201/api/v1/profile/PackageTime","timestamp":"2024-12-31T08:42:22.847Z"}
{"level":"info","message":"GET URL REQ => http://localhost:6201/api/v1/staff/userManagementPage","timestamp":"2024-12-31T08:44:27.081Z"}
{"level":"info","message":"GET URL REQ => http://localhost:6201/api/v1/staff/userManagementPage","timestamp":"2024-12-31T08:44:28.642Z"}
{"level":"info","message":"GET URL REQ => http://localhost:6201/api/v1/staff/userManagementPage","timestamp":"2024-12-31T08:44:30.082Z"}
{"level":"info","message":"Router-----store Register Form Data","timestamp":"2024-12-31T08:46:35.598Z"}
{"level":"info","message":"GET URL REQ => http://localhost:6201/api/v1/validateTokenData","timestamp":"2024-12-31T08:46:35.600Z"}
{"level":"info","message":"Router-----store Register Form Data","timestamp":"2024-12-31T08:46:35.610Z"}
{"level":"info","message":"GET URL REQ => http://localhost:6201/api/v1/validateTokenData","timestamp":"2024-12-31T08:46:35.611Z"}
{"level":"info","message":"GET URL REQ => http://localhost:6201/api/v1/staff/userManagementPage","timestamp":"2024-12-31T08:46:35.917Z"}
{"level":"info","message":"GET URL REQ => http://localhost:6201/api/v1/staff/userManagementPage","timestamp":"2024-12-31T08:46:35.931Z"}
{"level":"info","message":"GET URL REQ => http://localhost:6201/api/v1/director/userData","timestamp":"2024-12-31T08:46:37.241Z"}
{"level":"info","message":"GET URL REQ => http://localhost:6201/api/v1/profile/passRegisterData","timestamp":"2024-12-31T08:46:37.251Z"}
{"level":"info","message":"GET URL REQ line 1133=> http://localhost:6201/api/v1/user/profileData","timestamp":"2024-12-31T08:46:37.561Z"}
{"level":"info","message":"GET URL REQ line 1133=> http://localhost:6201/api/v1/user/profileData","timestamp":"2024-12-31T08:46:37.566Z"}
{"level":"info","message":"GET URL REQ => http://localhost:6201/api/v1/staff/userManagementPage","timestamp":"2024-12-31T08:48:22.058Z"}
{"level":"info","message":"GET URL REQ => http://localhost:6201/api/v1/staff/userManagementPage","timestamp":"2024-12-31T08:48:54.462Z"}
{"level":"info","message":"GET URL REQ => http://localhost:6201/api/v1/staff/userManagementPage","timestamp":"2024-12-31T08:48:55.783Z"}
{"level":"info","message":"GET URL REQ => http://localhost:6201/api/v1/staff/userManagementPage","timestamp":"2024-12-31T08:48:58.344Z"}
{"level":"info","message":"GET URL REQ => http://localhost:6201/api/v1/staff/userManagementPage","timestamp":"2024-12-31T08:49:08.432Z"}
{"level":"info","message":"GET URL REQ => http://localhost:6201/api/v1/staff/userManagementPage","timestamp":"2024-12-31T08:49:50.547Z"}
{"level":"info","message":"GET URL REQ => http://localhost:6201/api/v1/staff/userManagementPage","timestamp":"2024-12-31T08:49:53.433Z"}
{"level":"info","message":"GET URL REQ => http://localhost:6201/api/v1/director/userData","timestamp":"2024-12-31T08:49:56.905Z"}
{"level":"info","message":"GET URL REQ => http://localhost:6201/api/v1/profile/passRegisterData","timestamp":"2024-12-31T08:49:56.918Z"}
{"level":"info","message":"GET URL REQ line 1133=> http://localhost:6201/api/v1/user/profileData","timestamp":"2024-12-31T08:49:57.076Z"}
{"level":"info","message":"GET URL REQ line 1133=> http://localhost:6201/api/v1/user/profileData","timestamp":"2024-12-31T08:49:57.096Z"}
{"level":"info","message":"GET URL REQ => http://localhost:6201/api/v1/staff/userManagementPage","timestamp":"2024-12-31T08:50:15.156Z"}
{"level":"info","message":"GET URL REQ => http://localhost:6201/api/v1/director/userData","timestamp":"2024-12-31T08:50:17.566Z"}
{"level":"info","message":"GET URL REQ => http://localhost:6201/api/v1/profile/passRegisterData","timestamp":"2024-12-31T08:50:17.574Z"}
{"level":"info","message":"GET URL REQ line 1133=> http://localhost:6201/api/v1/user/profileData","timestamp":"2024-12-31T08:50:17.698Z"}
{"level":"info","message":"GET URL REQ line 1133=> http://localhost:6201/api/v1/user/profileData","timestamp":"2024-12-31T08:50:17.718Z"}
{"level":"info","message":"Router-----store Register Form Data","timestamp":"2024-12-31T08:50:24.343Z"}
{"level":"info","message":"GET URL REQ => http://localhost:6201/api/v1/validateTokenData","timestamp":"2024-12-31T08:50:24.345Z"}
{"level":"info","message":"Router-----store Register Form Data","timestamp":"2024-12-31T08:50:24.352Z"}
{"level":"info","message":"GET URL REQ => http://localhost:6201/api/v1/validateTokenData","timestamp":"2024-12-31T08:50:24.354Z"}
{"level":"info","message":"GET URL REQ => http://localhost:6201/api/v1/staff/userManagementPage","timestamp":"2024-12-31T08:50:24.482Z"}
{"level":"info","message":"GET URL REQ => http://localhost:6201/api/v1/staff/userManagementPage","timestamp":"2024-12-31T08:50:24.496Z"}
{"level":"info","message":"GET URL REQ => http://localhost:6201/api/v1/director/userData","timestamp":"2024-12-31T08:50:26.393Z"}
{"level":"info","message":"GET URL REQ => http://localhost:6201/api/v1/profile/passRegisterData","timestamp":"2024-12-31T08:50:26.402Z"}
{"level":"info","message":"GET URL REQ line 1133=> http://localhost:6201/api/v1/user/profileData","timestamp":"2024-12-31T08:50:26.704Z"}
{"level":"info","message":"GET URL REQ line 1133=> http://localhost:6201/api/v1/user/profileData","timestamp":"2024-12-31T08:50:26.712Z"}
{"level":"info","message":"GET URL REQ => http://localhost:6201/api/v1/staff/userManagementPage","timestamp":"2024-12-31T08:50:47.582Z"}
{"level":"info","message":"GET URL REQ => http://localhost:6201/api/v1/director/userData","timestamp":"2024-12-31T08:50:49.063Z"}
{"level":"info","message":"GET URL REQ => http://localhost:6201/api/v1/profile/passRegisterData","timestamp":"2024-12-31T08:50:49.076Z"}
{"level":"info","message":"GET URL REQ line 1133=> http://localhost:6201/api/v1/user/profileData","timestamp":"2024-12-31T08:50:49.224Z"}
{"level":"info","message":"GET URL REQ line 1133=> http://localhost:6201/api/v1/user/profileData","timestamp":"2024-12-31T08:50:49.244Z"}
{"level":"info","message":"GET URL REQ => http://localhost:6201/api/v1/profile/MemberList","timestamp":"2024-12-31T08:50:56.681Z"}
{"level":"info","message":"GET URL REQ => http://localhost:6201/api/v1/profile/MemberList","timestamp":"2024-12-31T08:50:59.148Z"}
{"level":"info","message":"GET URL REQ => http://localhost:6201/api/v1/profile/sectionTime","timestamp":"2024-12-31T08:51:17.492Z"}
{"level":"info","message":"GET URL REQ => http://localhost:6201/api/v1/staff/userManagementPage","timestamp":"2024-12-31T08:51:26.338Z"}
{"level":"info","message":"GET URL REQ => http://localhost:6201/api/v1/staff/userManagementPage","timestamp":"2024-12-31T08:53:15.699Z"}
{"level":"info","message":"GET URL REQ => http://localhost:6201/api/v1/staff/userManagementPage","timestamp":"2024-12-31T08:53:17.284Z"}
{"level":"info","message":"GET URL REQ => http://localhost:6201/api/v1/staff/userManagementPage","timestamp":"2024-12-31T08:53:18.703Z"}
{"level":"info","message":"GET URL REQ => http://localhost:6201/api/v1/staff/userManagementPage","timestamp":"2024-12-31T08:53:20.497Z"}
{"level":"info","message":"GET URL REQ => http://localhost:6201/api/v1/director/userData","timestamp":"2024-12-31T08:53:23.881Z"}
{"level":"info","message":"GET URL REQ => http://localhost:6201/api/v1/profile/passRegisterData","timestamp":"2024-12-31T08:53:23.889Z"}
{"level":"info","message":"GET URL REQ line 1133=> http://localhost:6201/api/v1/user/profileData","timestamp":"2024-12-31T08:53:24.059Z"}
{"level":"info","message":"GET URL REQ line 1133=> http://localhost:6201/api/v1/user/profileData","timestamp":"2024-12-31T08:53:24.090Z"}
{"level":"info","message":"Router-----store Register Form Data","timestamp":"2024-12-31T08:53:29.626Z"}
{"level":"info","message":"GET URL REQ => http://localhost:6201/api/v1/validateTokenData","timestamp":"2024-12-31T08:53:29.628Z"}
{"level":"info","message":"Router-----store Register Form Data","timestamp":"2024-12-31T08:53:29.634Z"}
{"level":"info","message":"GET URL REQ => http://localhost:6201/api/v1/validateTokenData","timestamp":"2024-12-31T08:53:29.636Z"}
{"level":"info","message":"GET URL REQ => http://localhost:6201/api/v1/staff/userManagementPage","timestamp":"2024-12-31T08:53:29.779Z"}
{"level":"info","message":"GET URL REQ => http://localhost:6201/api/v1/staff/userManagementPage","timestamp":"2024-12-31T08:53:29.800Z"}
{"level":"info","message":"GET URL REQ => http://localhost:6201/api/v1/director/userData","timestamp":"2024-12-31T08:53:31.281Z"}
{"level":"info","message":"GET URL REQ => http://localhost:6201/api/v1/profile/passRegisterData","timestamp":"2024-12-31T08:53:31.289Z"}
{"level":"info","message":"GET URL REQ line 1133=> http://localhost:6201/api/v1/user/profileData","timestamp":"2024-12-31T08:53:31.535Z"}
{"level":"info","message":"GET URL REQ line 1133=> http://localhost:6201/api/v1/user/profileData","timestamp":"2024-12-31T08:53:31.540Z"}
{"level":"info","message":"GET URL REQ => http://localhost:6201/api/v1/director/userData","timestamp":"2024-12-31T08:54:49.457Z"}
{"level":"info","message":"GET URL REQ => http://localhost:6201/api/v1/profile/passRegisterData","timestamp":"2024-12-31T08:54:49.478Z"}
{"level":"info","message":"GET URL REQ line 1133=> http://localhost:6201/api/v1/user/profileData","timestamp":"2024-12-31T08:54:49.686Z"}
{"level":"info","message":"GET URL REQ line 1133=> http://localhost:6201/api/v1/user/profileData","timestamp":"2024-12-31T08:54:49.708Z"}
{"level":"info","message":"Router-----store Register Form Data","timestamp":"2024-12-31T08:54:57.864Z"}
{"level":"info","message":"GET URL REQ => http://localhost:6201/api/v1/validateTokenData","timestamp":"2024-12-31T08:54:57.865Z"}
{"level":"info","message":"Router-----store Register Form Data","timestamp":"2024-12-31T08:54:57.871Z"}
{"level":"info","message":"GET URL REQ => http://localhost:6201/api/v1/validateTokenData","timestamp":"2024-12-31T08:54:57.872Z"}
{"level":"info","message":"GET URL REQ => http://localhost:6201/api/v1/staff/userManagementPage","timestamp":"2024-12-31T08:54:58.009Z"}
{"level":"info","message":"GET URL REQ => http://localhost:6201/api/v1/staff/userManagementPage","timestamp":"2024-12-31T08:54:58.023Z"}
{"level":"info","message":"GET URL REQ => http://localhost:6201/api/v1/director/userData","timestamp":"2024-12-31T08:54:59.297Z"}
{"level":"info","message":"GET URL REQ => http://localhost:6201/api/v1/profile/passRegisterData","timestamp":"2024-12-31T08:54:59.313Z"}
{"level":"info","message":"GET URL REQ line 1133=> http://localhost:6201/api/v1/user/profileData","timestamp":"2024-12-31T08:54:59.656Z"}
{"level":"info","message":"GET URL REQ line 1133=> http://localhost:6201/api/v1/user/profileData","timestamp":"2024-12-31T08:54:59.678Z"}
{"level":"info","message":"GET URL REQ => http://localhost:6201/api/v1/users/login","timestamp":"2024-12-31T08:55:51.072Z"}
{"level":"info","message":"Router----- line 17","timestamp":"2024-12-31T08:55:51.815Z"}
{"level":"info","message":"GET URL REQ => http://localhost:6201/api/v1/validatetoken","timestamp":"2024-12-31T08:55:51.822Z"}
{"level":"info","message":"Router----- line 17","timestamp":"2024-12-31T08:55:53.707Z"}
{"level":"info","message":"GET URL REQ => http://localhost:6201/api/v1/validatetoken","timestamp":"2024-12-31T08:55:53.708Z"}
{"level":"info","message":"Router----- line 17","timestamp":"2024-12-31T08:55:55.535Z"}
{"level":"info","message":"GET URL REQ => http://localhost:6201/api/v1/validatetoken","timestamp":"2024-12-31T08:55:55.536Z"}
{"level":"info","message":"Router-----store Register Form Data","timestamp":"2024-12-31T08:55:55.551Z"}
{"level":"info","message":"GET URL REQ => http://localhost:6201/api/v1/validateTokenData","timestamp":"2024-12-31T08:55:55.552Z"}
{"level":"info","message":"GET URL REQ line 1133=> http://localhost:6201/api/v1/user/profileData","timestamp":"2024-12-31T08:55:55.557Z"}
{"level":"info","message":"Router-----store Register Form Data","timestamp":"2024-12-31T08:55:55.561Z"}
{"level":"info","message":"GET URL REQ => http://localhost:6201/api/v1/validateTokenData","timestamp":"2024-12-31T08:55:55.562Z"}
{"level":"info","message":"GET URL REQ line 1133=> http://localhost:6201/api/v1/user/profileData","timestamp":"2024-12-31T08:55:55.565Z"}
{"level":"info","message":"GET URL REQ => http://localhost:6201/api/v1/director/userData","timestamp":"2024-12-31T08:56:19.899Z"}
{"level":"info","message":"GET URL REQ => http://localhost:6201/api/v1/profile/passRegisterData","timestamp":"2024-12-31T08:56:19.907Z"}
{"level":"info","message":"GET URL REQ line 1133=> http://localhost:6201/api/v1/user/profileData","timestamp":"2024-12-31T08:56:20.068Z"}
{"level":"info","message":"GET URL REQ line 1133=> http://localhost:6201/api/v1/user/profileData","timestamp":"2024-12-31T08:56:20.089Z"}
{"level":"info","message":"Router-----store Register Form Data","timestamp":"2024-12-31T08:56:39.083Z"}
{"level":"info","message":"GET URL REQ => http://localhost:6201/api/v1/validateTokenData","timestamp":"2024-12-31T08:56:39.085Z"}
{"level":"info","message":"Router-----store Register Form Data","timestamp":"2024-12-31T08:56:39.098Z"}
{"level":"info","message":"GET URL REQ => http://localhost:6201/api/v1/validateTokenData","timestamp":"2024-12-31T08:56:39.099Z"}
{"level":"info","message":"GET URL REQ => http://localhost:6201/api/v1/staff/userManagementPage","timestamp":"2024-12-31T08:56:39.437Z"}
{"level":"info","message":"GET URL REQ => http://localhost:6201/api/v1/staff/userManagementPage","timestamp":"2024-12-31T08:56:39.456Z"}
{"level":"info","message":"GET URL REQ => http://localhost:6201/api/v1/director/userData","timestamp":"2024-12-31T08:56:40.828Z"}
{"level":"info","message":"GET URL REQ => http://localhost:6201/api/v1/profile/passRegisterData","timestamp":"2024-12-31T08:56:40.837Z"}
{"level":"info","message":"GET URL REQ line 1133=> http://localhost:6201/api/v1/user/profileData","timestamp":"2024-12-31T08:56:41.226Z"}
{"level":"info","message":"GET URL REQ line 1133=> http://localhost:6201/api/v1/user/profileData","timestamp":"2024-12-31T08:56:41.235Z"}
{"level":"info","message":"GET URL REQ => http://localhost:6201/api/v1/profile/MemberList","timestamp":"2024-12-31T08:56:47.826Z"}
{"level":"info","message":"GET URL REQ => http://localhost:6201/api/v1/profile/MemberList","timestamp":"2024-12-31T08:56:49.963Z"}
{"level":"info","message":"GET URL REQ => http://localhost:6201/api/v1/staff/userManagementPage","timestamp":"2024-12-31T08:58:24.587Z"}
{"level":"info","message":"GET URL REQ => http://localhost:6201/api/v1/staff/userManagementPage","timestamp":"2024-12-31T08:58:32.045Z"}
{"level":"info","message":"GET URL REQ => http://localhost:6201/api/v1/staff/userManagementPage","timestamp":"2024-12-31T08:58:44.645Z"}
{"level":"info","message":"GET URL REQ => http://localhost:6201/api/v1/staff/userManagementPage","timestamp":"2024-12-31T08:58:51.684Z"}
{"level":"info","message":"GET URL REQ => http://localhost:6201/api/v1/staff/userManagementPage","timestamp":"2024-12-31T08:58:53.216Z"}
{"level":"info","message":"GET URL REQ => http://localhost:6201/api/v1/staff/userManagementPage","timestamp":"2024-12-31T08:59:25.174Z"}
{"level":"info","message":"GET URL REQ => http://localhost:6201/api/v1/staff/userManagementPage","timestamp":"2024-12-31T08:59:30.436Z"}
{"level":"info","message":"GET URL REQ => http://localhost:6201/api/v1/staff/userManagementPage","timestamp":"2024-12-31T08:59:32.678Z"}
{"level":"info","message":"GET URL REQ => http://localhost:6201/api/v1/staff/userManagementPage","timestamp":"2024-12-31T08:59:33.783Z"}
{"level":"info","message":"GET URL REQ => http://localhost:6201/api/v1/staff/userManagementPage","timestamp":"2024-12-31T08:59:36.933Z"}
{"level":"info","message":"GET URL REQ => http://localhost:6201/api/v1/staff/userManagementPage","timestamp":"2024-12-31T08:59:39.429Z"}
{"level":"info","message":"GET URL REQ => http://localhost:6201/api/v1/director/userData","timestamp":"2024-12-31T08:59:44.138Z"}
{"level":"info","message":"GET URL REQ => http://localhost:6201/api/v1/profile/passRegisterData","timestamp":"2024-12-31T08:59:44.163Z"}
{"level":"info","message":"GET URL REQ line 1133=> http://localhost:6201/api/v1/user/profileData","timestamp":"2024-12-31T08:59:44.433Z"}
{"level":"info","message":"GET URL REQ line 1133=> http://localhost:6201/api/v1/user/profileData","timestamp":"2024-12-31T08:59:44.454Z"}
{"level":"info","message":"Router-----store Register Form Data","timestamp":"2024-12-31T08:59:49.715Z"}
{"level":"info","message":"GET URL REQ => http://localhost:6201/api/v1/validateTokenData","timestamp":"2024-12-31T08:59:49.716Z"}
{"level":"info","message":"Router-----store Register Form Data","timestamp":"2024-12-31T08:59:49.722Z"}
{"level":"info","message":"GET URL REQ => http://localhost:6201/api/v1/validateTokenData","timestamp":"2024-12-31T08:59:49.723Z"}
{"level":"info","message":"GET URL REQ => http://localhost:6201/api/v1/staff/userManagementPage","timestamp":"2024-12-31T08:59:49.877Z"}
{"level":"info","message":"GET URL REQ => http://localhost:6201/api/v1/staff/userManagementPage","timestamp":"2024-12-31T08:59:49.898Z"}
{"level":"info","message":"GET URL REQ => http://localhost:6201/api/v1/director/userData","timestamp":"2024-12-31T08:59:51.454Z"}
{"level":"info","message":"GET URL REQ => http://localhost:6201/api/v1/profile/passRegisterData","timestamp":"2024-12-31T08:59:51.475Z"}
{"level":"info","message":"GET URL REQ line 1133=> http://localhost:6201/api/v1/user/profileData","timestamp":"2024-12-31T08:59:51.791Z"}
{"level":"info","message":"GET URL REQ line 1133=> http://localhost:6201/api/v1/user/profileData","timestamp":"2024-12-31T08:59:51.819Z"}
{"level":"info","message":"GET URL REQ => http://localhost:6201/api/v1/profile/MemberList","timestamp":"2024-12-31T09:00:02.281Z"}
{"level":"info","message":"GET URL REQ => http://localhost:6201/api/v1/profile/MemberList","timestamp":"2024-12-31T09:00:06.569Z"}
{"level":"info","message":"GET URL REQ => http://localhost:6201/api/v1/profile/MemberList","timestamp":"2024-12-31T09:00:09.088Z"}
{"level":"info","message":"GET URL REQ => http://localhost:6201/api/v1/profile/sectionTime","timestamp":"2024-12-31T09:00:23.499Z"}
{"level":"info","message":"GET URL REQ => http://localhost:6201/api/v1/profile/sectionTime","timestamp":"2024-12-31T09:00:25.747Z"}
{"level":"info","message":"GET URL REQ => http://localhost:6201/api/v1/profile/PackageTime","timestamp":"2024-12-31T09:00:32.604Z"}
{"level":"error","message":"Error in Sending Package Timing Cannot read properties of undefined (reading 'refTimingId')","stack":"TypeError: Cannot read properties of undefined (reading 'refTimingId')\n    at ProfileRepository.<anonymous> (C:\\Users\\VIJAY L\\Desktop\\backend1\\src\\api\\profile\\profile-repository.ts:556:30)\n    at Generator.next (<anonymous>)\n    at fulfilled (C:\\Users\\VIJAY L\\Desktop\\backend1\\src\\api\\profile\\profile-repository.ts:5:58)\n    at processTicksAndRejections (node:internal/process/task_queues:95:5)","timestamp":"2024-12-31T09:00:32.663Z"}
{"level":"info","message":"GET URL REQ => http://localhost:6201/api/v1/profile/PackageTime","timestamp":"2024-12-31T09:00:36.448Z"}
{"level":"info","message":"GET URL REQ => http://localhost:6201/api/v1/profile/PackageTime","timestamp":"2024-12-31T09:00:40.399Z"}
{"level":"info","message":"GET URL REQ => http://localhost:6201/api/v1/staff/userManagementPage","timestamp":"2024-12-31T09:01:37.492Z"}
{"level":"info","message":"GET URL REQ => http://localhost:6201/api/v1/staff/userManagementPage","timestamp":"2024-12-31T09:01:40.752Z"}
{"level":"info","message":"GET URL REQ => http://localhost:6201/api/v1/staff/userManagementPage","timestamp":"2024-12-31T09:01:51.075Z"}
{"level":"info","message":"GET URL REQ => http://localhost:6201/api/v1/staff/userManagementPage","timestamp":"2024-12-31T09:02:03.781Z"}
{"level":"info","message":"GET URL REQ => http://localhost:6201/api/v1/staff/userManagementPage","timestamp":"2024-12-31T09:04:14.727Z"}
{"level":"info","message":"GET URL REQ => http://localhost:6201/api/v1/staff/userManagementPage","timestamp":"2024-12-31T09:04:17.585Z"}
{"level":"info","message":"GET URL REQ => http://localhost:6201/api/v1/staff/userManagementPage","timestamp":"2024-12-31T09:04:22.589Z"}
{"level":"info","message":"GET URL REQ => http://localhost:6201/api/v1/staff/userManagementPage","timestamp":"2024-12-31T09:04:32.502Z"}
{"level":"info","message":"GET URL REQ => http://localhost:6201/api/v1/staff/userManagementPage","timestamp":"2024-12-31T09:04:35.596Z"}
{"level":"info","message":"GET URL REQ => http://localhost:6201/api/v1/staff/userManagementPage","timestamp":"2024-12-31T09:04:48.381Z"}
{"level":"info","message":"GET URL REQ => http://localhost:6201/api/v1/staff/userManagementPage","timestamp":"2024-12-31T09:05:28.846Z"}
{"level":"info","message":"GET URL REQ => http://localhost:6201/api/v1/staff/userManagementPage","timestamp":"2024-12-31T09:05:30.921Z"}
{"level":"info","message":"GET URL REQ => http://localhost:6201/api/v1/staff/userManagementPage","timestamp":"2024-12-31T09:05:32.091Z"}
{"level":"info","message":"GET URL REQ => http://localhost:6201/api/v1/staff/userManagementPage","timestamp":"2024-12-31T09:05:41.431Z"}
{"level":"info","message":"GET URL REQ => http://localhost:6201/api/v1/staff/userManagementPage","timestamp":"2024-12-31T09:05:47.504Z"}
{"level":"info","message":"GET URL REQ => http://localhost:6201/api/v1/staff/userManagementPage","timestamp":"2024-12-31T09:05:51.909Z"}
{"level":"info","message":"Router-----store Register Form Data","timestamp":"2024-12-31T09:05:54.635Z"}
{"level":"info","message":"GET URL REQ => http://localhost:6201/api/v1/validateTokenData","timestamp":"2024-12-31T09:05:54.637Z"}
{"level":"info","message":"Router-----store Register Form Data","timestamp":"2024-12-31T09:05:54.642Z"}
{"level":"info","message":"GET URL REQ => http://localhost:6201/api/v1/validateTokenData","timestamp":"2024-12-31T09:05:54.643Z"}
{"level":"info","message":"GET URL REQ => http://localhost:6201/api/v1/staff/userManagementPage","timestamp":"2024-12-31T09:05:54.762Z"}
{"level":"info","message":"GET URL REQ => http://localhost:6201/api/v1/staff/userManagementPage","timestamp":"2024-12-31T09:05:54.778Z"}
{"level":"info","message":"GET URL REQ => http://localhost:6201/api/v1/director/userData","timestamp":"2024-12-31T09:05:56.582Z"}
{"level":"info","message":"GET URL REQ => http://localhost:6201/api/v1/profile/passRegisterData","timestamp":"2024-12-31T09:05:56.600Z"}
{"level":"info","message":"GET URL REQ line 1133=> http://localhost:6201/api/v1/user/profileData","timestamp":"2024-12-31T09:05:57.241Z"}
{"level":"info","message":"GET URL REQ line 1133=> http://localhost:6201/api/v1/user/profileData","timestamp":"2024-12-31T09:05:57.256Z"}
{"level":"info","message":"GET URL REQ => http://localhost:6201/api/v1/profile/MemberList","timestamp":"2024-12-31T09:06:04.243Z"}
{"level":"info","message":"GET URL REQ => http://localhost:6201/api/v1/profile/sectionTime","timestamp":"2024-12-31T09:06:08.885Z"}
{"level":"info","message":"GET URL REQ => http://localhost:6201/api/v1/profile/PackageTime","timestamp":"2024-12-31T09:06:12.058Z"}
{"level":"error","message":"Error in Sending Package Timing Cannot read properties of undefined (reading 'refTimingId')","stack":"TypeError: Cannot read properties of undefined (reading 'refTimingId')\n    at ProfileRepository.<anonymous> (C:\\Users\\VIJAY L\\Desktop\\backend1\\src\\api\\profile\\profile-repository.ts:556:30)\n    at Generator.next (<anonymous>)\n    at fulfilled (C:\\Users\\VIJAY L\\Desktop\\backend1\\src\\api\\profile\\profile-repository.ts:5:58)\n    at processTicksAndRejections (node:internal/process/task_queues:95:5)","timestamp":"2024-12-31T09:06:12.097Z"}
{"level":"info","message":"GET URL REQ => http://localhost:6201/api/v1/profile/PackageTime","timestamp":"2024-12-31T09:06:19.038Z"}
{"level":"info","message":"GET URL REQ => http://localhost:6201/api/v1/profile/PackageTime","timestamp":"2024-12-31T09:06:24.105Z"}
{"level":"info","message":"GET URL REQ => http://localhost:6201/api/v1/profile/PackageTime","timestamp":"2024-12-31T09:06:28.466Z"}
{"level":"info","message":"GET URL REQ => http://localhost:6201/api/v1/staff/userManagementPage","timestamp":"2024-12-31T09:07:52.405Z"}
{"level":"info","message":"GET URL REQ => http://localhost:6201/api/v1/staff/userManagementPage","timestamp":"2024-12-31T09:07:53.703Z"}
{"level":"info","message":"GET URL REQ => http://localhost:6201/api/v1/staff/userManagementPage","timestamp":"2024-12-31T09:07:58.152Z"}
{"level":"info","message":"GET URL REQ => http://localhost:6201/api/v1/staff/userManagementPage","timestamp":"2024-12-31T09:08:08.453Z"}
{"level":"info","message":"GET URL REQ => http://localhost:6201/api/v1/staff/userManagementPage","timestamp":"2024-12-31T09:08:10.616Z"}
{"level":"info","message":"GET URL REQ => http://localhost:6201/api/v1/staff/userManagementPage","timestamp":"2024-12-31T09:08:16.892Z"}
{"level":"info","message":"GET URL REQ => http://localhost:6201/api/v1/staff/userManagementPage","timestamp":"2024-12-31T09:08:31.385Z"}
{"level":"info","message":"GET URL REQ => http://localhost:6201/api/v1/staff/userManagementPage","timestamp":"2024-12-31T09:08:34.998Z"}
{"level":"info","message":"GET URL REQ => http://localhost:6201/api/v1/staff/userManagementPage","timestamp":"2024-12-31T09:08:39.979Z"}
{"level":"info","message":"GET URL REQ => http://localhost:6201/api/v1/staff/userManagementPage","timestamp":"2024-12-31T09:08:42.126Z"}
{"level":"info","message":"GET URL REQ => http://localhost:6201/api/v1/staff/userManagementPage","timestamp":"2024-12-31T09:09:01.281Z"}
{"level":"info","message":"GET URL REQ => http://localhost:6201/api/v1/staff/userManagementPage","timestamp":"2024-12-31T09:09:02.874Z"}
{"level":"info","message":"GET URL REQ => http://localhost:6201/api/v1/staff/userManagementPage","timestamp":"2024-12-31T09:11:00.542Z"}
{"level":"info","message":"GET URL REQ => http://localhost:6201/api/v1/staff/userManagementPage","timestamp":"2024-12-31T09:11:01.813Z"}
{"level":"info","message":"GET URL REQ => http://localhost:6201/api/v1/staff/userManagementPage","timestamp":"2024-12-31T09:11:05.033Z"}
{"level":"info","message":"GET URL REQ => http://localhost:6201/api/v1/staff/userManagementPage","timestamp":"2024-12-31T09:11:06.096Z"}
{"level":"info","message":"GET URL REQ => http://localhost:6201/api/v1/staff/userManagementPage","timestamp":"2024-12-31T09:11:47.913Z"}
{"level":"info","message":"GET URL REQ => http://localhost:6201/api/v1/staff/userManagementPage","timestamp":"2024-12-31T09:16:35.616Z"}
{"level":"info","message":"Router-----store Register Form Data","timestamp":"2024-12-31T09:17:31.670Z"}
{"level":"info","message":"GET URL REQ => http://localhost:6201/api/v1/validateTokenData","timestamp":"2024-12-31T09:17:31.671Z"}
{"level":"info","message":"Router-----store Register Form Data","timestamp":"2024-12-31T09:17:31.675Z"}
{"level":"info","message":"GET URL REQ => http://localhost:6201/api/v1/validateTokenData","timestamp":"2024-12-31T09:17:31.675Z"}
{"level":"info","message":"Router-----store Register Form Data","timestamp":"2024-12-31T09:17:34.037Z"}
{"level":"info","message":"GET URL REQ => http://localhost:6201/api/v1/validateTokenData","timestamp":"2024-12-31T09:17:34.038Z"}
{"level":"info","message":"Router-----store Register Form Data","timestamp":"2024-12-31T09:17:34.044Z"}
{"level":"info","message":"GET URL REQ => http://localhost:6201/api/v1/validateTokenData","timestamp":"2024-12-31T09:17:34.045Z"}
{"level":"info","message":"Router-----store Register Form Data","timestamp":"2024-12-31T09:17:37.487Z"}
{"level":"info","message":"GET URL REQ => http://localhost:6201/api/v1/validateTokenData","timestamp":"2024-12-31T09:17:37.489Z"}
{"level":"info","message":"Router-----store Register Form Data","timestamp":"2024-12-31T09:17:37.499Z"}
{"level":"info","message":"GET URL REQ => http://localhost:6201/api/v1/validateTokenData","timestamp":"2024-12-31T09:17:37.500Z"}
{"level":"info","message":"Router-----store Register Form Data","timestamp":"2024-12-31T09:17:38.573Z"}
{"level":"info","message":"GET URL REQ => http://localhost:6201/api/v1/validateTokenData","timestamp":"2024-12-31T09:17:38.574Z"}
{"level":"info","message":"Router-----store Register Form Data","timestamp":"2024-12-31T09:17:38.579Z"}
{"level":"info","message":"GET URL REQ => http://localhost:6201/api/v1/validateTokenData","timestamp":"2024-12-31T09:17:38.579Z"}
{"level":"info","message":"Router-----store Register Form Data","timestamp":"2024-12-31T09:17:44.448Z"}
{"level":"info","message":"GET URL REQ => http://localhost:6201/api/v1/validateTokenData","timestamp":"2024-12-31T09:17:44.449Z"}
{"level":"info","message":"Router-----store Register Form Data","timestamp":"2024-12-31T09:17:44.455Z"}
{"level":"info","message":"GET URL REQ => http://localhost:6201/api/v1/validateTokenData","timestamp":"2024-12-31T09:17:44.455Z"}
{"level":"info","message":"GET URL REQ => http://localhost:6201/api/v1/staff/userManagementPage","timestamp":"2024-12-31T09:17:47.080Z"}
{"level":"info","message":"GET URL REQ => http://localhost:6201/api/v1/staff/userManagementPage","timestamp":"2024-12-31T09:17:47.094Z"}
{"level":"info","message":"GET URL REQ => http://localhost:6201/api/v1/staff/userManagementPage","timestamp":"2024-12-31T09:17:49.381Z"}
{"level":"info","message":"server running --- from server.ts","timestamp":"2024-12-31T09:19:29.632Z"}
{"level":"info","message":"server running --- from server.ts","timestamp":"2024-12-31T09:19:56.084Z"}
{"level":"info","message":"GET URL REQ => http://localhost:6201/api/v1/staff/userManagementPage","timestamp":"2024-12-31T09:22:35.052Z"}
{"level":"info","message":"GET URL REQ => http://localhost:6201/api/v1/staff/userManagementPage","timestamp":"2024-12-31T09:22:44.384Z"}
{"level":"info","message":"GET URL REQ => http://localhost:6201/api/v1/staff/userManagementPage","timestamp":"2024-12-31T09:22:46.579Z"}
{"level":"info","message":"GET URL REQ => http://localhost:6201/api/v1/staff/userManagementPage","timestamp":"2024-12-31T09:22:54.015Z"}
{"level":"info","message":"GET URL REQ => http://localhost:6201/api/v1/staff/userManagementPage","timestamp":"2024-12-31T09:27:01.293Z"}
{"level":"info","message":"GET URL REQ => http://localhost:6201/api/v1/staff/userManagementPage","timestamp":"2024-12-31T09:28:01.788Z"}
{"level":"info","message":"GET URL REQ => http://localhost:6201/api/v1/staff/userManagementPage","timestamp":"2024-12-31T09:28:55.866Z"}
{"level":"info","message":"GET URL REQ => http://localhost:6201/api/v1/staff/userManagementPage","timestamp":"2024-12-31T09:28:55.889Z"}
{"level":"info","message":"GET URL REQ => http://localhost:6201/api/v1/staff/userManagementPage","timestamp":"2024-12-31T09:29:06.291Z"}
{"level":"info","message":"GET URL REQ => http://localhost:6201/api/v1/staff/userManagementPage","timestamp":"2024-12-31T09:29:08.537Z"}
{"level":"info","message":"GET URL REQ => http://localhost:6201/api/v1/staff/userManagementPage","timestamp":"2024-12-31T09:30:18.775Z"}
{"level":"info","message":"GET URL REQ => http://localhost:6201/api/v1/staff/userManagementPage","timestamp":"2024-12-31T09:30:21.110Z"}
{"level":"info","message":"GET URL REQ => http://localhost:6201/api/v1/staff/userManagementPage","timestamp":"2024-12-31T09:31:22.981Z"}
{"level":"info","message":"GET URL REQ => http://localhost:6201/api/v1/staff/userManagementPage","timestamp":"2024-12-31T09:31:37.504Z"}
{"level":"info","message":"GET URL REQ => http://localhost:6201/api/v1/staff/userManagementPage","timestamp":"2024-12-31T09:36:26.213Z"}
{"level":"info","message":"GET URL REQ => http://localhost:6201/api/v1/staff/userManagementPage","timestamp":"2024-12-31T09:36:34.160Z"}
{"level":"info","message":"GET URL REQ => http://localhost:6201/api/v1/staff/userManagementPage","timestamp":"2024-12-31T09:38:14.698Z"}
{"level":"info","message":"GET URL REQ => http://localhost:6201/api/v1/staff/userManagementPage","timestamp":"2024-12-31T09:38:40.053Z"}
{"level":"info","message":"GET URL REQ => http://localhost:6201/api/v1/staff/userManagementPage","timestamp":"2024-12-31T09:38:41.754Z"}
{"level":"info","message":"GET URL REQ => http://localhost:6201/api/v1/staff/userManagementPage","timestamp":"2024-12-31T09:38:43.228Z"}
{"level":"info","message":"GET URL REQ => http://localhost:6201/api/v1/staff/userManagementPage","timestamp":"2024-12-31T09:38:55.369Z"}
{"level":"info","message":"GET URL REQ => http://localhost:6201/api/v1/staff/userManagementPage","timestamp":"2024-12-31T09:38:56.789Z"}
{"level":"info","message":"GET URL REQ => http://localhost:6201/api/v1/staff/userManagementPage","timestamp":"2024-12-31T09:38:59.159Z"}
{"level":"info","message":"GET URL REQ => http://localhost:6201/api/v1/staff/userManagementPage","timestamp":"2024-12-31T09:39:39.166Z"}
{"level":"info","message":"GET URL REQ => http://localhost:6201/api/v1/staff/userManagementPage","timestamp":"2024-12-31T09:39:43.721Z"}
{"level":"info","message":"GET URL REQ => http://localhost:6201/api/v1/staff/userManagementPage","timestamp":"2024-12-31T09:40:39.305Z"}
{"level":"info","message":"GET URL REQ => http://localhost:6201/api/v1/staff/userManagementPage","timestamp":"2024-12-31T09:40:50.084Z"}
{"level":"info","message":"GET URL REQ => http://localhost:6201/api/v1/staff/userManagementPage","timestamp":"2024-12-31T09:40:53.844Z"}
{"level":"info","message":"GET URL REQ => http://localhost:6201/api/v1/staff/userManagementPage","timestamp":"2024-12-31T09:44:11.772Z"}
{"level":"info","message":"GET URL REQ => http://localhost:6201/api/v1/staff/userManagementPage","timestamp":"2024-12-31T09:44:13.569Z"}
{"level":"info","message":"GET URL REQ => http://localhost:6201/api/v1/staff/userManagementPage","timestamp":"2024-12-31T09:44:25.477Z"}
{"level":"info","message":"GET URL REQ => http://localhost:6201/api/v1/staff/userManagementPage","timestamp":"2024-12-31T09:44:27.679Z"}
{"level":"info","message":"GET URL REQ => http://localhost:6201/api/v1/staff/userManagementPage","timestamp":"2024-12-31T09:44:29.306Z"}
{"level":"info","message":"GET URL REQ => http://localhost:6201/api/v1/staff/userManagementPage","timestamp":"2024-12-31T09:45:03.187Z"}
{"level":"info","message":"GET URL REQ => http://localhost:6201/api/v1/staff/userManagementPage","timestamp":"2024-12-31T09:45:37.156Z"}
{"level":"info","message":"GET URL REQ => http://localhost:6201/api/v1/staff/userManagementPage","timestamp":"2024-12-31T09:45:45.587Z"}
{"level":"info","message":"GET URL REQ => http://localhost:6201/api/v1/staff/userManagementPage","timestamp":"2024-12-31T09:45:52.217Z"}
{"level":"info","message":"GET URL REQ => http://localhost:6201/api/v1/staff/userManagementPage","timestamp":"2024-12-31T09:45:55.881Z"}
{"level":"info","message":"GET URL REQ => http://localhost:6201/api/v1/staff/userManagementPage","timestamp":"2024-12-31T09:55:59.588Z"}
{"level":"info","message":"GET URL REQ => http://localhost:6201/api/v1/staff/userManagementPage","timestamp":"2024-12-31T09:56:05.570Z"}
{"level":"info","message":"GET URL REQ => http://localhost:6201/api/v1/staff/userManagementPage","timestamp":"2024-12-31T09:56:07.305Z"}
{"level":"info","message":"GET URL REQ => http://localhost:6201/api/v1/staff/userManagementPage","timestamp":"2024-12-31T09:56:09.369Z"}
{"level":"info","message":"GET URL REQ => http://localhost:6201/api/v1/staff/userManagementPage","timestamp":"2024-12-31T09:56:22.344Z"}
{"level":"info","message":"GET URL REQ => http://localhost:6201/api/v1/staff/userManagementPage","timestamp":"2024-12-31T09:56:24.541Z"}
{"level":"info","message":"GET URL REQ => http://localhost:6201/api/v1/staff/userManagementPage","timestamp":"2024-12-31T09:56:46.767Z"}
{"level":"info","message":"GET URL REQ => http://localhost:6201/api/v1/staff/userManagementPage","timestamp":"2024-12-31T09:56:49.166Z"}
{"level":"info","message":"GET URL REQ => http://localhost:6201/api/v1/staff/userManagementPage","timestamp":"2024-12-31T09:56:51.691Z"}
{"level":"info","message":"GET URL REQ => http://localhost:6201/api/v1/staff/userManagementPage","timestamp":"2024-12-31T09:56:53.765Z"}
{"level":"info","message":"GET URL REQ => http://localhost:6201/api/v1/staff/userManagementPage","timestamp":"2024-12-31T09:58:22.869Z"}
{"level":"info","message":"GET URL REQ => http://localhost:6201/api/v1/staff/userManagementPage","timestamp":"2024-12-31T09:58:32.366Z"}
{"level":"info","message":"Router-----store Register Form Data","timestamp":"2024-12-31T09:59:11.795Z"}
{"level":"info","message":"GET URL REQ => http://localhost:6201/api/v1/validateTokenData","timestamp":"2024-12-31T09:59:11.797Z"}
{"level":"info","message":"Router-----store Register Form Data","timestamp":"2024-12-31T09:59:11.807Z"}
{"level":"info","message":"GET URL REQ => http://localhost:6201/api/v1/validateTokenData","timestamp":"2024-12-31T09:59:11.807Z"}
{"level":"info","message":"GET URL REQ => http://localhost:6201/api/v1/staff/userManagementPage","timestamp":"2024-12-31T09:59:12.105Z"}
{"level":"info","message":"GET URL REQ => http://localhost:6201/api/v1/staff/userManagementPage","timestamp":"2024-12-31T09:59:12.123Z"}
{"level":"info","message":"GET URL REQ => http://localhost:6201/api/v1/director/userData","timestamp":"2024-12-31T09:59:13.381Z"}
{"level":"info","message":"GET URL REQ => http://localhost:6201/api/v1/profile/passRegisterData","timestamp":"2024-12-31T09:59:13.387Z"}
{"level":"info","message":"GET URL REQ line 1133=> http://localhost:6201/api/v1/user/profileData","timestamp":"2024-12-31T09:59:13.658Z"}
{"level":"info","message":"GET URL REQ line 1133=> http://localhost:6201/api/v1/user/profileData","timestamp":"2024-12-31T09:59:13.664Z"}
{"level":"info","message":"GET URL REQ => http://localhost:6201/api/v1/profile/MemberList","timestamp":"2024-12-31T09:59:24.433Z"}
{"level":"info","message":"GET URL REQ => http://localhost:6201/api/v1/profile/sectionTime","timestamp":"2024-12-31T09:59:28.375Z"}
{"level":"info","message":"GET URL REQ => http://localhost:6201/api/v1/profile/PackageTime","timestamp":"2024-12-31T09:59:31.677Z"}
{"level":"error","message":"Error in Sending Package Timing Cannot read properties of undefined (reading 'refTimingId')","stack":"TypeError: Cannot read properties of undefined (reading 'refTimingId')\n    at ProfileRepository.<anonymous> (C:\\Users\\VIJAY L\\Desktop\\backend1\\src\\api\\profile\\profile-repository.ts:556:30)\n    at Generator.next (<anonymous>)\n    at fulfilled (C:\\Users\\VIJAY L\\Desktop\\backend1\\src\\api\\profile\\profile-repository.ts:5:58)\n    at processTicksAndRejections (node:internal/process/task_queues:95:5)","timestamp":"2024-12-31T09:59:31.730Z"}
{"level":"info","message":"GET URL REQ => http://localhost:6201/api/v1/profile/PackageTime","timestamp":"2024-12-31T09:59:38.282Z"}
{"level":"info","message":"GET URL REQ => http://localhost:6201/api/v1/profile/PackageTime","timestamp":"2024-12-31T09:59:40.897Z"}
{"level":"info","message":"GET URL REQ => http://localhost:6201/api/v1/staff/userDataUpdate","timestamp":"2024-12-31T09:59:55.309Z"}
{"level":"error","message":"Error in Sending User Data To User Management Page Cannot read properties of undefined (reading 'id')","stack":"TypeError: Cannot read properties of undefined (reading 'id')\n    at StaffRepository.<anonymous> (C:\\Users\\VIJAY L\\Desktop\\backend1\\src\\api\\staff\\staff-repository.ts:555:43)\n    at Generator.next (<anonymous>)\n    at fulfilled (C:\\Users\\VIJAY L\\Desktop\\backend1\\src\\api\\staff\\staff-repository.ts:5:58)\n    at processTicksAndRejections (node:internal/process/task_queues:95:5)","timestamp":"2024-12-31T09:59:55.494Z"}
{"level":"info","message":"server running --- from server.ts","timestamp":"2024-12-31T10:01:11.466Z"}
{"level":"info","message":"GET URL REQ => http://localhost:6201/api/v1/staff/userDataUpdate","timestamp":"2024-12-31T10:01:15.106Z"}
{"level":"error","message":"Error in Sending User Data To User Management Page Cannot read properties of undefined (reading 'id')","stack":"TypeError: Cannot read properties of undefined (reading 'id')\n    at StaffRepository.<anonymous> (C:\\Users\\VIJAY L\\Desktop\\backend1\\src\\api\\staff\\staff-repository.ts:555:43)\n    at Generator.next (<anonymous>)\n    at fulfilled (C:\\Users\\VIJAY L\\Desktop\\backend1\\src\\api\\staff\\staff-repository.ts:5:58)\n    at processTicksAndRejections (node:internal/process/task_queues:95:5)","timestamp":"2024-12-31T10:01:15.286Z"}
{"level":"info","message":"server running --- from server.ts","timestamp":"2024-12-31T10:02:01.701Z"}
{"level":"info","message":"GET URL REQ => http://localhost:6201/api/v1/users/login","timestamp":"2024-12-31T10:02:32.821Z"}
{"level":"info","message":"GET URL REQ => http://localhost:6201/api/v1/staff/dashBoard","timestamp":"2024-12-31T10:02:34.312Z"}
{"level":"info","message":"Router-----store Register Form Data","timestamp":"2024-12-31T10:02:34.318Z"}
{"level":"info","message":"GET URL REQ => http://localhost:6201/api/v1/validateTokenData","timestamp":"2024-12-31T10:02:34.318Z"}
{"level":"info","message":"GET URL REQ => http://localhost:6201/api/v1/staff/dashBoard","timestamp":"2024-12-31T10:02:34.321Z"}
{"level":"info","message":"Router-----store Register Form Data","timestamp":"2024-12-31T10:02:34.329Z"}
{"level":"info","message":"GET URL REQ => http://localhost:6201/api/v1/validateTokenData","timestamp":"2024-12-31T10:02:34.331Z"}
{"level":"info","message":"Router-----store Register Form Data","timestamp":"2024-12-31T10:02:36.735Z"}
{"level":"info","message":"GET URL REQ => http://localhost:6201/api/v1/validateTokenData","timestamp":"2024-12-31T10:02:36.738Z"}
{"level":"info","message":"GET URL REQ => http://localhost:6201/api/v1/attendance/overView","timestamp":"2024-12-31T10:02:36.745Z"}
{"level":"info","message":"Router-----store Register Form Data","timestamp":"2024-12-31T10:02:36.750Z"}
{"level":"info","message":"GET URL REQ => http://localhost:6201/api/v1/validateTokenData","timestamp":"2024-12-31T10:02:36.751Z"}
{"level":"info","message":"GET URL REQ => http://localhost:6201/api/v1/attendance/overView","timestamp":"2024-12-31T10:02:36.755Z"}
{"level":"info","message":"GET URL REQ => http://localhost:6201/api/v1/attendance/session","timestamp":"2024-12-31T10:02:39.611Z"}
{"level":"info","message":"GET URL REQ => http://localhost:6201/api/v1/attendance/session","timestamp":"2024-12-31T10:02:39.623Z"}
{"level":"info","message":"Router-----store Register Form Data","timestamp":"2024-12-31T10:02:42.326Z"}
{"level":"info","message":"GET URL REQ => http://localhost:6201/api/v1/validateTokenData","timestamp":"2024-12-31T10:02:42.327Z"}
{"level":"info","message":"Router-----store Register Form Data","timestamp":"2024-12-31T10:02:42.331Z"}
{"level":"info","message":"GET URL REQ => http://localhost:6201/api/v1/validateTokenData","timestamp":"2024-12-31T10:02:42.332Z"}
{"level":"info","message":"GET URL REQ => http://localhost:6201/api/v1/staff/userManagementPage","timestamp":"2024-12-31T10:02:42.434Z"}
{"level":"info","message":"GET URL REQ => http://localhost:6201/api/v1/staff/userManagementPage","timestamp":"2024-12-31T10:02:42.446Z"}
{"level":"info","message":"GET URL REQ => http://localhost:6201/api/v1/director/userData","timestamp":"2024-12-31T10:02:44.391Z"}
{"level":"info","message":"GET URL REQ => http://localhost:6201/api/v1/profile/passRegisterData","timestamp":"2024-12-31T10:02:44.398Z"}
{"level":"info","message":"GET URL REQ line 1133=> http://localhost:6201/api/v1/user/profileData","timestamp":"2024-12-31T10:02:44.654Z"}
{"level":"info","message":"GET URL REQ line 1133=> http://localhost:6201/api/v1/user/profileData","timestamp":"2024-12-31T10:02:44.660Z"}
{"level":"info","message":"GET URL REQ => http://localhost:6201/api/v1/profile/MemberList","timestamp":"2024-12-31T10:03:00.752Z"}
{"level":"info","message":"GET URL REQ => http://localhost:6201/api/v1/profile/sectionTime","timestamp":"2024-12-31T10:03:04.096Z"}
{"level":"info","message":"GET URL REQ => http://localhost:6201/api/v1/profile/PackageTime","timestamp":"2024-12-31T10:03:05.510Z"}
{"level":"error","message":"Error in Sending Package Timing Cannot read properties of undefined (reading 'refTimingId')","stack":"TypeError: Cannot read properties of undefined (reading 'refTimingId')\n    at ProfileRepository.<anonymous> (C:\\Users\\VIJAY L\\Desktop\\backend1\\src\\api\\profile\\profile-repository.ts:556:30)\n    at Generator.next (<anonymous>)\n    at fulfilled (C:\\Users\\VIJAY L\\Desktop\\backend1\\src\\api\\profile\\profile-repository.ts:5:58)\n    at processTicksAndRejections (node:internal/process/task_queues:95:5)","timestamp":"2024-12-31T10:03:05.557Z"}
{"level":"info","message":"GET URL REQ => http://localhost:6201/api/v1/profile/PackageTime","timestamp":"2024-12-31T10:03:07.692Z"}
{"level":"info","message":"GET URL REQ => http://localhost:6201/api/v1/profile/PackageTime","timestamp":"2024-12-31T10:03:09.689Z"}
{"level":"info","message":"GET URL REQ => http://localhost:6201/api/v1/staff/userDataUpdate","timestamp":"2024-12-31T10:03:22.792Z"}
{"level":"error","message":"Error in Sending User Data To User Management Page Cannot read properties of undefined (reading 'id')","stack":"TypeError: Cannot read properties of undefined (reading 'id')\n    at StaffRepository.<anonymous> (C:\\Users\\VIJAY L\\Desktop\\backend1\\src\\api\\staff\\staff-repository.ts:555:43)\n    at Generator.next (<anonymous>)\n    at fulfilled (C:\\Users\\VIJAY L\\Desktop\\backend1\\src\\api\\staff\\staff-repository.ts:5:58)\n    at processTicksAndRejections (node:internal/process/task_queues:95:5)","timestamp":"2024-12-31T10:03:22.956Z"}
{"level":"info","message":"server running --- from server.ts","timestamp":"2024-12-31T10:04:31.443Z"}
{"level":"info","message":"server running --- from server.ts","timestamp":"2024-12-31T10:04:45.051Z"}
{"level":"info","message":"server running --- from server.ts","timestamp":"2024-12-31T10:04:53.712Z"}
{"level":"info","message":"GET URL REQ => http://localhost:6201/api/v1/staff/userDataUpdate","timestamp":"2024-12-31T10:05:00.929Z"}
{"level":"error","message":"Error in Sending User Data To User Management Page Cannot read properties of undefined (reading 'id')","stack":"TypeError: Cannot read properties of undefined (reading 'id')\n    at StaffRepository.<anonymous> (C:\\Users\\VIJAY L\\Desktop\\backend1\\src\\api\\staff\\staff-repository.ts:557:43)\n    at Generator.next (<anonymous>)\n    at fulfilled (C:\\Users\\VIJAY L\\Desktop\\backend1\\src\\api\\staff\\staff-repository.ts:5:58)\n    at processTicksAndRejections (node:internal/process/task_queues:95:5)","timestamp":"2024-12-31T10:05:01.126Z"}
{"level":"info","message":"server running --- from server.ts","timestamp":"2024-12-31T10:06:14.659Z"}
{"level":"info","message":"GET URL REQ => http://localhost:6201/api/v1/staff/userDataUpdate","timestamp":"2024-12-31T10:06:19.234Z"}
{"level":"info","message":"Router-----store Register Form Data","timestamp":"2024-12-31T10:06:48.543Z"}
{"level":"info","message":"GET URL REQ => http://localhost:6201/api/v1/validateTokenData","timestamp":"2024-12-31T10:06:48.545Z"}
{"level":"info","message":"Router-----store Register Form Data","timestamp":"2024-12-31T10:06:48.550Z"}
{"level":"info","message":"GET URL REQ => http://localhost:6201/api/v1/validateTokenData","timestamp":"2024-12-31T10:06:48.551Z"}
{"level":"info","message":"GET URL REQ => http://localhost:6201/api/v1/staff/userManagementPage","timestamp":"2024-12-31T10:06:48.802Z"}
{"level":"info","message":"GET URL REQ => http://localhost:6201/api/v1/staff/userManagementPage","timestamp":"2024-12-31T10:06:48.814Z"}
{"level":"info","message":"GET URL REQ => http://localhost:6201/api/v1/director/userData","timestamp":"2024-12-31T10:06:50.032Z"}
{"level":"info","message":"GET URL REQ => http://localhost:6201/api/v1/profile/passRegisterData","timestamp":"2024-12-31T10:06:50.038Z"}
{"level":"info","message":"GET URL REQ line 1133=> http://localhost:6201/api/v1/user/profileData","timestamp":"2024-12-31T10:06:50.275Z"}
{"level":"info","message":"GET URL REQ line 1133=> http://localhost:6201/api/v1/user/profileData","timestamp":"2024-12-31T10:06:50.282Z"}
{"level":"info","message":"Router-----store Register Form Data","timestamp":"2024-12-31T10:07:08.699Z"}
{"level":"info","message":"GET URL REQ => http://localhost:6201/api/v1/validateTokenData","timestamp":"2024-12-31T10:07:08.701Z"}
{"level":"info","message":"Router-----store Register Form Data","timestamp":"2024-12-31T10:07:08.708Z"}
{"level":"info","message":"GET URL REQ => http://localhost:6201/api/v1/validateTokenData","timestamp":"2024-12-31T10:07:08.708Z"}
{"level":"info","message":"GET URL REQ => http://localhost:6201/api/v1/staff/studentApproval","timestamp":"2024-12-31T10:07:08.968Z"}
{"level":"info","message":"GET URL REQ => http://localhost:6201/api/v1/staff/studentApproval","timestamp":"2024-12-31T10:07:08.975Z"}
{"level":"info","message":"Router-----store Register Form Data","timestamp":"2024-12-31T10:07:10.782Z"}
{"level":"info","message":"GET URL REQ => http://localhost:6201/api/v1/validateTokenData","timestamp":"2024-12-31T10:07:10.783Z"}
{"level":"info","message":"Router-----store Register Form Data","timestamp":"2024-12-31T10:07:10.789Z"}
{"level":"info","message":"GET URL REQ => http://localhost:6201/api/v1/validateTokenData","timestamp":"2024-12-31T10:07:10.790Z"}
{"level":"info","message":"GET URL REQ => http://localhost:6201/api/v1/therapist/approvalData","timestamp":"2024-12-31T10:07:10.877Z"}
{"level":"info","message":"GET URL REQ => http://localhost:6201/api/v1/therapist/approvalData","timestamp":"2024-12-31T10:07:10.888Z"}
{"level":"info","message":"Router-----store Register Form Data","timestamp":"2024-12-31T10:07:13.136Z"}
{"level":"info","message":"GET URL REQ => http://localhost:6201/api/v1/validateTokenData","timestamp":"2024-12-31T10:07:13.137Z"}
{"level":"info","message":"Router-----store Register Form Data","timestamp":"2024-12-31T10:07:13.146Z"}
{"level":"info","message":"GET URL REQ => http://localhost:6201/api/v1/validateTokenData","timestamp":"2024-12-31T10:07:13.147Z"}
{"level":"info","message":"GET URL REQ => http://localhost:6201/api/v1/director/userTypeLabel","timestamp":"2024-12-31T10:07:13.153Z"}
{"level":"info","message":"GET URL REQ => http://localhost:6201/api/v1/director/userTypeLabel","timestamp":"2024-12-31T10:07:13.161Z"}
{"level":"info","message":"GET URL REQ => http://localhost:6201/api/v1/director/staff","timestamp":"2024-12-31T10:07:13.245Z"}
{"level":"info","message":"GET URL REQ => http://localhost:6201/api/v1/director/staff","timestamp":"2024-12-31T10:07:13.250Z"}
{"level":"info","message":"Router-----store Register Form Data","timestamp":"2024-12-31T10:07:13.608Z"}
{"level":"info","message":"GET URL REQ => http://localhost:6201/api/v1/validateTokenData","timestamp":"2024-12-31T10:07:13.609Z"}
{"level":"info","message":"Router-----store Register Form Data","timestamp":"2024-12-31T10:07:13.613Z"}
{"level":"info","message":"GET URL REQ => http://localhost:6201/api/v1/validateTokenData","timestamp":"2024-12-31T10:07:13.613Z"}
{"level":"info","message":"GET URL REQ => http://localhost:6201/api/v1/director/userAuditList","timestamp":"2024-12-31T10:07:13.713Z"}
{"level":"info","message":"GET URL REQ => http://localhost:6201/api/v1/director/userAuditList","timestamp":"2024-12-31T10:07:13.721Z"}
{"level":"info","message":"GET URL REQ => http://localhost:6201/api/v1/director/userAuditList","timestamp":"2024-12-31T10:07:13.751Z"}
{"level":"info","message":"GET URL REQ => http://localhost:6201/api/v1/director/staffAuditList","timestamp":"2024-12-31T10:07:18.233Z"}
{"level":"info","message":"GET URL REQ => http://localhost:6201/api/v1/director/userAuditList","timestamp":"2024-12-31T10:07:19.312Z"}
{"level":"info","message":"GET URL REQ => http://localhost:6201/api/v1/director/userUpdateAuditList","timestamp":"2024-12-31T10:07:23.340Z"}
{"level":"info","message":"GET URL REQ => http://localhost:6201/api/v1/director/userDataListApproval","timestamp":"2024-12-31T10:07:23.349Z"}
{"level":"info","message":"Router-----store Register Form Data","timestamp":"2024-12-31T10:07:29.686Z"}
{"level":"info","message":"GET URL REQ => http://localhost:6201/api/v1/validateTokenData","timestamp":"2024-12-31T10:07:29.688Z"}
{"level":"info","message":"GET URL REQ => http://localhost:6201/api/v1/director/userTypeLabel","timestamp":"2024-12-31T10:07:29.693Z"}
{"level":"info","message":"Router-----store Register Form Data","timestamp":"2024-12-31T10:07:29.698Z"}
{"level":"info","message":"GET URL REQ => http://localhost:6201/api/v1/validateTokenData","timestamp":"2024-12-31T10:07:29.698Z"}
{"level":"info","message":"GET URL REQ => http://localhost:6201/api/v1/director/userTypeLabel","timestamp":"2024-12-31T10:07:29.703Z"}
{"level":"info","message":"Router-----store Register Form Data","timestamp":"2024-12-31T10:07:32.975Z"}
{"level":"info","message":"GET URL REQ => http://localhost:6201/api/v1/validateTokenData","timestamp":"2024-12-31T10:07:32.976Z"}
{"level":"info","message":"Router-----store Register Form Data","timestamp":"2024-12-31T10:07:32.981Z"}
{"level":"info","message":"GET URL REQ => http://localhost:6201/api/v1/validateTokenData","timestamp":"2024-12-31T10:07:32.982Z"}
{"level":"info","message":"Router-----store Register Form Data","timestamp":"2024-12-31T10:07:38.123Z"}
{"level":"info","message":"GET URL REQ => http://localhost:6201/api/v1/validateTokenData","timestamp":"2024-12-31T10:07:38.124Z"}
{"level":"info","message":"Router-----store Register Form Data","timestamp":"2024-12-31T10:07:38.130Z"}
{"level":"info","message":"GET URL REQ => http://localhost:6201/api/v1/validateTokenData","timestamp":"2024-12-31T10:07:38.131Z"}
{"level":"info","message":"server running --- from server.ts","timestamp":"2024-12-31T10:10:00.433Z"}
{"level":"info","message":"Router-----store Register Form Data","timestamp":"2024-12-31T10:10:00.581Z"}
{"level":"info","message":"GET URL REQ => http://localhost:6201/api/v1/validateTokenData","timestamp":"2024-12-31T10:10:00.583Z"}
{"level":"info","message":"Router-----store Register Form Data","timestamp":"2024-12-31T10:10:00.589Z"}
{"level":"info","message":"GET URL REQ => http://localhost:6201/api/v1/validateTokenData","timestamp":"2024-12-31T10:10:00.590Z"}
{"level":"info","message":"GET URL REQ => http://localhost:6201/api/v1/staff/dashBoard","timestamp":"2024-12-31T10:10:02.647Z"}
{"level":"info","message":"Router-----store Register Form Data","timestamp":"2024-12-31T10:10:02.653Z"}
{"level":"info","message":"GET URL REQ => http://localhost:6201/api/v1/validateTokenData","timestamp":"2024-12-31T10:10:02.653Z"}
{"level":"info","message":"GET URL REQ => http://localhost:6201/api/v1/staff/dashBoard","timestamp":"2024-12-31T10:10:02.659Z"}
{"level":"info","message":"Router-----store Register Form Data","timestamp":"2024-12-31T10:10:02.663Z"}
{"level":"info","message":"GET URL REQ => http://localhost:6201/api/v1/validateTokenData","timestamp":"2024-12-31T10:10:02.664Z"}
{"level":"error","message":"Error in Loading THe DashBoard Data: Cannot read properties of undefined (reading 'refUtId')","stack":"TypeError: Cannot read properties of undefined (reading 'refUtId')\n    at StaffRepository.<anonymous> (C:\\Users\\VIJAY L\\Desktop\\backend1\\src\\api\\staff\\staff-repository.ts:57:21)\n    at Generator.next (<anonymous>)\n    at fulfilled (C:\\Users\\VIJAY L\\Desktop\\backend1\\src\\api\\staff\\staff-repository.ts:5:58)\n    at processTicksAndRejections (node:internal/process/task_queues:95:5)","timestamp":"2024-12-31T10:10:02.699Z"}
{"level":"error","message":"Error in Loading THe DashBoard Data: Cannot read properties of undefined (reading 'refUtId')","stack":"TypeError: Cannot read properties of undefined (reading 'refUtId')\n    at StaffRepository.<anonymous> (C:\\Users\\VIJAY L\\Desktop\\backend1\\src\\api\\staff\\staff-repository.ts:57:21)\n    at Generator.next (<anonymous>)\n    at fulfilled (C:\\Users\\VIJAY L\\Desktop\\backend1\\src\\api\\staff\\staff-repository.ts:5:58)\n    at processTicksAndRejections (node:internal/process/task_queues:95:5)","timestamp":"2024-12-31T10:10:02.850Z"}
{"level":"info","message":"GET URL REQ => http://localhost:6201/api/v1/users/login","timestamp":"2024-12-31T10:10:10.390Z"}
{"level":"info","message":"GET URL REQ => http://localhost:6201/api/v1/staff/dashBoard","timestamp":"2024-12-31T10:10:11.634Z"}
{"level":"info","message":"Router-----store Register Form Data","timestamp":"2024-12-31T10:10:11.644Z"}
{"level":"info","message":"GET URL REQ => http://localhost:6201/api/v1/validateTokenData","timestamp":"2024-12-31T10:10:11.645Z"}
{"level":"info","message":"GET URL REQ => http://localhost:6201/api/v1/staff/dashBoard","timestamp":"2024-12-31T10:10:11.655Z"}
{"level":"info","message":"Router-----store Register Form Data","timestamp":"2024-12-31T10:10:11.658Z"}
{"level":"info","message":"GET URL REQ => http://localhost:6201/api/v1/validateTokenData","timestamp":"2024-12-31T10:10:11.659Z"}
{"level":"info","message":"Router-----store Register Form Data","timestamp":"2024-12-31T10:11:27.136Z"}
{"level":"info","message":"GET URL REQ => http://localhost:6201/api/v1/validateTokenData","timestamp":"2024-12-31T10:11:27.138Z"}
{"level":"info","message":"Router-----store Register Form Data","timestamp":"2024-12-31T10:11:27.144Z"}
{"level":"info","message":"GET URL REQ => http://localhost:6201/api/v1/validateTokenData","timestamp":"2024-12-31T10:11:27.144Z"}
{"level":"info","message":"GET URL REQ => http://localhost:6201/api/v1/director/userAuditList","timestamp":"2024-12-31T10:11:27.383Z"}
{"level":"info","message":"GET URL REQ => http://localhost:6201/api/v1/director/userAuditList","timestamp":"2024-12-31T10:11:27.394Z"}
{"level":"info","message":"GET URL REQ => http://localhost:6201/api/v1/director/userAuditList","timestamp":"2024-12-31T10:11:27.427Z"}
{"level":"info","message":"GET URL REQ => http://localhost:6201/api/v1/director/userUpdateAuditList","timestamp":"2024-12-31T10:11:40.269Z"}
{"level":"info","message":"GET URL REQ => http://localhost:6201/api/v1/director/userDataListApproval","timestamp":"2024-12-31T10:11:40.284Z"}
{"level":"info","message":"Router-----store Register Form Data","timestamp":"2024-12-31T10:11:52.644Z"}
{"level":"info","message":"GET URL REQ => http://localhost:6201/api/v1/validateTokenData","timestamp":"2024-12-31T10:11:52.645Z"}
{"level":"info","message":"Router-----store Register Form Data","timestamp":"2024-12-31T10:11:52.652Z"}
{"level":"info","message":"GET URL REQ => http://localhost:6201/api/v1/validateTokenData","timestamp":"2024-12-31T10:11:52.652Z"}
{"level":"info","message":"GET URL REQ => http://localhost:6201/api/v1/therapist/approvalData","timestamp":"2024-12-31T10:11:52.883Z"}
{"level":"info","message":"GET URL REQ => http://localhost:6201/api/v1/therapist/approvalData","timestamp":"2024-12-31T10:11:52.892Z"}
{"level":"info","message":"Router-----store Register Form Data","timestamp":"2024-12-31T10:11:56.689Z"}
{"level":"info","message":"GET URL REQ => http://localhost:6201/api/v1/validateTokenData","timestamp":"2024-12-31T10:11:56.690Z"}
{"level":"info","message":"Router-----store Register Form Data","timestamp":"2024-12-31T10:11:56.698Z"}
{"level":"info","message":"GET URL REQ => http://localhost:6201/api/v1/validateTokenData","timestamp":"2024-12-31T10:11:56.698Z"}
{"level":"info","message":"GET URL REQ => http://localhost:6201/api/v1/staff/studentApproval","timestamp":"2024-12-31T10:11:56.780Z"}
{"level":"info","message":"GET URL REQ => http://localhost:6201/api/v1/staff/studentApproval","timestamp":"2024-12-31T10:11:56.789Z"}
{"level":"info","message":"Router-----store Register Form Data","timestamp":"2024-12-31T10:11:59.447Z"}
{"level":"info","message":"GET URL REQ => http://localhost:6201/api/v1/validateTokenData","timestamp":"2024-12-31T10:11:59.448Z"}
{"level":"info","message":"GET URL REQ => http://localhost:6201/api/v1/studentFees/Data","timestamp":"2024-12-31T10:11:59.453Z"}
{"level":"info","message":"Router-----store Register Form Data","timestamp":"2024-12-31T10:11:59.462Z"}
{"level":"info","message":"GET URL REQ => http://localhost:6201/api/v1/validateTokenData","timestamp":"2024-12-31T10:11:59.462Z"}
{"level":"info","message":"GET URL REQ => http://localhost:6201/api/v1/studentFees/Data","timestamp":"2024-12-31T10:11:59.467Z"}
{"level":"info","message":"Router-----store Register Form Data","timestamp":"2024-12-31T10:12:00.338Z"}
{"level":"info","message":"GET URL REQ => http://localhost:6201/api/v1/validateTokenData","timestamp":"2024-12-31T10:12:00.339Z"}
{"level":"info","message":"Router-----store Register Form Data","timestamp":"2024-12-31T10:12:00.344Z"}
{"level":"info","message":"GET URL REQ => http://localhost:6201/api/v1/validateTokenData","timestamp":"2024-12-31T10:12:00.345Z"}
{"level":"info","message":"GET URL REQ => http://localhost:6201/api/v1/attendance/overView","timestamp":"2024-12-31T10:12:00.347Z"}
{"level":"info","message":"GET URL REQ => http://localhost:6201/api/v1/attendance/overView","timestamp":"2024-12-31T10:12:00.351Z"}
{"level":"info","message":"Router-----store Register Form Data","timestamp":"2024-12-31T10:12:02.993Z"}
{"level":"info","message":"GET URL REQ => http://localhost:6201/api/v1/validateTokenData","timestamp":"2024-12-31T10:12:02.994Z"}
{"level":"info","message":"Router-----store Register Form Data","timestamp":"2024-12-31T10:12:02.996Z"}
{"level":"info","message":"GET URL REQ => http://localhost:6201/api/v1/validateTokenData","timestamp":"2024-12-31T10:12:02.997Z"}
{"level":"info","message":"GET URL REQ => http://localhost:6201/api/v1/futureClients/data","timestamp":"2024-12-31T10:12:03.069Z"}
{"level":"info","message":"GET URL REQ => http://localhost:6201/api/v1/futureClients/data","timestamp":"2024-12-31T10:12:03.076Z"}
{"level":"info","message":"Router-----store Register Form Data","timestamp":"2024-12-31T10:12:06.131Z"}
{"level":"info","message":"GET URL REQ => http://localhost:6201/api/v1/validateTokenData","timestamp":"2024-12-31T10:12:06.132Z"}
{"level":"info","message":"Router-----store Register Form Data","timestamp":"2024-12-31T10:12:06.136Z"}
{"level":"info","message":"GET URL REQ => http://localhost:6201/api/v1/validateTokenData","timestamp":"2024-12-31T10:12:06.137Z"}
{"level":"info","message":"GET URL REQ => http://localhost:6201/api/v1/director/userAuditList","timestamp":"2024-12-31T10:12:06.226Z"}
{"level":"info","message":"GET URL REQ => http://localhost:6201/api/v1/director/userAuditList","timestamp":"2024-12-31T10:12:06.237Z"}
{"level":"info","message":"GET URL REQ => http://localhost:6201/api/v1/director/userAuditList","timestamp":"2024-12-31T10:12:06.274Z"}
{"level":"info","message":"GET URL REQ => http://localhost:6201/api/v1/director/userUpdateAuditList","timestamp":"2024-12-31T10:12:08.215Z"}
{"level":"info","message":"GET URL REQ => http://localhost:6201/api/v1/director/userDataListApproval","timestamp":"2024-12-31T10:12:08.221Z"}
{"level":"info","message":"server running --- from server.ts","timestamp":"2024-12-31T10:13:06.824Z"}
{"level":"info","message":"Router-----store Register Form Data","timestamp":"2024-12-31T10:15:08.646Z"}
{"level":"info","message":"GET URL REQ => http://localhost:6201/api/v1/validateTokenData","timestamp":"2024-12-31T10:15:08.647Z"}
{"level":"info","message":"Router-----store Register Form Data","timestamp":"2024-12-31T10:15:08.668Z"}
{"level":"info","message":"GET URL REQ => http://localhost:6201/api/v1/validateTokenData","timestamp":"2024-12-31T10:15:08.669Z"}
{"level":"info","message":"GET URL REQ => http://localhost:6201/api/v1/staff/ProfileData","timestamp":"2024-12-31T10:15:08.681Z"}
{"level":"info","message":"GET URL REQ => http://localhost:6201/api/v1/staff/ProfileData","timestamp":"2024-12-31T10:15:08.685Z"}
{"level":"info","message":"Router-----store Register Form Data","timestamp":"2024-12-31T10:15:11.447Z"}
{"level":"info","message":"GET URL REQ => http://localhost:6201/api/v1/validateTokenData","timestamp":"2024-12-31T10:15:11.449Z"}
{"level":"info","message":"GET URL REQ => http://localhost:6201/api/v1/attendance/overView","timestamp":"2024-12-31T10:15:11.456Z"}
{"level":"info","message":"Router-----store Register Form Data","timestamp":"2024-12-31T10:15:11.487Z"}
{"level":"info","message":"GET URL REQ => http://localhost:6201/api/v1/validateTokenData","timestamp":"2024-12-31T10:15:11.488Z"}
{"level":"info","message":"GET URL REQ => http://localhost:6201/api/v1/attendance/overView","timestamp":"2024-12-31T10:15:11.492Z"}
{"level":"info","message":"GET URL REQ => http://localhost:6201/api/v1/attendance/session","timestamp":"2024-12-31T10:15:29.453Z"}
{"level":"info","message":"GET URL REQ => http://localhost:6201/api/v1/attendance/session","timestamp":"2024-12-31T10:15:29.465Z"}
{"level":"info","message":"GET URL REQ => http://localhost:6201/api/v1/attendance/session","timestamp":"2024-12-31T10:15:39.636Z"}
{"level":"info","message":"GET URL REQ => http://localhost:6201/api/v1/attendance/session","timestamp":"2024-12-31T10:15:39.649Z"}
{"level":"info","message":"GET URL REQ => http://localhost:6201/api/v1/attendance/userSearch","timestamp":"2024-12-31T10:16:12.723Z"}
{"level":"info","message":"GET URL REQ => http://localhost:6201/api/v1/attendance/userSearch","timestamp":"2024-12-31T10:16:12.948Z"}
{"level":"info","message":"GET URL REQ => http://localhost:6201/api/v1/attendance/userSearch","timestamp":"2024-12-31T10:16:13.048Z"}
{"level":"info","message":"GET URL REQ => http://localhost:6201/api/v1/attendance/userSearch","timestamp":"2024-12-31T10:16:13.254Z"}
{"level":"info","message":"GET URL REQ => http://localhost:6201/api/v1/attendance/userSearch","timestamp":"2024-12-31T10:16:13.445Z"}
{"level":"info","message":"GET URL REQ => http://localhost:6201/api/v1/attendance/user","timestamp":"2024-12-31T10:16:16.461Z"}
{"level":"info","message":"GET URL REQ => http://localhost:6201/api/v1/attendance/user","timestamp":"2024-12-31T10:16:16.837Z"}
{"level":"info","message":"GET URL REQ => http://localhost:6201/api/v1/attendance/userSearch","timestamp":"2024-12-31T10:16:42.763Z"}
{"level":"info","message":"GET URL REQ => http://localhost:6201/api/v1/attendance/userSearch","timestamp":"2024-12-31T10:16:43.046Z"}
{"level":"info","message":"GET URL REQ => http://localhost:6201/api/v1/attendance/userSearch","timestamp":"2024-12-31T10:16:43.836Z"}
{"level":"info","message":"GET URL REQ => http://localhost:6201/api/v1/attendance/userSearch","timestamp":"2024-12-31T10:16:44.309Z"}
{"level":"info","message":"GET URL REQ => http://localhost:6201/api/v1/attendance/userSearch","timestamp":"2024-12-31T10:16:45.713Z"}
{"level":"info","message":"GET URL REQ => http://localhost:6201/api/v1/attendance/userSearch","timestamp":"2024-12-31T10:16:45.958Z"}
{"level":"info","message":"GET URL REQ => http://localhost:6201/api/v1/attendance/userSearch","timestamp":"2024-12-31T10:16:46.155Z"}
{"level":"info","message":"GET URL REQ => http://localhost:6201/api/v1/attendance/userSearch","timestamp":"2024-12-31T10:16:46.336Z"}
{"level":"info","message":"GET URL REQ => http://localhost:6201/api/v1/attendance/userSearch","timestamp":"2024-12-31T10:16:48.878Z"}
{"level":"info","message":"GET URL REQ => http://localhost:6201/api/v1/attendance/userSearch","timestamp":"2024-12-31T10:16:49.438Z"}
{"level":"info","message":"GET URL REQ => http://localhost:6201/api/v1/attendance/userSearch","timestamp":"2024-12-31T10:16:50.298Z"}
{"level":"info","message":"GET URL REQ => http://localhost:6201/api/v1/attendance/userSearch","timestamp":"2024-12-31T10:16:50.991Z"}
{"level":"info","message":"GET URL REQ => http://localhost:6201/api/v1/attendance/userSearch","timestamp":"2024-12-31T10:16:51.290Z"}
{"level":"info","message":"GET URL REQ => http://localhost:6201/api/v1/attendance/userSearch","timestamp":"2024-12-31T10:16:51.583Z"}
{"level":"info","message":"GET URL REQ => http://localhost:6201/api/v1/attendance/userSearch","timestamp":"2024-12-31T10:16:51.860Z"}
{"level":"info","message":"GET URL REQ => http://localhost:6201/api/v1/attendance/user","timestamp":"2024-12-31T10:16:53.903Z"}
{"level":"info","message":"GET URL REQ => http://localhost:6201/api/v1/attendance/user","timestamp":"2024-12-31T10:16:54.214Z"}
{"level":"info","message":"GET URL REQ => http://localhost:6201/api/v1/attendance/userSearch","timestamp":"2024-12-31T10:17:04.281Z"}
{"level":"info","message":"GET URL REQ => http://localhost:6201/api/v1/attendance/userSearch","timestamp":"2024-12-31T10:17:04.517Z"}
{"level":"info","message":"GET URL REQ => http://localhost:6201/api/v1/attendance/userSearch","timestamp":"2024-12-31T10:17:04.816Z"}
{"level":"info","message":"GET URL REQ => http://localhost:6201/api/v1/attendance/userSearch","timestamp":"2024-12-31T10:17:05.092Z"}
{"level":"info","message":"GET URL REQ => http://localhost:6201/api/v1/attendance/userSearch","timestamp":"2024-12-31T10:17:05.432Z"}
{"level":"info","message":"GET URL REQ => http://localhost:6201/api/v1/attendance/user","timestamp":"2024-12-31T10:17:17.544Z"}
{"level":"info","message":"GET URL REQ => http://localhost:6201/api/v1/attendance/user","timestamp":"2024-12-31T10:17:17.918Z"}
{"level":"info","message":"GET URL REQ => http://localhost:6201/api/v1/attendance/userSearch","timestamp":"2024-12-31T10:20:01.981Z"}
{"level":"info","message":"GET URL REQ => http://localhost:6201/api/v1/attendance/userSearch","timestamp":"2024-12-31T10:20:02.204Z"}
{"level":"info","message":"GET URL REQ => http://localhost:6201/api/v1/attendance/userSearch","timestamp":"2024-12-31T10:20:02.517Z"}
{"level":"info","message":"GET URL REQ => http://localhost:6201/api/v1/attendance/userSearch","timestamp":"2024-12-31T10:20:02.632Z"}
{"level":"info","message":"GET URL REQ => http://localhost:6201/api/v1/attendance/userSearch","timestamp":"2024-12-31T10:20:04.135Z"}
{"level":"info","message":"GET URL REQ => http://localhost:6201/api/v1/attendance/userSearch","timestamp":"2024-12-31T10:20:04.515Z"}
{"level":"info","message":"GET URL REQ => http://localhost:6201/api/v1/attendance/userSearch","timestamp":"2024-12-31T10:20:04.750Z"}
{"level":"info","message":"GET URL REQ => http://localhost:6201/api/v1/attendance/userSearch","timestamp":"2024-12-31T10:20:04.968Z"}
{"level":"info","message":"GET URL REQ => http://localhost:6201/api/v1/attendance/userSearch","timestamp":"2024-12-31T10:20:14.887Z"}
{"level":"info","message":"GET URL REQ => http://localhost:6201/api/v1/attendance/userSearch","timestamp":"2024-12-31T10:20:15.959Z"}
{"level":"info","message":"GET URL REQ => http://localhost:6201/api/v1/attendance/userSearch","timestamp":"2024-12-31T10:20:16.958Z"}
{"level":"info","message":"GET URL REQ => http://localhost:6201/api/v1/attendance/userSearch","timestamp":"2024-12-31T10:20:17.463Z"}
{"level":"info","message":"GET URL REQ => http://localhost:6201/api/v1/attendance/userSearch","timestamp":"2024-12-31T10:23:02.891Z"}
{"level":"info","message":"GET URL REQ => http://localhost:6201/api/v1/attendance/userSearch","timestamp":"2024-12-31T10:23:03.116Z"}
{"level":"info","message":"GET URL REQ => http://localhost:6201/api/v1/attendance/userSearch","timestamp":"2024-12-31T10:23:03.487Z"}
{"level":"info","message":"GET URL REQ => http://localhost:6201/api/v1/attendance/userSearch","timestamp":"2024-12-31T10:23:03.632Z"}
{"level":"info","message":"Router-----store Register Form Data","timestamp":"2024-12-31T10:23:05.960Z"}
{"level":"info","message":"GET URL REQ => http://localhost:6201/api/v1/validateTokenData","timestamp":"2024-12-31T10:23:05.962Z"}
{"level":"info","message":"GET URL REQ => http://localhost:6201/api/v1/attendance/overView","timestamp":"2024-12-31T10:23:05.966Z"}
{"level":"info","message":"Router-----store Register Form Data","timestamp":"2024-12-31T10:23:05.977Z"}
{"level":"info","message":"GET URL REQ => http://localhost:6201/api/v1/validateTokenData","timestamp":"2024-12-31T10:23:05.978Z"}
{"level":"info","message":"GET URL REQ => http://localhost:6201/api/v1/attendance/overView","timestamp":"2024-12-31T10:23:05.981Z"}
{"level":"info","message":"GET URL REQ => http://localhost:6201/api/v1/attendance/userSearch","timestamp":"2024-12-31T10:23:09.074Z"}
{"level":"info","message":"GET URL REQ => http://localhost:6201/api/v1/attendance/userSearch","timestamp":"2024-12-31T10:23:09.290Z"}
{"level":"info","message":"GET URL REQ => http://localhost:6201/api/v1/attendance/userSearch","timestamp":"2024-12-31T10:23:10.252Z"}
{"level":"info","message":"GET URL REQ => http://localhost:6201/api/v1/attendance/userSearch","timestamp":"2024-12-31T10:23:19.098Z"}
{"level":"info","message":"GET URL REQ => http://localhost:6201/api/v1/attendance/userSearch","timestamp":"2024-12-31T10:23:19.773Z"}
{"level":"info","message":"GET URL REQ => http://localhost:6201/api/v1/attendance/userSearch","timestamp":"2024-12-31T10:23:21.176Z"}
{"level":"info","message":"GET URL REQ => http://localhost:6201/api/v1/attendance/userSearch","timestamp":"2024-12-31T10:23:21.976Z"}
{"level":"info","message":"GET URL REQ => http://localhost:6201/api/v1/attendance/userSearch","timestamp":"2024-12-31T10:23:22.445Z"}
{"level":"info","message":"GET URL REQ => http://localhost:6201/api/v1/attendance/userSearch","timestamp":"2024-12-31T10:23:23.251Z"}
{"level":"info","message":"GET URL REQ => http://localhost:6201/api/v1/attendance/userSearch","timestamp":"2024-12-31T10:23:23.440Z"}
{"level":"info","message":"GET URL REQ => http://localhost:6201/api/v1/attendance/userSearch","timestamp":"2024-12-31T10:23:23.662Z"}
{"level":"info","message":"GET URL REQ => http://localhost:6201/api/v1/attendance/userSearch","timestamp":"2024-12-31T10:23:39.805Z"}
{"level":"info","message":"GET URL REQ => http://localhost:6201/api/v1/attendance/userSearch","timestamp":"2024-12-31T10:23:40.000Z"}
{"level":"info","message":"GET URL REQ => http://localhost:6201/api/v1/attendance/userSearch","timestamp":"2024-12-31T10:23:40.162Z"}
{"level":"info","message":"GET URL REQ => http://localhost:6201/api/v1/attendance/userSearch","timestamp":"2024-12-31T10:23:40.994Z"}
{"level":"info","message":"GET URL REQ => http://localhost:6201/api/v1/attendance/userSearch","timestamp":"2024-12-31T10:23:41.347Z"}
{"level":"info","message":"GET URL REQ => http://localhost:6201/api/v1/attendance/userSearch","timestamp":"2024-12-31T10:24:58.966Z"}
{"level":"info","message":"GET URL REQ => http://localhost:6201/api/v1/attendance/userSearch","timestamp":"2024-12-31T10:24:59.250Z"}
{"level":"info","message":"GET URL REQ => http://localhost:6201/api/v1/attendance/userSearch","timestamp":"2024-12-31T10:24:59.486Z"}
{"level":"info","message":"GET URL REQ => http://localhost:6201/api/v1/attendance/user","timestamp":"2024-12-31T10:25:02.065Z"}
{"level":"info","message":"GET URL REQ => http://localhost:6201/api/v1/attendance/user","timestamp":"2024-12-31T10:25:02.376Z"}
{"level":"info","message":"GET URL REQ => http://localhost:6201/api/v1/attendance/session","timestamp":"2024-12-31T10:26:04.602Z"}
{"level":"info","message":"GET URL REQ => http://localhost:6201/api/v1/attendance/session","timestamp":"2024-12-31T10:26:04.616Z"}
{"level":"info","message":"GET URL REQ => http://localhost:6201/api/v1/attendance/session","timestamp":"2024-12-31T10:26:08.815Z"}
{"level":"info","message":"GET URL REQ => http://localhost:6201/api/v1/attendance/session","timestamp":"2024-12-31T10:27:38.457Z"}
{"level":"info","message":"GET URL REQ => http://localhost:6201/api/v1/attendance/session","timestamp":"2024-12-31T10:27:38.476Z"}
{"level":"info","message":"GET URL REQ => http://localhost:6201/api/v1/attendance/session","timestamp":"2024-12-31T10:27:47.526Z"}
{"level":"info","message":"server running --- from server.ts","timestamp":"2024-12-31T12:37:18.392Z"}
{"level":"info","message":"GET URL REQ => http://localhost:6201/api/v1/users/login","timestamp":"2024-12-31T12:38:09.455Z"}
{"level":"info","message":"GET URL REQ => http://localhost:6201/api/v1/staff/dashBoard","timestamp":"2024-12-31T12:38:16.744Z"}
{"level":"info","message":"Router-----store Register Form Data","timestamp":"2024-12-31T12:38:16.757Z"}
{"level":"info","message":"GET URL REQ => http://localhost:6201/api/v1/validateTokenData","timestamp":"2024-12-31T12:38:16.762Z"}
{"level":"info","message":"GET URL REQ => http://localhost:6201/api/v1/staff/dashBoard","timestamp":"2024-12-31T12:38:16.778Z"}
{"level":"info","message":"Router-----store Register Form Data","timestamp":"2024-12-31T12:38:16.788Z"}
{"level":"info","message":"GET URL REQ => http://localhost:6201/api/v1/validateTokenData","timestamp":"2024-12-31T12:38:16.789Z"}
{"level":"info","message":"Router-----store Register Form Data","timestamp":"2024-12-31T12:38:19.191Z"}
{"level":"info","message":"GET URL REQ => http://localhost:6201/api/v1/validateTokenData","timestamp":"2024-12-31T12:38:19.194Z"}
{"level":"info","message":"Router-----store Register Form Data","timestamp":"2024-12-31T12:38:19.203Z"}
{"level":"info","message":"GET URL REQ => http://localhost:6201/api/v1/validateTokenData","timestamp":"2024-12-31T12:38:19.204Z"}
{"level":"info","message":"GET URL REQ => http://localhost:6201/api/v1/attendance/overView","timestamp":"2024-12-31T12:38:19.215Z"}
{"level":"info","message":"GET URL REQ => http://localhost:6201/api/v1/attendance/overView","timestamp":"2024-12-31T12:38:19.224Z"}
{"level":"info","message":"GET URL REQ => http://localhost:6201/api/v1/attendance/session","timestamp":"2024-12-31T12:38:21.505Z"}
{"level":"info","message":"GET URL REQ => http://localhost:6201/api/v1/attendance/session","timestamp":"2024-12-31T12:38:21.547Z"}
{"level":"info","message":"GET URL REQ => http://localhost:6201/api/v1/attendance/session","timestamp":"2024-12-31T12:38:31.685Z"}
{"level":"info","message":"GET URL REQ => http://localhost:6201/api/v1/attendance/session","timestamp":"2024-12-31T12:40:27.048Z"}
{"level":"info","message":"GET URL REQ => http://localhost:6201/api/v1/attendance/session","timestamp":"2024-12-31T12:40:29.151Z"}
{"level":"info","message":"GET URL REQ => http://localhost:6201/api/v1/attendance/session","timestamp":"2024-12-31T12:40:31.311Z"}
{"level":"info","message":"GET URL REQ => http://localhost:6201/api/v1/attendance/session","timestamp":"2024-12-31T12:40:34.408Z"}
{"level":"info","message":"GET URL REQ => http://localhost:6201/api/v1/attendance/session","timestamp":"2024-12-31T12:40:39.599Z"}
{"level":"info","message":"GET URL REQ => http://localhost:6201/api/v1/attendance/session","timestamp":"2024-12-31T12:40:40.681Z"}
{"level":"info","message":"GET URL REQ => http://localhost:6201/api/v1/attendance/session","timestamp":"2024-12-31T12:40:47.064Z"}
{"level":"info","message":"GET URL REQ => http://localhost:6201/api/v1/attendance/session","timestamp":"2024-12-31T12:40:52.279Z"}
{"level":"info","message":"GET URL REQ => http://localhost:6201/api/v1/attendance/session","timestamp":"2024-12-31T12:41:05.448Z"}
{"level":"info","message":"GET URL REQ => http://localhost:6201/api/v1/attendance/session","timestamp":"2024-12-31T12:41:07.528Z"}
{"level":"info","message":"GET URL REQ => http://localhost:6201/api/v1/attendance/session","timestamp":"2024-12-31T12:41:10.941Z"}
{"level":"info","message":"GET URL REQ => http://localhost:6201/api/v1/attendance/session","timestamp":"2024-12-31T12:41:12.040Z"}
{"level":"info","message":"GET URL REQ => http://localhost:6201/api/v1/attendance/session","timestamp":"2024-12-31T12:41:13.297Z"}
{"level":"info","message":"GET URL REQ => http://localhost:6201/api/v1/attendance/session","timestamp":"2024-12-31T12:41:18.693Z"}
{"level":"info","message":"GET URL REQ => http://localhost:6201/api/v1/attendance/session","timestamp":"2024-12-31T12:41:19.759Z"}
{"level":"info","message":"GET URL REQ => http://localhost:6201/api/v1/attendance/session","timestamp":"2024-12-31T12:41:21.069Z"}
{"level":"info","message":"GET URL REQ => http://localhost:6201/api/v1/attendance/session","timestamp":"2024-12-31T12:41:22.147Z"}
{"level":"info","message":"GET URL REQ => http://localhost:6201/api/v1/attendance/session","timestamp":"2024-12-31T12:41:36.959Z"}
{"level":"info","message":"GET URL REQ => http://localhost:6201/api/v1/attendance/session","timestamp":"2024-12-31T12:41:46.049Z"}
{"level":"info","message":"GET URL REQ => http://localhost:6201/api/v1/attendance/session","timestamp":"2024-12-31T12:42:00.281Z"}
{"level":"info","message":"GET URL REQ => http://localhost:6201/api/v1/attendance/session","timestamp":"2024-12-31T12:42:01.359Z"}
{"level":"info","message":"GET URL REQ => http://localhost:6201/api/v1/attendance/session","timestamp":"2024-12-31T12:42:04.559Z"}
{"level":"info","message":"GET URL REQ => http://localhost:6201/api/v1/attendance/session","timestamp":"2024-12-31T12:42:07.174Z"}
{"level":"info","message":"GET URL REQ => http://localhost:6201/api/v1/attendance/session","timestamp":"2024-12-31T12:42:18.274Z"}
{"level":"info","message":"GET URL REQ => http://localhost:6201/api/v1/attendance/session","timestamp":"2024-12-31T12:42:21.420Z"}
{"level":"info","message":"GET URL REQ => http://localhost:6201/api/v1/attendance/session","timestamp":"2024-12-31T12:42:24.511Z"}
{"level":"info","message":"GET URL REQ => http://localhost:6201/api/v1/attendance/session","timestamp":"2024-12-31T12:42:29.860Z"}
{"level":"info","message":"GET URL REQ => http://localhost:6201/api/v1/attendance/session","timestamp":"2024-12-31T12:42:30.910Z"}
{"level":"info","message":"GET URL REQ => http://localhost:6201/api/v1/attendance/session","timestamp":"2024-12-31T12:42:33.256Z"}
{"level":"info","message":"GET URL REQ => http://localhost:6201/api/v1/attendance/session","timestamp":"2024-12-31T12:42:35.746Z"}
{"level":"info","message":"GET URL REQ => http://localhost:6201/api/v1/attendance/session","timestamp":"2024-12-31T12:42:38.328Z"}
{"level":"info","message":"GET URL REQ => http://localhost:6201/api/v1/attendance/session","timestamp":"2024-12-31T12:43:39.048Z"}
{"level":"info","message":"GET URL REQ => http://localhost:6201/api/v1/attendance/session","timestamp":"2024-12-31T12:43:47.835Z"}
{"level":"info","message":"GET URL REQ => http://localhost:6201/api/v1/attendance/session","timestamp":"2024-12-31T12:44:06.626Z"}
{"level":"info","message":"GET URL REQ => http://localhost:6201/api/v1/attendance/session","timestamp":"2024-12-31T12:44:19.518Z"}
{"level":"info","message":"GET URL REQ => http://localhost:6201/api/v1/attendance/session","timestamp":"2024-12-31T12:44:37.705Z"}
{"level":"info","message":"GET URL REQ => http://localhost:6201/api/v1/attendance/session","timestamp":"2024-12-31T12:44:45.006Z"}
{"level":"info","message":"GET URL REQ => http://localhost:6201/api/v1/attendance/session","timestamp":"2024-12-31T12:44:45.018Z"}
{"level":"info","message":"GET URL REQ => http://localhost:6201/api/v1/attendance/reportOptions","timestamp":"2024-12-31T12:44:57.990Z"}
{"level":"info","message":"GET URL REQ => http://localhost:6201/api/v1/attendance/report","timestamp":"2024-12-31T12:45:03.119Z"}
{"level":"info","message":"GET URL REQ => http://localhost:6201/api/v1/attendance/session","timestamp":"2024-12-31T12:45:43.455Z"}
{"level":"info","message":"GET URL REQ => http://localhost:6201/api/v1/attendance/session","timestamp":"2024-12-31T12:45:49.694Z"}
{"level":"info","message":"GET URL REQ => http://localhost:6201/api/v1/attendance/session","timestamp":"2024-12-31T12:46:25.334Z"}
{"level":"info","message":"GET URL REQ => http://localhost:6201/api/v1/attendance/session","timestamp":"2024-12-31T12:46:30.820Z"}
{"level":"info","message":"GET URL REQ => http://localhost:6201/api/v1/attendance/session","timestamp":"2024-12-31T12:46:31.867Z"}
{"level":"info","message":"GET URL REQ => http://localhost:6201/api/v1/attendance/session","timestamp":"2024-12-31T12:47:02.365Z"}
{"level":"info","message":"GET URL REQ => http://localhost:6201/api/v1/attendance/session","timestamp":"2024-12-31T12:47:12.956Z"}
{"level":"info","message":"GET URL REQ => http://localhost:6201/api/v1/attendance/session","timestamp":"2024-12-31T12:47:35.207Z"}
{"level":"info","message":"GET URL REQ => http://localhost:6201/api/v1/attendance/session","timestamp":"2024-12-31T12:47:50.645Z"}
{"level":"info","message":"GET URL REQ => http://localhost:6201/api/v1/attendance/session","timestamp":"2024-12-31T12:47:59.834Z"}
{"level":"info","message":"GET URL REQ => http://localhost:6201/api/v1/attendance/session","timestamp":"2024-12-31T12:48:02.360Z"}
{"level":"info","message":"GET URL REQ => http://localhost:6201/api/v1/attendance/session","timestamp":"2024-12-31T12:48:13.460Z"}
{"level":"info","message":"GET URL REQ => http://localhost:6201/api/v1/attendance/session","timestamp":"2024-12-31T12:48:40.656Z"}
{"level":"info","message":"GET URL REQ => http://localhost:6201/api/v1/attendance/session","timestamp":"2024-12-31T12:49:15.317Z"}
{"level":"info","message":"GET URL REQ => http://localhost:6201/api/v1/attendance/session","timestamp":"2024-12-31T12:49:15.332Z"}
{"level":"info","message":"GET URL REQ => http://localhost:6201/api/v1/attendance/userSearch","timestamp":"2024-12-31T12:49:18.161Z"}
{"level":"info","message":"GET URL REQ => http://localhost:6201/api/v1/attendance/userSearch","timestamp":"2024-12-31T12:49:22.345Z"}
{"level":"info","message":"GET URL REQ => http://localhost:6201/api/v1/attendance/session","timestamp":"2024-12-31T12:55:07.778Z"}
{"level":"info","message":"GET URL REQ => http://localhost:6201/api/v1/attendance/session","timestamp":"2024-12-31T12:55:07.791Z"}
{"level":"info","message":"Router-----store Register Form Data","timestamp":"2024-12-31T12:55:10.062Z"}
{"level":"info","message":"GET URL REQ => http://localhost:6201/api/v1/validateTokenData","timestamp":"2024-12-31T12:55:10.064Z"}
{"level":"info","message":"Router-----store Register Form Data","timestamp":"2024-12-31T12:55:10.071Z"}
{"level":"info","message":"GET URL REQ => http://localhost:6201/api/v1/validateTokenData","timestamp":"2024-12-31T12:55:10.072Z"}
{"level":"info","message":"GET URL REQ => http://localhost:6201/api/v1/staff/userManagementPage","timestamp":"2024-12-31T12:55:10.287Z"}
{"level":"info","message":"GET URL REQ => http://localhost:6201/api/v1/staff/userManagementPage","timestamp":"2024-12-31T12:55:10.298Z"}
{"level":"info","message":"GET URL REQ => http://localhost:6201/api/v1/director/userData","timestamp":"2024-12-31T12:55:12.554Z"}
{"level":"info","message":"GET URL REQ => http://localhost:6201/api/v1/profile/passRegisterData","timestamp":"2024-12-31T12:55:12.583Z"}
{"level":"info","message":"GET URL REQ line 1133=> http://localhost:6201/api/v1/user/profileData","timestamp":"2024-12-31T12:55:13.080Z"}
{"level":"info","message":"GET URL REQ line 1133=> http://localhost:6201/api/v1/user/profileData","timestamp":"2024-12-31T12:55:13.090Z"}
{"level":"error","message":"Server not running... New route /api/v1/profile/deleteMedicalDocument conflicts with existing /api/v1/profile/deleteMedicalDocument","name":"AssertError","stack":"AssertError: New route /api/v1/profile/deleteMedicalDocument conflicts with existing /api/v1/profile/deleteMedicalDocument\n    at module.exports.internals.Segment.internals.Segment.add (C:\\Users\\VIJAY L\\Desktop\\backend1\\node_modules\\@hapi\\call\\lib\\segment.js:47:14)\n    at exports.Router.internals.Router.internals.Router.add (C:\\Users\\VIJAY L\\Desktop\\backend1\\node_modules\\@hapi\\call\\lib\\index.js:65:16)\n    at internals.Server._addRoute (C:\\Users\\VIJAY L\\Desktop\\backend1\\node_modules\\@hapi\\hapi\\lib\\server.js:529:46)\n    at internals.Server.route (C:\\Users\\VIJAY L\\Desktop\\backend1\\node_modules\\@hapi\\hapi\\lib\\server.js:518:22)\n    at C:\\Users\\VIJAY L\\Desktop\\backend1\\src\\api\\routes.ts:110:14\n    at new Promise (<anonymous>)\n    at UserProfile.<anonymous> (C:\\Users\\VIJAY L\\Desktop\\backend1\\src\\api\\routes.ts:108:12)\n    at Generator.next (<anonymous>)\n    at C:\\Users\\VIJAY L\\Desktop\\backend1\\src\\api\\routes.ts:8:71\n    at new Promise (<anonymous>)","timestamp":"2024-12-31T12:58:18.557Z"}
{"level":"info","message":"server running --- from server.ts","timestamp":"2024-12-31T12:58:32.320Z"}
{"level":"info","message":"server running --- from server.ts","timestamp":"2024-12-31T12:59:08.720Z"}
{"level":"info","message":"server running --- from server.ts","timestamp":"2024-12-31T12:59:23.822Z"}
{"level":"info","message":"server running --- from server.ts","timestamp":"2024-12-31T12:59:37.722Z"}
{"level":"info","message":"server running --- from server.ts","timestamp":"2024-12-31T13:01:46.804Z"}
{"level":"info","message":"server running --- from server.ts","timestamp":"2024-12-31T13:01:57.037Z"}
{"level":"info","message":"server running --- from server.ts","timestamp":"2024-12-31T13:02:07.639Z"}
{"level":"info","message":"server running --- from server.ts","timestamp":"2024-12-31T13:02:33.199Z"}
{"level":"info","message":"server running --- from server.ts","timestamp":"2024-12-31T13:02:49.206Z"}
{"level":"info","message":"server running --- from server.ts","timestamp":"2024-12-31T13:03:26.357Z"}
{"level":"info","message":"server running --- from server.ts","timestamp":"2024-12-31T13:07:27.794Z"}
{"level":"info","message":"server running --- from server.ts","timestamp":"2024-12-31T13:07:35.798Z"}
{"level":"info","message":"server running --- from server.ts","timestamp":"2024-12-31T13:07:43.167Z"}
{"level":"info","message":"server running --- from server.ts","timestamp":"2024-12-31T13:08:02.028Z"}
{"level":"info","message":"server running --- from server.ts","timestamp":"2024-12-31T13:09:18.978Z"}
{"level":"info","message":"server running --- from server.ts","timestamp":"2024-12-31T13:09:50.064Z"}
{"level":"info","message":"server running --- from server.ts","timestamp":"2024-12-31T13:10:06.738Z"}
{"level":"info","message":"server running --- from server.ts","timestamp":"2024-12-31T13:11:00.920Z"}
{"level":"info","message":"server running --- from server.ts","timestamp":"2024-12-31T13:11:29.259Z"}
{"level":"info","message":"server running --- from server.ts","timestamp":"2024-12-31T15:17:48.257Z"}
{"level":"info","message":"server running --- from server.ts","timestamp":"2024-12-31T15:18:33.775Z"}
{"level":"info","message":"server running --- from server.ts","timestamp":"2024-12-31T15:18:51.090Z"}
{"level":"info","message":"server running --- from server.ts","timestamp":"2024-12-31T15:19:26.844Z"}
{"level":"info","message":"server running --- from server.ts","timestamp":"2024-12-31T15:23:05.930Z"}
{"level":"info","message":"server running --- from server.ts","timestamp":"2024-12-31T15:23:16.593Z"}
{"level":"info","message":"server running --- from server.ts","timestamp":"2024-12-31T15:23:26.451Z"}
{"level":"info","message":"server running --- from server.ts","timestamp":"2024-12-31T15:23:43.745Z"}
{"level":"info","message":"server running --- from server.ts","timestamp":"2024-12-31T15:24:34.249Z"}
{"level":"info","message":"server running --- from server.ts","timestamp":"2024-12-31T15:24:44.362Z"}
{"level":"info","message":"server running --- from server.ts","timestamp":"2024-12-31T15:25:12.977Z"}
{"level":"info","message":"GET URL REQ => http://localhost:6201/api/v1/users/login","timestamp":"2024-12-31T15:26:42.506Z"}
{"level":"error","message":"Error in userLogin: Database query failed: connect EHOSTUNREACH 65.2.63.226:5432","stack":"Error: Database query failed: connect EHOSTUNREACH 65.2.63.226:5432\n    at C:\\Users\\VIJAY L\\Desktop\\backend1\\src\\helper\\db.ts:46:11\n    at Generator.throw (<anonymous>)\n    at rejected (C:\\Users\\VIJAY L\\Desktop\\backend1\\src\\helper\\db.ts:6:65)\n    at processTicksAndRejections (node:internal/process/task_queues:95:5)","timestamp":"2024-12-31T15:26:42.519Z"}
{"level":"info","message":"GET URL REQ => http://localhost:6201/api/v1/users/login","timestamp":"2024-12-31T15:27:44.378Z"}
{"level":"error","message":"Error in userLogin: Database query failed: connect EHOSTUNREACH 65.2.63.226:5432","stack":"Error: Database query failed: connect EHOSTUNREACH 65.2.63.226:5432\n    at C:\\Users\\VIJAY L\\Desktop\\backend1\\src\\helper\\db.ts:46:11\n    at Generator.throw (<anonymous>)\n    at rejected (C:\\Users\\VIJAY L\\Desktop\\backend1\\src\\helper\\db.ts:6:65)\n    at processTicksAndRejections (node:internal/process/task_queues:95:5)","timestamp":"2024-12-31T15:27:44.381Z"}
{"level":"info","message":"GET URL REQ => http://localhost:6201/api/v1/users/login","timestamp":"2024-12-31T15:28:12.081Z"}
{"level":"info","message":"GET URL REQ => http://localhost:6201/api/v1/staff/dashBoard","timestamp":"2024-12-31T15:28:14.952Z"}
{"level":"info","message":"Router-----store Register Form Data","timestamp":"2024-12-31T15:28:14.960Z"}
{"level":"info","message":"GET URL REQ => http://localhost:6201/api/v1/validateTokenData","timestamp":"2024-12-31T15:28:14.961Z"}
{"level":"info","message":"GET URL REQ => http://localhost:6201/api/v1/staff/dashBoard","timestamp":"2024-12-31T15:28:14.969Z"}
{"level":"info","message":"Router-----store Register Form Data","timestamp":"2024-12-31T15:28:14.976Z"}
{"level":"info","message":"GET URL REQ => http://localhost:6201/api/v1/validateTokenData","timestamp":"2024-12-31T15:28:14.977Z"}
{"level":"info","message":"Router-----store Register Form Data","timestamp":"2024-12-31T15:28:24.915Z"}
{"level":"info","message":"GET URL REQ => http://localhost:6201/api/v1/validateTokenData","timestamp":"2024-12-31T15:28:24.918Z"}
{"level":"info","message":"Router-----store Register Form Data","timestamp":"2024-12-31T15:28:24.930Z"}
{"level":"info","message":"GET URL REQ => http://localhost:6201/api/v1/validateTokenData","timestamp":"2024-12-31T15:28:24.932Z"}
{"level":"info","message":"GET URL REQ => http://localhost:6201/api/v1/attendance/overView","timestamp":"2024-12-31T15:28:24.938Z"}
{"level":"info","message":"GET URL REQ => http://localhost:6201/api/v1/attendance/overView","timestamp":"2024-12-31T15:28:24.949Z"}
{"level":"info","message":"Router-----store Register Form Data","timestamp":"2024-12-31T15:28:28.189Z"}
{"level":"info","message":"GET URL REQ => http://localhost:6201/api/v1/validateTokenData","timestamp":"2024-12-31T15:28:28.191Z"}
{"level":"info","message":"Router-----store Register Form Data","timestamp":"2024-12-31T15:28:28.196Z"}
{"level":"info","message":"GET URL REQ => http://localhost:6201/api/v1/validateTokenData","timestamp":"2024-12-31T15:28:28.197Z"}
{"level":"info","message":"GET URL REQ => http://localhost:6201/api/v1/futureClients/data","timestamp":"2024-12-31T15:28:28.370Z"}
{"level":"info","message":"GET URL REQ => http://localhost:6201/api/v1/futureClients/data","timestamp":"2024-12-31T15:28:28.379Z"}
{"level":"info","message":"Router-----store Register Form Data","timestamp":"2024-12-31T15:28:39.214Z"}
{"level":"info","message":"GET URL REQ => http://localhost:6201/api/v1/validateTokenData","timestamp":"2024-12-31T15:28:39.216Z"}
{"level":"info","message":"Router-----store Register Form Data","timestamp":"2024-12-31T15:28:39.222Z"}
{"level":"info","message":"GET URL REQ => http://localhost:6201/api/v1/validateTokenData","timestamp":"2024-12-31T15:28:39.223Z"}
{"level":"info","message":"GET URL REQ => http://localhost:6201/api/v1/staff/userManagementPage","timestamp":"2024-12-31T15:28:39.899Z"}
{"level":"info","message":"GET URL REQ => http://localhost:6201/api/v1/staff/userManagementPage","timestamp":"2024-12-31T15:28:39.916Z"}
{"level":"info","message":"GET URL REQ => http://localhost:6201/api/v1/director/userData","timestamp":"2024-12-31T15:28:41.514Z"}
{"level":"info","message":"GET URL REQ => http://localhost:6201/api/v1/profile/passRegisterData","timestamp":"2024-12-31T15:28:41.522Z"}
{"level":"info","message":"GET URL REQ line 1133=> http://localhost:6201/api/v1/user/profileData","timestamp":"2024-12-31T15:28:42.133Z"}
{"level":"info","message":"GET URL REQ line 1133=> http://localhost:6201/api/v1/user/profileData","timestamp":"2024-12-31T15:28:42.137Z"}
{"level":"info","message":"GET URL REQ => http://localhost:6201/api/v1/profile/MemberList","timestamp":"2024-12-31T15:28:46.473Z"}
{"level":"info","message":"GET URL REQ => http://localhost:6201/api/v1/profile/sectionTime","timestamp":"2024-12-31T15:28:52.969Z"}
{"level":"info","message":"GET URL REQ => http://localhost:6201/api/v1/profile/PackageTime","timestamp":"2024-12-31T15:28:54.571Z"}
{"level":"error","message":"Error in Sending Package Timing Cannot read properties of undefined (reading 'refTimingId')","stack":"TypeError: Cannot read properties of undefined (reading 'refTimingId')\n    at ProfileRepository.<anonymous> (C:\\Users\\VIJAY L\\Desktop\\backend1\\src\\api\\profile\\profile-repository.ts:556:30)\n    at Generator.next (<anonymous>)\n    at fulfilled (C:\\Users\\VIJAY L\\Desktop\\backend1\\src\\api\\profile\\profile-repository.ts:5:58)\n    at processTicksAndRejections (node:internal/process/task_queues:95:5)","timestamp":"2024-12-31T15:28:54.669Z"}
{"level":"info","message":"GET URL REQ => http://localhost:6201/api/v1/profile/PackageTime","timestamp":"2024-12-31T15:28:57.840Z"}
{"level":"info","message":"GET URL REQ => http://localhost:6201/api/v1/profile/PackageTime","timestamp":"2024-12-31T15:28:58.956Z"}
{"level":"info","message":"\n\n\nGET URL REQ line 514=> http://localhost:6201/api/v1/profile/SessionUpdate\n\n\n","timestamp":"2024-12-31T15:29:16.997Z"}
{"level":"error","message":"Error in Sending Section Time List this.profileRepository.sessionUpdateV1 is not a function","stack":"TypeError: this.profileRepository.sessionUpdateV1 is not a function\n    at ProfileResolver.<anonymous> (C:\\Users\\VIJAY L\\Desktop\\backend1\\src\\api\\resolver.ts:148:41)\n    at Generator.next (<anonymous>)\n    at C:\\Users\\VIJAY L\\Desktop\\backend1\\src\\api\\resolver.ts:8:71\n    at new Promise (<anonymous>)\n    at __awaiter (C:\\Users\\VIJAY L\\Desktop\\backend1\\src\\api\\resolver.ts:4:12)\n    at ProfileResolver.sessionUpdateV1 (C:\\Users\\VIJAY L\\Desktop\\backend1\\src\\api\\resolver.ts:137:16)\n    at UserProfileController.<anonymous> (C:\\Users\\VIJAY L\\Desktop\\backend1\\src\\api\\controller.ts:610:42)\n    at Generator.next (<anonymous>)\n    at C:\\Users\\VIJAY L\\Desktop\\backend1\\src\\api\\controller.ts:8:71\n    at new Promise (<anonymous>)","timestamp":"2024-12-31T15:29:17.019Z"}
{"level":"info","message":"server running --- from server.ts","timestamp":"2024-12-31T15:30:46.825Z"}
{"level":"info","message":"server running --- from server.ts","timestamp":"2024-12-31T15:32:15.014Z"}
{"level":"info","message":"\n\n\nGET URL REQ line 514=> http://localhost:6201/api/v1/profile/SessionUpdate\n\n\n","timestamp":"2024-12-31T15:32:26.714Z"}
{"level":"error","message":"Error in Sending Section Time List Cannot read properties of undefined (reading 'success')","stack":"TypeError: Cannot read properties of undefined (reading 'success')\n    at UserProfileController.<anonymous> (C:\\Users\\VIJAY L\\Desktop\\backend1\\src\\api\\controller.ts:615:18)\n    at Generator.next (<anonymous>)\n    at fulfilled (C:\\Users\\VIJAY L\\Desktop\\backend1\\src\\api\\controller.ts:5:58)\n    at processTicksAndRejections (node:internal/process/task_queues:95:5)","timestamp":"2024-12-31T15:32:27.507Z"}
{"level":"info","message":"server running --- from server.ts","timestamp":"2024-12-31T15:33:51.582Z"}
{"level":"info","message":"server running --- from server.ts","timestamp":"2024-12-31T15:34:06.264Z"}
{"level":"info","message":"server running --- from server.ts","timestamp":"2024-12-31T15:34:28.954Z"}
{"level":"info","message":"\n\n\nGET URL REQ line 514=> http://localhost:6201/api/v1/profile/SessionUpdate\n\n\n","timestamp":"2024-12-31T15:34:33.442Z"}
{"level":"info","message":"Router-----store Register Form Data","timestamp":"2024-12-31T15:34:41.679Z"}
{"level":"info","message":"GET URL REQ => http://localhost:6201/api/v1/validateTokenData","timestamp":"2024-12-31T15:34:41.680Z"}
{"level":"info","message":"Router-----store Register Form Data","timestamp":"2024-12-31T15:34:41.686Z"}
{"level":"info","message":"GET URL REQ => http://localhost:6201/api/v1/validateTokenData","timestamp":"2024-12-31T15:34:41.687Z"}
{"level":"info","message":"GET URL REQ => http://localhost:6201/api/v1/staff/userManagementPage","timestamp":"2024-12-31T15:34:41.881Z"}
{"level":"info","message":"GET URL REQ => http://localhost:6201/api/v1/staff/userManagementPage","timestamp":"2024-12-31T15:34:41.889Z"}
{"level":"info","message":"GET URL REQ => http://localhost:6201/api/v1/director/userData","timestamp":"2024-12-31T15:34:43.456Z"}
{"level":"info","message":"GET URL REQ => http://localhost:6201/api/v1/profile/passRegisterData","timestamp":"2024-12-31T15:34:43.464Z"}
{"level":"info","message":"GET URL REQ => http://localhost:6201/api/v1/director/userData","timestamp":"2024-12-31T15:34:47.393Z"}
{"level":"info","message":"GET URL REQ => http://localhost:6201/api/v1/profile/passRegisterData","timestamp":"2024-12-31T15:34:47.404Z"}
{"level":"info","message":"GET URL REQ line 1133=> http://localhost:6201/api/v1/user/profileData","timestamp":"2024-12-31T15:34:47.869Z"}
{"level":"info","message":"GET URL REQ line 1133=> http://localhost:6201/api/v1/user/profileData","timestamp":"2024-12-31T15:34:47.880Z"}
{"level":"info","message":"GET URL REQ => http://localhost:6201/api/v1/profile/MemberList","timestamp":"2024-12-31T15:35:01.828Z"}
{"level":"info","message":"GET URL REQ => http://localhost:6201/api/v1/profile/sectionTime","timestamp":"2024-12-31T15:35:07.556Z"}
{"level":"info","message":"GET URL REQ => http://localhost:6201/api/v1/profile/PackageTime","timestamp":"2024-12-31T15:35:10.134Z"}
{"level":"error","message":"Error in Sending Package Timing Cannot read properties of undefined (reading 'refTimingId')","stack":"TypeError: Cannot read properties of undefined (reading 'refTimingId')\n    at ProfileRepository.<anonymous> (C:\\Users\\VIJAY L\\Desktop\\backend1\\src\\api\\profile\\profile-repository.ts:557:30)\n    at Generator.next (<anonymous>)\n    at fulfilled (C:\\Users\\VIJAY L\\Desktop\\backend1\\src\\api\\profile\\profile-repository.ts:5:58)\n    at processTicksAndRejections (node:internal/process/task_queues:95:5)","timestamp":"2024-12-31T15:35:10.219Z"}
{"level":"info","message":"GET URL REQ => http://localhost:6201/api/v1/profile/PackageTime","timestamp":"2024-12-31T15:35:14.046Z"}
{"level":"info","message":"GET URL REQ => http://localhost:6201/api/v1/profile/PackageTime","timestamp":"2024-12-31T15:35:15.157Z"}
{"level":"info","message":"\n\n\nGET URL REQ line 514=> http://localhost:6201/api/v1/profile/SessionUpdate\n\n\n","timestamp":"2024-12-31T15:35:23.674Z"}
{"level":"info","message":"Router-----store Register Form Data","timestamp":"2024-12-31T15:36:07.392Z"}
{"level":"info","message":"GET URL REQ => http://localhost:6201/api/v1/validateTokenData","timestamp":"2024-12-31T15:36:07.394Z"}
{"level":"info","message":"Router-----store Register Form Data","timestamp":"2024-12-31T15:36:07.401Z"}
{"level":"info","message":"GET URL REQ => http://localhost:6201/api/v1/validateTokenData","timestamp":"2024-12-31T15:36:07.401Z"}
{"level":"info","message":"GET URL REQ => http://localhost:6201/api/v1/staff/userManagementPage","timestamp":"2024-12-31T15:36:07.865Z"}
{"level":"info","message":"GET URL REQ => http://localhost:6201/api/v1/staff/userManagementPage","timestamp":"2024-12-31T15:36:07.879Z"}
{"level":"info","message":"GET URL REQ => http://localhost:6201/api/v1/director/userData","timestamp":"2024-12-31T15:36:09.391Z"}
{"level":"info","message":"GET URL REQ => http://localhost:6201/api/v1/profile/passRegisterData","timestamp":"2024-12-31T15:36:09.401Z"}
{"level":"info","message":"GET URL REQ => http://localhost:6201/api/v1/director/userData","timestamp":"2024-12-31T15:36:23.326Z"}
{"level":"info","message":"GET URL REQ => http://localhost:6201/api/v1/profile/passRegisterData","timestamp":"2024-12-31T15:36:23.336Z"}
{"level":"info","message":"GET URL REQ => http://localhost:6201/api/v1/director/userData","timestamp":"2024-12-31T15:36:28.145Z"}
{"level":"info","message":"GET URL REQ => http://localhost:6201/api/v1/profile/passRegisterData","timestamp":"2024-12-31T15:36:28.155Z"}
{"level":"info","message":"server running --- from server.ts","timestamp":"2024-12-31T15:37:23.926Z"}
{"level":"info","message":"Router-----store Register Form Data","timestamp":"2024-12-31T15:37:43.528Z"}
{"level":"info","message":"GET URL REQ => http://localhost:6201/api/v1/validateTokenData","timestamp":"2024-12-31T15:37:43.529Z"}
{"level":"info","message":"Router-----store Register Form Data","timestamp":"2024-12-31T15:37:43.541Z"}
{"level":"info","message":"GET URL REQ => http://localhost:6201/api/v1/validateTokenData","timestamp":"2024-12-31T15:37:43.542Z"}
{"level":"info","message":"GET URL REQ => http://localhost:6201/api/v1/staff/userManagementPage","timestamp":"2024-12-31T15:37:44.068Z"}
{"level":"info","message":"GET URL REQ => http://localhost:6201/api/v1/staff/userManagementPage","timestamp":"2024-12-31T15:37:44.091Z"}
{"level":"info","message":"GET URL REQ => http://localhost:6201/api/v1/director/userData","timestamp":"2024-12-31T15:37:46.656Z"}
{"level":"info","message":"GET URL REQ => http://localhost:6201/api/v1/profile/passRegisterData","timestamp":"2024-12-31T15:37:46.665Z"}
{"level":"info","message":"GET URL REQ => http://localhost:6201/api/v1/director/userData","timestamp":"2024-12-31T15:38:03.278Z"}
{"level":"info","message":"GET URL REQ => http://localhost:6201/api/v1/profile/passRegisterData","timestamp":"2024-12-31T15:38:03.289Z"}
{"level":"info","message":"GET URL REQ => http://localhost:6201/api/v1/director/userData","timestamp":"2024-12-31T15:38:14.482Z"}
{"level":"info","message":"GET URL REQ => http://localhost:6201/api/v1/profile/passRegisterData","timestamp":"2024-12-31T15:38:14.494Z"}
{"level":"info","message":"GET URL REQ => http://localhost:6201/api/v1/director/userData","timestamp":"2024-12-31T15:38:17.513Z"}
{"level":"info","message":"GET URL REQ => http://localhost:6201/api/v1/profile/passRegisterData","timestamp":"2024-12-31T15:38:17.522Z"}
{"level":"info","message":"GET URL REQ line 1133=> http://localhost:6201/api/v1/user/profileData","timestamp":"2024-12-31T15:38:17.919Z"}
{"level":"info","message":"GET URL REQ line 1133=> http://localhost:6201/api/v1/user/profileData","timestamp":"2024-12-31T15:38:17.926Z"}
{"level":"info","message":"GET URL REQ => http://localhost:6201/api/v1/director/userData","timestamp":"2024-12-31T15:38:19.674Z"}
{"level":"info","message":"GET URL REQ => http://localhost:6201/api/v1/profile/passRegisterData","timestamp":"2024-12-31T15:38:19.683Z"}
{"level":"info","message":"GET URL REQ line 1133=> http://localhost:6201/api/v1/user/profileData","timestamp":"2024-12-31T15:38:19.787Z"}
{"level":"info","message":"GET URL REQ line 1133=> http://localhost:6201/api/v1/user/profileData","timestamp":"2024-12-31T15:38:19.809Z"}
{"level":"info","message":"GET URL REQ line 1133=> http://localhost:6201/api/v1/user/profileData","timestamp":"2024-12-31T15:38:27.360Z"}
{"level":"info","message":"GET URL REQ line 1133=> http://localhost:6201/api/v1/user/profileData","timestamp":"2024-12-31T15:38:27.372Z"}
{"level":"info","message":"GET URL REQ => http://localhost:6201/api/v1/director/userData","timestamp":"2024-12-31T15:38:53.110Z"}
{"level":"info","message":"GET URL REQ => http://localhost:6201/api/v1/profile/passRegisterData","timestamp":"2024-12-31T15:38:53.121Z"}
{"level":"info","message":"GET URL REQ line 1133=> http://localhost:6201/api/v1/user/profileData","timestamp":"2024-12-31T15:38:53.261Z"}
{"level":"info","message":"GET URL REQ line 1133=> http://localhost:6201/api/v1/user/profileData","timestamp":"2024-12-31T15:38:53.279Z"}
{"level":"info","message":"GET URL REQ => http://localhost:6201/api/v1/director/userData","timestamp":"2024-12-31T15:39:02.219Z"}
{"level":"info","message":"GET URL REQ => http://localhost:6201/api/v1/profile/passRegisterData","timestamp":"2024-12-31T15:39:02.227Z"}
{"level":"info","message":"GET URL REQ line 1133=> http://localhost:6201/api/v1/user/profileData","timestamp":"2024-12-31T15:39:02.364Z"}
{"level":"info","message":"GET URL REQ line 1133=> http://localhost:6201/api/v1/user/profileData","timestamp":"2024-12-31T15:39:02.383Z"}
{"level":"info","message":"GET URL REQ => http://localhost:6201/api/v1/director/userData","timestamp":"2024-12-31T15:39:08.471Z"}
{"level":"info","message":"GET URL REQ => http://localhost:6201/api/v1/profile/passRegisterData","timestamp":"2024-12-31T15:39:08.480Z"}
{"level":"info","message":"GET URL REQ line 1133=> http://localhost:6201/api/v1/user/profileData","timestamp":"2024-12-31T15:39:08.603Z"}
{"level":"info","message":"GET URL REQ line 1133=> http://localhost:6201/api/v1/user/profileData","timestamp":"2024-12-31T15:39:08.620Z"}
{"level":"info","message":"GET URL REQ line 1133=> http://localhost:6201/api/v1/user/profileData","timestamp":"2024-12-31T15:39:20.113Z"}
{"level":"info","message":"GET URL REQ line 1133=> http://localhost:6201/api/v1/user/profileData","timestamp":"2024-12-31T15:39:20.129Z"}
{"level":"info","message":"GET URL REQ line 1133=> http://localhost:6201/api/v1/user/profileData","timestamp":"2024-12-31T15:39:33.956Z"}
{"level":"info","message":"GET URL REQ line 1133=> http://localhost:6201/api/v1/user/profileData","timestamp":"2024-12-31T15:39:33.966Z"}
{"level":"info","message":"GET URL REQ => http://localhost:6201/api/v1/profile/MemberList","timestamp":"2024-12-31T15:39:41.361Z"}
{"level":"info","message":"GET URL REQ => http://localhost:6201/api/v1/profile/sectionTime","timestamp":"2024-12-31T15:39:47.380Z"}
{"level":"info","message":"GET URL REQ => http://localhost:6201/api/v1/profile/sectionTime","timestamp":"2024-12-31T15:39:53.932Z"}
{"level":"info","message":"GET URL REQ => http://localhost:6201/api/v1/profile/PackageTime","timestamp":"2024-12-31T15:39:57.807Z"}
{"level":"error","message":"Error in Sending Package Timing Cannot read properties of undefined (reading 'refTimingId')","stack":"TypeError: Cannot read properties of undefined (reading 'refTimingId')\n    at ProfileRepository.<anonymous> (C:\\Users\\VIJAY L\\Desktop\\backend1\\src\\api\\profile\\profile-repository.ts:557:30)\n    at Generator.next (<anonymous>)\n    at fulfilled (C:\\Users\\VIJAY L\\Desktop\\backend1\\src\\api\\profile\\profile-repository.ts:5:58)\n    at processTicksAndRejections (node:internal/process/task_queues:95:5)","timestamp":"2024-12-31T15:39:57.880Z"}
{"level":"info","message":"GET URL REQ => http://localhost:6201/api/v1/profile/PackageTime","timestamp":"2024-12-31T15:39:59.258Z"}
{"level":"info","message":"GET URL REQ => http://localhost:6201/api/v1/profile/PackageTime","timestamp":"2024-12-31T15:40:07.032Z"}
{"level":"info","message":"\n\n\nGET URL REQ line 514=> http://localhost:6201/api/v1/profile/SessionUpdate\n\n\n","timestamp":"2024-12-31T15:40:28.266Z"}
{"level":"info","message":"server running --- from server.ts","timestamp":"2024-12-31T15:41:39.020Z"}
{"level":"info","message":"Router-----store Register Form Data","timestamp":"2024-12-31T15:41:39.202Z"}
{"level":"info","message":"GET URL REQ => http://localhost:6201/api/v1/validateTokenData","timestamp":"2024-12-31T15:41:39.205Z"}
{"level":"info","message":"Router-----store Register Form Data","timestamp":"2024-12-31T15:41:39.228Z"}
{"level":"info","message":"GET URL REQ => http://localhost:6201/api/v1/validateTokenData","timestamp":"2024-12-31T15:41:39.230Z"}
{"level":"info","message":"GET URL REQ => http://localhost:6201/api/v1/staff/userManagementPage","timestamp":"2024-12-31T15:41:40.004Z"}
{"level":"info","message":"GET URL REQ => http://localhost:6201/api/v1/staff/userManagementPage","timestamp":"2024-12-31T15:41:40.017Z"}
{"level":"info","message":"GET URL REQ => http://localhost:6201/api/v1/director/userData","timestamp":"2024-12-31T15:41:42.497Z"}
{"level":"info","message":"GET URL REQ => http://localhost:6201/api/v1/profile/passRegisterData","timestamp":"2024-12-31T15:41:42.507Z"}
{"level":"info","message":"GET URL REQ => http://localhost:6201/api/v1/director/userData","timestamp":"2024-12-31T15:41:49.443Z"}
{"level":"info","message":"GET URL REQ => http://localhost:6201/api/v1/profile/passRegisterData","timestamp":"2024-12-31T15:41:49.449Z"}
{"level":"info","message":"GET URL REQ line 1133=> http://localhost:6201/api/v1/user/profileData","timestamp":"2024-12-31T15:41:49.939Z"}
{"level":"info","message":"GET URL REQ line 1133=> http://localhost:6201/api/v1/user/profileData","timestamp":"2024-12-31T15:41:49.948Z"}
{"level":"info","message":"GET URL REQ => http://localhost:6201/api/v1/director/userData","timestamp":"2024-12-31T15:41:54.788Z"}
{"level":"info","message":"GET URL REQ => http://localhost:6201/api/v1/profile/passRegisterData","timestamp":"2024-12-31T15:41:54.798Z"}
{"level":"info","message":"GET URL REQ line 1133=> http://localhost:6201/api/v1/user/profileData","timestamp":"2024-12-31T15:41:54.908Z"}
{"level":"info","message":"GET URL REQ line 1133=> http://localhost:6201/api/v1/user/profileData","timestamp":"2024-12-31T15:41:54.927Z"}
{"level":"info","message":"GET URL REQ => http://localhost:6201/api/v1/profile/MemberList","timestamp":"2024-12-31T15:42:00.163Z"}
{"level":"info","message":"GET URL REQ => http://localhost:6201/api/v1/profile/sectionTime","timestamp":"2024-12-31T15:42:09.339Z"}
{"level":"info","message":"GET URL REQ => http://localhost:6201/api/v1/profile/PackageTime","timestamp":"2024-12-31T15:42:11.267Z"}
{"level":"error","message":"Error in Sending Package Timing Cannot read properties of undefined (reading 'refTimingId')","stack":"TypeError: Cannot read properties of undefined (reading 'refTimingId')\n    at ProfileRepository.<anonymous> (C:\\Users\\VIJAY L\\Desktop\\backend1\\src\\api\\profile\\profile-repository.ts:557:30)\n    at Generator.next (<anonymous>)\n    at fulfilled (C:\\Users\\VIJAY L\\Desktop\\backend1\\src\\api\\profile\\profile-repository.ts:5:58)\n    at processTicksAndRejections (node:internal/process/task_queues:95:5)","timestamp":"2024-12-31T15:42:11.389Z"}
{"level":"info","message":"GET URL REQ => http://localhost:6201/api/v1/profile/PackageTime","timestamp":"2024-12-31T15:42:12.537Z"}
{"level":"info","message":"\n\n\nGET URL REQ line 514=> http://localhost:6201/api/v1/profile/SessionUpdate\n\n\n","timestamp":"2024-12-31T15:42:21.984Z"}
{"level":"info","message":"Router-----store Register Form Data","timestamp":"2024-12-31T15:42:33.982Z"}
{"level":"info","message":"GET URL REQ => http://localhost:6201/api/v1/validateTokenData","timestamp":"2024-12-31T15:42:33.984Z"}
{"level":"info","message":"Router-----store Register Form Data","timestamp":"2024-12-31T15:42:33.990Z"}
{"level":"info","message":"GET URL REQ => http://localhost:6201/api/v1/validateTokenData","timestamp":"2024-12-31T15:42:33.991Z"}
{"level":"info","message":"GET URL REQ => http://localhost:6201/api/v1/staff/userManagementPage","timestamp":"2024-12-31T15:42:34.596Z"}
{"level":"info","message":"GET URL REQ => http://localhost:6201/api/v1/staff/userManagementPage","timestamp":"2024-12-31T15:42:34.615Z"}
{"level":"info","message":"GET URL REQ => http://localhost:6201/api/v1/director/userData","timestamp":"2024-12-31T15:42:36.854Z"}
{"level":"info","message":"GET URL REQ => http://localhost:6201/api/v1/profile/passRegisterData","timestamp":"2024-12-31T15:42:36.862Z"}
{"level":"info","message":"GET URL REQ line 1133=> http://localhost:6201/api/v1/user/profileData","timestamp":"2024-12-31T15:42:37.368Z"}
{"level":"info","message":"GET URL REQ line 1133=> http://localhost:6201/api/v1/user/profileData","timestamp":"2024-12-31T15:42:37.374Z"}
{"level":"info","message":"GET URL REQ => http://localhost:6201/api/v1/profile/MemberList","timestamp":"2024-12-31T15:42:45.218Z"}
{"level":"info","message":"GET URL REQ => http://localhost:6201/api/v1/profile/sectionTime","timestamp":"2024-12-31T15:42:49.136Z"}
{"level":"info","message":"GET URL REQ => http://localhost:6201/api/v1/profile/PackageTime","timestamp":"2024-12-31T15:42:51.175Z"}
{"level":"error","message":"Error in Sending Package Timing Cannot read properties of undefined (reading 'refTimingId')","stack":"TypeError: Cannot read properties of undefined (reading 'refTimingId')\n    at ProfileRepository.<anonymous> (C:\\Users\\VIJAY L\\Desktop\\backend1\\src\\api\\profile\\profile-repository.ts:557:30)\n    at Generator.next (<anonymous>)\n    at fulfilled (C:\\Users\\VIJAY L\\Desktop\\backend1\\src\\api\\profile\\profile-repository.ts:5:58)\n    at processTicksAndRejections (node:internal/process/task_queues:95:5)","timestamp":"2024-12-31T15:42:51.253Z"}
{"level":"info","message":"GET URL REQ => http://localhost:6201/api/v1/profile/PackageTime","timestamp":"2024-12-31T15:42:52.492Z"}
{"level":"info","message":"GET URL REQ => http://localhost:6201/api/v1/profile/PackageTime","timestamp":"2024-12-31T15:42:53.773Z"}
{"level":"info","message":"\n\n\nGET URL REQ line 514=> http://localhost:6201/api/v1/profile/SessionUpdate\n\n\n","timestamp":"2024-12-31T15:42:56.783Z"}
{"level":"info","message":"Router-----store Register Form Data","timestamp":"2024-12-31T15:43:02.771Z"}
{"level":"info","message":"GET URL REQ => http://localhost:6201/api/v1/validateTokenData","timestamp":"2024-12-31T15:43:02.772Z"}
{"level":"info","message":"Router-----store Register Form Data","timestamp":"2024-12-31T15:43:02.777Z"}
{"level":"info","message":"GET URL REQ => http://localhost:6201/api/v1/validateTokenData","timestamp":"2024-12-31T15:43:02.778Z"}
{"level":"info","message":"GET URL REQ => http://localhost:6201/api/v1/staff/userManagementPage","timestamp":"2024-12-31T15:43:02.989Z"}
{"level":"info","message":"GET URL REQ => http://localhost:6201/api/v1/staff/userManagementPage","timestamp":"2024-12-31T15:43:02.997Z"}
{"level":"info","message":"GET URL REQ => http://localhost:6201/api/v1/director/userData","timestamp":"2024-12-31T15:43:04.580Z"}
{"level":"info","message":"GET URL REQ => http://localhost:6201/api/v1/profile/passRegisterData","timestamp":"2024-12-31T15:43:04.587Z"}
{"level":"info","message":"GET URL REQ line 1133=> http://localhost:6201/api/v1/user/profileData","timestamp":"2024-12-31T15:43:04.999Z"}
{"level":"info","message":"GET URL REQ line 1133=> http://localhost:6201/api/v1/user/profileData","timestamp":"2024-12-31T15:43:05.007Z"}
{"level":"info","message":"GET URL REQ => http://localhost:6201/api/v1/director/userData","timestamp":"2024-12-31T15:43:20.378Z"}
{"level":"info","message":"GET URL REQ => http://localhost:6201/api/v1/profile/passRegisterData","timestamp":"2024-12-31T15:43:20.389Z"}
{"level":"info","message":"GET URL REQ line 1133=> http://localhost:6201/api/v1/user/profileData","timestamp":"2024-12-31T15:43:20.616Z"}
{"level":"info","message":"GET URL REQ line 1133=> http://localhost:6201/api/v1/user/profileData","timestamp":"2024-12-31T15:43:20.642Z"}
{"level":"info","message":"GET URL REQ => http://localhost:6201/api/v1/profile/MemberList","timestamp":"2024-12-31T15:43:26.090Z"}
{"level":"info","message":"GET URL REQ => http://localhost:6201/api/v1/profile/sectionTime","timestamp":"2024-12-31T15:43:34.767Z"}
{"level":"info","message":"GET URL REQ => http://localhost:6201/api/v1/profile/PackageTime","timestamp":"2024-12-31T15:43:42.957Z"}
{"level":"error","message":"Error in Sending Package Timing Cannot read properties of undefined (reading 'refTimingId')","stack":"TypeError: Cannot read properties of undefined (reading 'refTimingId')\n    at ProfileRepository.<anonymous> (C:\\Users\\VIJAY L\\Desktop\\backend1\\src\\api\\profile\\profile-repository.ts:557:30)\n    at Generator.next (<anonymous>)\n    at fulfilled (C:\\Users\\VIJAY L\\Desktop\\backend1\\src\\api\\profile\\profile-repository.ts:5:58)\n    at processTicksAndRejections (node:internal/process/task_queues:95:5)","timestamp":"2024-12-31T15:43:43.029Z"}
{"level":"info","message":"GET URL REQ => http://localhost:6201/api/v1/staff/userManagementPage","timestamp":"2024-12-31T15:44:09.476Z"}
{"level":"info","message":"GET URL REQ => http://localhost:6201/api/v1/staff/userManagementPage","timestamp":"2024-12-31T15:44:11.906Z"}
{"level":"info","message":"GET URL REQ => http://localhost:6201/api/v1/staff/userManagementPage","timestamp":"2024-12-31T15:44:14.434Z"}
{"level":"info","message":"GET URL REQ => http://localhost:6201/api/v1/staff/userManagementPage","timestamp":"2024-12-31T15:44:17.346Z"}
{"level":"info","message":"GET URL REQ => http://localhost:6201/api/v1/staff/userManagementPage","timestamp":"2024-12-31T15:44:20.385Z"}
{"level":"info","message":"GET URL REQ => http://localhost:6201/api/v1/staff/userManagementPage","timestamp":"2024-12-31T15:44:23.582Z"}
{"level":"info","message":"GET URL REQ => http://localhost:6201/api/v1/staff/userManagementPage","timestamp":"2024-12-31T15:44:32.770Z"}
{"level":"info","message":"GET URL REQ => http://localhost:6201/api/v1/staff/userManagementPage","timestamp":"2024-12-31T15:44:35.662Z"}
{"level":"info","message":"server running --- from server.ts","timestamp":"2024-12-31T15:45:25.491Z"}
{"level":"info","message":"Router-----store Register Form Data","timestamp":"2024-12-31T15:45:29.907Z"}
{"level":"info","message":"GET URL REQ => http://localhost:6201/api/v1/validateTokenData","timestamp":"2024-12-31T15:45:29.908Z"}
{"level":"info","message":"Router-----store Register Form Data","timestamp":"2024-12-31T15:45:29.920Z"}
{"level":"info","message":"GET URL REQ => http://localhost:6201/api/v1/validateTokenData","timestamp":"2024-12-31T15:45:29.921Z"}
{"level":"info","message":"GET URL REQ => http://localhost:6201/api/v1/staff/userManagementPage","timestamp":"2024-12-31T15:45:30.539Z"}
{"level":"info","message":"GET URL REQ => http://localhost:6201/api/v1/staff/userManagementPage","timestamp":"2024-12-31T15:45:30.555Z"}
{"level":"info","message":"GET URL REQ => http://localhost:6201/api/v1/director/userData","timestamp":"2024-12-31T15:45:32.062Z"}
{"level":"info","message":"GET URL REQ => http://localhost:6201/api/v1/profile/passRegisterData","timestamp":"2024-12-31T15:45:32.069Z"}
{"level":"info","message":"GET URL REQ line 1133=> http://localhost:6201/api/v1/user/profileData","timestamp":"2024-12-31T15:45:32.520Z"}
{"level":"info","message":"GET URL REQ line 1133=> http://localhost:6201/api/v1/user/profileData","timestamp":"2024-12-31T15:45:32.528Z"}
{"level":"info","message":"GET URL REQ => http://localhost:6201/api/v1/profile/MemberList","timestamp":"2024-12-31T15:45:37.107Z"}
{"level":"info","message":"GET URL REQ => http://localhost:6201/api/v1/profile/sectionTime","timestamp":"2024-12-31T15:45:39.656Z"}
{"level":"info","message":"GET URL REQ => http://localhost:6201/api/v1/profile/PackageTime","timestamp":"2024-12-31T15:45:50.058Z"}
{"level":"error","message":"Error in Sending Package Timing Cannot read properties of undefined (reading 'refTimingId')","stack":"TypeError: Cannot read properties of undefined (reading 'refTimingId')\n    at ProfileRepository.<anonymous> (C:\\Users\\VIJAY L\\Desktop\\backend1\\src\\api\\profile\\profile-repository.ts:559:30)\n    at Generator.next (<anonymous>)\n    at fulfilled (C:\\Users\\VIJAY L\\Desktop\\backend1\\src\\api\\profile\\profile-repository.ts:5:58)\n    at processTicksAndRejections (node:internal/process/task_queues:95:5)","timestamp":"2024-12-31T15:45:50.414Z"}
{"level":"info","message":"GET URL REQ => http://localhost:6201/api/v1/profile/PackageTime","timestamp":"2024-12-31T15:45:58.305Z"}
{"level":"info","message":"GET URL REQ => http://localhost:6201/api/v1/staff/userManagementPage","timestamp":"2024-12-31T15:46:45.149Z"}
{"level":"info","message":"GET URL REQ => http://localhost:6201/api/v1/staff/userManagementPage","timestamp":"2024-12-31T15:46:47.920Z"}
{"level":"info","message":"GET URL REQ => http://localhost:6201/api/v1/staff/userManagementPage","timestamp":"2024-12-31T15:46:56.569Z"}
{"level":"info","message":"GET URL REQ => http://localhost:6201/api/v1/staff/userManagementPage","timestamp":"2024-12-31T15:46:59.291Z"}
{"level":"info","message":"GET URL REQ => http://localhost:6201/api/v1/staff/userManagementPage","timestamp":"2024-12-31T15:47:07.520Z"}
{"level":"info","message":"GET URL REQ => http://localhost:6201/api/v1/staff/userManagementPage","timestamp":"2024-12-31T15:47:23.303Z"}
{"level":"info","message":"GET URL REQ => http://localhost:6201/api/v1/staff/userManagementPage","timestamp":"2024-12-31T15:47:25.762Z"}
{"level":"info","message":"GET URL REQ => http://localhost:6201/api/v1/staff/userManagementPage","timestamp":"2024-12-31T15:47:32.485Z"}
{"level":"info","message":"Router-----store Register Form Data","timestamp":"2024-12-31T15:47:42.095Z"}
{"level":"info","message":"GET URL REQ => http://localhost:6201/api/v1/validateTokenData","timestamp":"2024-12-31T15:47:42.098Z"}
{"level":"info","message":"Router-----store Register Form Data","timestamp":"2024-12-31T15:47:42.103Z"}
{"level":"info","message":"GET URL REQ => http://localhost:6201/api/v1/validateTokenData","timestamp":"2024-12-31T15:47:42.104Z"}
{"level":"info","message":"GET URL REQ => http://localhost:6201/api/v1/staff/userManagementPage","timestamp":"2024-12-31T15:47:42.342Z"}
{"level":"info","message":"GET URL REQ => http://localhost:6201/api/v1/staff/userManagementPage","timestamp":"2024-12-31T15:47:42.368Z"}
{"level":"info","message":"GET URL REQ => http://localhost:6201/api/v1/director/userData","timestamp":"2024-12-31T15:47:44.158Z"}
{"level":"info","message":"GET URL REQ => http://localhost:6201/api/v1/profile/passRegisterData","timestamp":"2024-12-31T15:47:44.166Z"}
{"level":"info","message":"GET URL REQ line 1133=> http://localhost:6201/api/v1/user/profileData","timestamp":"2024-12-31T15:47:44.669Z"}
{"level":"info","message":"GET URL REQ line 1133=> http://localhost:6201/api/v1/user/profileData","timestamp":"2024-12-31T15:47:44.677Z"}
{"level":"info","message":"GET URL REQ => http://localhost:6201/api/v1/profile/MemberList","timestamp":"2024-12-31T15:47:48.566Z"}
{"level":"info","message":"GET URL REQ => http://localhost:6201/api/v1/profile/sectionTime","timestamp":"2024-12-31T15:47:51.679Z"}
{"level":"info","message":"GET URL REQ => http://localhost:6201/api/v1/profile/PackageTime","timestamp":"2024-12-31T15:47:55.347Z"}
{"level":"info","message":"GET URL REQ => http://localhost:6201/api/v1/profile/PackageTime","timestamp":"2024-12-31T15:47:58.424Z"}
{"level":"info","message":"GET URL REQ => http://localhost:6201/api/v1/profile/PackageTime","timestamp":"2024-12-31T15:48:00.963Z"}
{"level":"info","message":"GET URL REQ => http://localhost:6201/api/v1/profile/PackageTime","timestamp":"2024-12-31T15:48:07.615Z"}
{"level":"info","message":"GET URL REQ => http://localhost:6201/api/v1/profile/PackageTime","timestamp":"2024-12-31T15:48:09.344Z"}
{"level":"info","message":"GET URL REQ => http://localhost:6201/api/v1/profile/MemberList","timestamp":"2024-12-31T15:48:22.344Z"}
{"level":"info","message":"Router-----store Register Form Data","timestamp":"2024-12-31T15:49:10.720Z"}
{"level":"info","message":"GET URL REQ => http://localhost:6201/api/v1/validateTokenData","timestamp":"2024-12-31T15:49:10.722Z"}
{"level":"info","message":"Router-----store Register Form Data","timestamp":"2024-12-31T15:49:10.728Z"}
{"level":"info","message":"GET URL REQ => http://localhost:6201/api/v1/validateTokenData","timestamp":"2024-12-31T15:49:10.729Z"}
{"level":"info","message":"GET URL REQ => http://localhost:6201/api/v1/staff/userManagementPage","timestamp":"2024-12-31T15:49:11.208Z"}
{"level":"info","message":"GET URL REQ => http://localhost:6201/api/v1/staff/userManagementPage","timestamp":"2024-12-31T15:49:11.230Z"}
{"level":"info","message":"GET URL REQ => http://localhost:6201/api/v1/director/userData","timestamp":"2024-12-31T15:49:12.836Z"}
{"level":"info","message":"GET URL REQ => http://localhost:6201/api/v1/profile/passRegisterData","timestamp":"2024-12-31T15:49:12.842Z"}
{"level":"info","message":"GET URL REQ line 1133=> http://localhost:6201/api/v1/user/profileData","timestamp":"2024-12-31T15:49:13.352Z"}
{"level":"info","message":"GET URL REQ line 1133=> http://localhost:6201/api/v1/user/profileData","timestamp":"2024-12-31T15:49:13.360Z"}
{"level":"info","message":"Router-----store Register Form Data","timestamp":"2024-12-31T15:49:25.317Z"}
{"level":"info","message":"GET URL REQ => http://localhost:6201/api/v1/validateTokenData","timestamp":"2024-12-31T15:49:25.319Z"}
{"level":"info","message":"Router-----store Register Form Data","timestamp":"2024-12-31T15:49:25.328Z"}
{"level":"info","message":"GET URL REQ => http://localhost:6201/api/v1/validateTokenData","timestamp":"2024-12-31T15:49:25.328Z"}
{"level":"info","message":"GET URL REQ => http://localhost:6201/api/v1/staff/userManagementPage","timestamp":"2024-12-31T15:49:26.669Z"}
{"level":"info","message":"GET URL REQ => http://localhost:6201/api/v1/staff/userManagementPage","timestamp":"2024-12-31T15:49:26.684Z"}
{"level":"info","message":"Router-----store Register Form Data","timestamp":"2024-12-31T15:50:15.661Z"}
{"level":"info","message":"GET URL REQ => http://localhost:6201/api/v1/validateTokenData","timestamp":"2024-12-31T15:50:15.663Z"}
{"level":"info","message":"Router-----store Register Form Data","timestamp":"2024-12-31T15:50:15.666Z"}
{"level":"info","message":"GET URL REQ => http://localhost:6201/api/v1/validateTokenData","timestamp":"2024-12-31T15:50:15.667Z"}
{"level":"info","message":"GET URL REQ => http://localhost:6201/api/v1/staff/userManagementPage","timestamp":"2024-12-31T15:50:16.165Z"}
{"level":"info","message":"GET URL REQ => http://localhost:6201/api/v1/staff/userManagementPage","timestamp":"2024-12-31T15:50:16.177Z"}
{"level":"info","message":"GET URL REQ => http://localhost:6201/api/v1/staff/userManagementPage","timestamp":"2024-12-31T15:50:18.450Z"}
{"level":"info","message":"GET URL REQ => http://localhost:6201/api/v1/staff/userManagementPage","timestamp":"2024-12-31T15:50:18.461Z"}
{"level":"info","message":"GET URL REQ => http://localhost:6201/api/v1/staff/userManagementPage","timestamp":"2024-12-31T15:50:20.241Z"}
{"level":"info","message":"Router-----store Register Form Data","timestamp":"2024-12-31T15:50:28.935Z"}
{"level":"info","message":"GET URL REQ => http://localhost:6201/api/v1/validateTokenData","timestamp":"2024-12-31T15:50:28.937Z"}
{"level":"info","message":"Router-----store Register Form Data","timestamp":"2024-12-31T15:50:28.943Z"}
{"level":"info","message":"GET URL REQ => http://localhost:6201/api/v1/validateTokenData","timestamp":"2024-12-31T15:50:28.944Z"}
{"level":"info","message":"GET URL REQ => http://localhost:6201/api/v1/staff/userManagementPage","timestamp":"2024-12-31T15:50:29.257Z"}
{"level":"info","message":"GET URL REQ => http://localhost:6201/api/v1/staff/userManagementPage","timestamp":"2024-12-31T15:50:29.276Z"}
{"level":"info","message":"GET URL REQ => http://localhost:6201/api/v1/staff/userManagementPage","timestamp":"2024-12-31T15:50:55.862Z"}
{"level":"info","message":"GET URL REQ => http://localhost:6201/api/v1/staff/userManagementPage","timestamp":"2024-12-31T15:51:02.146Z"}
{"level":"info","message":"GET URL REQ => http://localhost:6201/api/v1/staff/userManagementPage","timestamp":"2024-12-31T15:51:03.576Z"}
{"level":"info","message":"GET URL REQ => http://localhost:6201/api/v1/staff/userManagementPage","timestamp":"2024-12-31T15:51:08.211Z"}
{"level":"info","message":"GET URL REQ => http://localhost:6201/api/v1/staff/userManagementPage","timestamp":"2024-12-31T15:51:31.100Z"}
{"level":"info","message":"GET URL REQ => http://localhost:6201/api/v1/staff/userManagementPage","timestamp":"2024-12-31T15:51:33.502Z"}
{"level":"info","message":"GET URL REQ => http://localhost:6201/api/v1/staff/userManagementPage","timestamp":"2024-12-31T15:51:41.071Z"}
{"level":"info","message":"GET URL REQ => http://localhost:6201/api/v1/director/userData","timestamp":"2024-12-31T15:51:43.751Z"}
{"level":"info","message":"GET URL REQ => http://localhost:6201/api/v1/profile/passRegisterData","timestamp":"2024-12-31T15:51:43.762Z"}
{"level":"info","message":"GET URL REQ line 1133=> http://localhost:6201/api/v1/user/profileData","timestamp":"2024-12-31T15:51:44.255Z"}
{"level":"info","message":"GET URL REQ line 1133=> http://localhost:6201/api/v1/user/profileData","timestamp":"2024-12-31T15:51:44.264Z"}
{"level":"info","message":"GET URL REQ => http://localhost:6201/api/v1/staff/userManagementPage","timestamp":"2024-12-31T15:51:59.460Z"}
{"level":"info","message":"GET URL REQ => http://localhost:6201/api/v1/staff/userManagementPage","timestamp":"2024-12-31T15:52:10.624Z"}
{"level":"info","message":"GET URL REQ => http://localhost:6201/api/v1/staff/userManagementPage","timestamp":"2024-12-31T15:52:27.848Z"}
{"level":"info","message":"GET URL REQ => http://localhost:6201/api/v1/staff/userManagementPage","timestamp":"2024-12-31T15:52:31.500Z"}
{"level":"info","message":"GET URL REQ => http://localhost:6201/api/v1/staff/userManagementPage","timestamp":"2024-12-31T15:52:33.005Z"}
{"level":"info","message":"GET URL REQ => http://localhost:6201/api/v1/staff/userManagementPage","timestamp":"2024-12-31T15:52:40.107Z"}
{"level":"info","message":"GET URL REQ => http://localhost:6201/api/v1/staff/userManagementPage","timestamp":"2024-12-31T15:52:46.916Z"}
{"level":"info","message":"GET URL REQ => http://localhost:6201/api/v1/staff/userManagementPage","timestamp":"2024-12-31T15:52:47.442Z"}
{"level":"info","message":"GET URL REQ => http://localhost:6201/api/v1/staff/userManagementPage","timestamp":"2024-12-31T15:52:47.466Z"}
{"level":"info","message":"GET URL REQ => http://localhost:6201/api/v1/director/userData","timestamp":"2024-12-31T15:52:49.643Z"}
{"level":"info","message":"GET URL REQ => http://localhost:6201/api/v1/profile/passRegisterData","timestamp":"2024-12-31T15:52:49.655Z"}
{"level":"info","message":"GET URL REQ line 1133=> http://localhost:6201/api/v1/user/profileData","timestamp":"2024-12-31T15:52:50.104Z"}
{"level":"info","message":"GET URL REQ line 1133=> http://localhost:6201/api/v1/user/profileData","timestamp":"2024-12-31T15:52:50.111Z"}
{"level":"info","message":"GET URL REQ => http://localhost:6201/api/v1/staff/userManagementPage","timestamp":"2024-12-31T15:52:58.788Z"}
{"level":"info","message":"GET URL REQ => http://localhost:6201/api/v1/staff/userManagementPage","timestamp":"2024-12-31T15:53:05.456Z"}
{"level":"info","message":"GET URL REQ => http://localhost:6201/api/v1/staff/userManagementPage","timestamp":"2024-12-31T15:53:29.502Z"}
{"level":"info","message":"GET URL REQ => http://localhost:6201/api/v1/staff/userManagementPage","timestamp":"2024-12-31T15:53:36.822Z"}
{"level":"info","message":"GET URL REQ => http://localhost:6201/api/v1/staff/userManagementPage","timestamp":"2024-12-31T15:54:06.642Z"}
{"level":"info","message":"GET URL REQ => http://localhost:6201/api/v1/staff/userManagementPage","timestamp":"2024-12-31T15:54:22.905Z"}
{"level":"info","message":"GET URL REQ => http://localhost:6201/api/v1/staff/userManagementPage","timestamp":"2024-12-31T15:54:23.495Z"}
{"level":"info","message":"GET URL REQ => http://localhost:6201/api/v1/staff/userManagementPage","timestamp":"2024-12-31T15:54:39.733Z"}
{"level":"info","message":"GET URL REQ => http://localhost:6201/api/v1/staff/userManagementPage","timestamp":"2024-12-31T15:54:42.519Z"}
{"level":"info","message":"GET URL REQ => http://localhost:6201/api/v1/staff/userManagementPage","timestamp":"2024-12-31T15:54:46.170Z"}
{"level":"info","message":"GET URL REQ => http://localhost:6201/api/v1/staff/userManagementPage","timestamp":"2024-12-31T15:54:49.480Z"}
{"level":"info","message":"GET URL REQ => http://localhost:6201/api/v1/staff/userManagementPage","timestamp":"2024-12-31T15:54:52.912Z"}
{"level":"info","message":"GET URL REQ => http://localhost:6201/api/v1/staff/userManagementPage","timestamp":"2024-12-31T15:54:56.137Z"}
{"level":"info","message":"GET URL REQ => http://localhost:6201/api/v1/staff/userManagementPage","timestamp":"2024-12-31T15:55:00.518Z"}
{"level":"info","message":"GET URL REQ => http://localhost:6201/api/v1/staff/userManagementPage","timestamp":"2024-12-31T15:55:12.112Z"}
{"level":"info","message":"GET URL REQ => http://localhost:6201/api/v1/staff/userManagementPage","timestamp":"2024-12-31T15:55:17.757Z"}
{"level":"info","message":"GET URL REQ => http://localhost:6201/api/v1/staff/userManagementPage","timestamp":"2024-12-31T15:55:19.019Z"}
{"level":"info","message":"GET URL REQ => http://localhost:6201/api/v1/staff/userManagementPage","timestamp":"2024-12-31T15:55:20.845Z"}
{"level":"info","message":"GET URL REQ => http://localhost:6201/api/v1/staff/userManagementPage","timestamp":"2024-12-31T15:55:23.371Z"}
{"level":"info","message":"GET URL REQ => http://localhost:6201/api/v1/staff/userManagementPage","timestamp":"2024-12-31T15:55:28.706Z"}
{"level":"info","message":"GET URL REQ => http://localhost:6201/api/v1/staff/userManagementPage","timestamp":"2024-12-31T15:55:32.025Z"}
{"level":"info","message":"GET URL REQ => http://localhost:6201/api/v1/staff/userManagementPage","timestamp":"2024-12-31T15:55:42.978Z"}
{"level":"info","message":"GET URL REQ => http://localhost:6201/api/v1/staff/userManagementPage","timestamp":"2024-12-31T15:55:45.991Z"}
{"level":"info","message":"GET URL REQ => http://localhost:6201/api/v1/staff/userManagementPage","timestamp":"2024-12-31T15:55:49.499Z"}
{"level":"info","message":"GET URL REQ => http://localhost:6201/api/v1/staff/userManagementPage","timestamp":"2024-12-31T15:55:51.847Z"}
{"level":"info","message":"GET URL REQ => http://localhost:6201/api/v1/staff/userManagementPage","timestamp":"2024-12-31T15:55:57.562Z"}
{"level":"info","message":"GET URL REQ => http://localhost:6201/api/v1/staff/userManagementPage","timestamp":"2024-12-31T15:56:00.798Z"}
{"level":"info","message":"GET URL REQ => http://localhost:6201/api/v1/staff/userManagementPage","timestamp":"2024-12-31T15:56:01.458Z"}
{"level":"info","message":"GET URL REQ => http://localhost:6201/api/v1/profile/MemberList","timestamp":"2024-12-31T15:56:04.544Z"}
{"level":"info","message":"GET URL REQ => http://localhost:6201/api/v1/profile/sectionTime","timestamp":"2024-12-31T15:56:08.288Z"}
{"level":"info","message":"GET URL REQ => http://localhost:6201/api/v1/profile/PackageTime","timestamp":"2024-12-31T15:56:10.076Z"}
{"level":"info","message":"GET URL REQ => http://localhost:6201/api/v1/profile/MemberList","timestamp":"2024-12-31T15:56:15.966Z"}
{"level":"info","message":"GET URL REQ => http://localhost:6201/api/v1/staff/userManagementPage","timestamp":"2024-12-31T16:00:50.827Z"}
{"level":"info","message":"GET URL REQ => http://localhost:6201/api/v1/staff/userManagementPage","timestamp":"2024-12-31T16:01:13.217Z"}
{"level":"info","message":"GET URL REQ => http://localhost:6201/api/v1/staff/userManagementPage","timestamp":"2024-12-31T16:01:15.856Z"}
{"level":"info","message":"GET URL REQ => http://localhost:6201/api/v1/staff/userManagementPage","timestamp":"2024-12-31T16:01:19.666Z"}
{"level":"info","message":"GET URL REQ => http://localhost:6201/api/v1/staff/userManagementPage","timestamp":"2024-12-31T16:01:24.055Z"}
{"level":"info","message":"GET URL REQ => http://localhost:6201/api/v1/staff/userManagementPage","timestamp":"2024-12-31T16:01:27.374Z"}
{"level":"info","message":"GET URL REQ => http://localhost:6201/api/v1/staff/userManagementPage","timestamp":"2024-12-31T16:01:32.319Z"}
{"level":"info","message":"GET URL REQ => http://localhost:6201/api/v1/staff/userManagementPage","timestamp":"2024-12-31T16:01:40.041Z"}
{"level":"info","message":"GET URL REQ => http://localhost:6201/api/v1/staff/userManagementPage","timestamp":"2024-12-31T16:01:44.753Z"}
{"level":"info","message":"GET URL REQ => http://localhost:6201/api/v1/staff/userManagementPage","timestamp":"2024-12-31T16:01:49.936Z"}
{"level":"info","message":"GET URL REQ => http://localhost:6201/api/v1/staff/userManagementPage","timestamp":"2024-12-31T16:01:58.382Z"}
{"level":"info","message":"GET URL REQ => http://localhost:6201/api/v1/staff/userManagementPage","timestamp":"2024-12-31T16:02:02.282Z"}
{"level":"info","message":"GET URL REQ => http://localhost:6201/api/v1/staff/userManagementPage","timestamp":"2024-12-31T16:02:06.477Z"}
{"level":"info","message":"GET URL REQ => http://localhost:6201/api/v1/staff/userManagementPage","timestamp":"2024-12-31T16:02:10.699Z"}
{"level":"info","message":"GET URL REQ => http://localhost:6201/api/v1/staff/userManagementPage","timestamp":"2024-12-31T16:02:12.181Z"}
{"level":"info","message":"Router-----store Register Form Data","timestamp":"2024-12-31T16:02:16.474Z"}
{"level":"info","message":"GET URL REQ => http://localhost:6201/api/v1/validateTokenData","timestamp":"2024-12-31T16:02:16.476Z"}
{"level":"info","message":"Router-----store Register Form Data","timestamp":"2024-12-31T16:02:16.482Z"}
{"level":"info","message":"GET URL REQ => http://localhost:6201/api/v1/validateTokenData","timestamp":"2024-12-31T16:02:16.483Z"}
{"level":"info","message":"GET URL REQ => http://localhost:6201/api/v1/staff/userManagementPage","timestamp":"2024-12-31T16:02:16.740Z"}
{"level":"info","message":"GET URL REQ => http://localhost:6201/api/v1/staff/userManagementPage","timestamp":"2024-12-31T16:02:16.766Z"}
{"level":"info","message":"GET URL REQ => http://localhost:6201/api/v1/director/userData","timestamp":"2024-12-31T16:02:18.027Z"}
{"level":"info","message":"GET URL REQ => http://localhost:6201/api/v1/profile/passRegisterData","timestamp":"2024-12-31T16:02:18.036Z"}
{"level":"info","message":"GET URL REQ line 1133=> http://localhost:6201/api/v1/user/profileData","timestamp":"2024-12-31T16:02:18.557Z"}
{"level":"info","message":"GET URL REQ line 1133=> http://localhost:6201/api/v1/user/profileData","timestamp":"2024-12-31T16:02:18.563Z"}
{"level":"info","message":"GET URL REQ => http://localhost:6201/api/v1/profile/MemberList","timestamp":"2024-12-31T16:02:24.277Z"}
{"level":"info","message":"GET URL REQ => http://localhost:6201/api/v1/profile/sectionTime","timestamp":"2024-12-31T16:02:26.534Z"}
{"level":"info","message":"GET URL REQ => http://localhost:6201/api/v1/profile/PackageTime","timestamp":"2024-12-31T16:02:28.252Z"}
{"level":"info","message":"GET URL REQ => http://localhost:6201/api/v1/profile/MemberList","timestamp":"2024-12-31T16:02:31.699Z"}
{"level":"info","message":"GET URL REQ => http://localhost:6201/api/v1/profile/sectionTime","timestamp":"2024-12-31T16:02:38.595Z"}
{"level":"info","message":"GET URL REQ => http://localhost:6201/api/v1/profile/sectionTime","timestamp":"2024-12-31T16:02:44.103Z"}
{"level":"info","message":"GET URL REQ => http://localhost:6201/api/v1/profile/MemberList","timestamp":"2024-12-31T16:02:48.394Z"}
{"level":"info","message":"GET URL REQ => http://localhost:6201/api/v1/profile/sectionTime","timestamp":"2024-12-31T16:02:51.225Z"}
{"level":"info","message":"GET URL REQ => http://localhost:6201/api/v1/profile/PackageTime","timestamp":"2024-12-31T16:02:53.853Z"}
{"level":"info","message":"\n\n\nGET URL REQ line 514=> http://localhost:6201/api/v1/profile/SessionUpdate\n\n\n","timestamp":"2024-12-31T16:02:58.387Z"}
{"level":"info","message":"Router-----store Register Form Data","timestamp":"2024-12-31T16:03:03.881Z"}
{"level":"info","message":"GET URL REQ => http://localhost:6201/api/v1/validateTokenData","timestamp":"2024-12-31T16:03:03.882Z"}
{"level":"info","message":"Router-----store Register Form Data","timestamp":"2024-12-31T16:03:03.888Z"}
{"level":"info","message":"GET URL REQ => http://localhost:6201/api/v1/validateTokenData","timestamp":"2024-12-31T16:03:03.888Z"}
{"level":"info","message":"GET URL REQ => http://localhost:6201/api/v1/staff/userManagementPage","timestamp":"2024-12-31T16:03:04.122Z"}
{"level":"info","message":"GET URL REQ => http://localhost:6201/api/v1/staff/userManagementPage","timestamp":"2024-12-31T16:03:04.139Z"}
{"level":"info","message":"GET URL REQ => http://localhost:6201/api/v1/director/userData","timestamp":"2024-12-31T16:03:05.776Z"}
{"level":"info","message":"GET URL REQ => http://localhost:6201/api/v1/profile/passRegisterData","timestamp":"2024-12-31T16:03:05.785Z"}
{"level":"info","message":"GET URL REQ line 1133=> http://localhost:6201/api/v1/user/profileData","timestamp":"2024-12-31T16:03:06.153Z"}
{"level":"info","message":"GET URL REQ line 1133=> http://localhost:6201/api/v1/user/profileData","timestamp":"2024-12-31T16:03:06.159Z"}
{"level":"info","message":"GET URL REQ => http://localhost:6201/api/v1/director/userData","timestamp":"2024-12-31T16:03:17.604Z"}
{"level":"info","message":"GET URL REQ => http://localhost:6201/api/v1/profile/passRegisterData","timestamp":"2024-12-31T16:03:17.611Z"}
{"level":"info","message":"GET URL REQ line 1133=> http://localhost:6201/api/v1/user/profileData","timestamp":"2024-12-31T16:03:17.836Z"}
{"level":"info","message":"GET URL REQ line 1133=> http://localhost:6201/api/v1/user/profileData","timestamp":"2024-12-31T16:03:17.852Z"}
{"level":"info","message":"Router-----store Register Form Data","timestamp":"2024-12-31T16:07:19.210Z"}
{"level":"info","message":"GET URL REQ => http://localhost:6201/api/v1/validateTokenData","timestamp":"2024-12-31T16:07:19.211Z"}
{"level":"info","message":"Router-----store Register Form Data","timestamp":"2024-12-31T16:07:19.215Z"}
{"level":"info","message":"GET URL REQ => http://localhost:6201/api/v1/validateTokenData","timestamp":"2024-12-31T16:07:19.216Z"}
{"level":"info","message":"GET URL REQ => http://localhost:6201/api/v1/staff/userManagementPage","timestamp":"2024-12-31T16:07:19.942Z"}
{"level":"info","message":"GET URL REQ => http://localhost:6201/api/v1/staff/userManagementPage","timestamp":"2024-12-31T16:07:19.960Z"}
{"level":"info","message":"GET URL REQ => http://localhost:6201/api/v1/staff/userManagementPage","timestamp":"2024-12-31T16:07:22.599Z"}
{"level":"info","message":"GET URL REQ => http://localhost:6201/api/v1/staff/userManagementPage","timestamp":"2024-12-31T16:07:22.616Z"}
{"level":"info","message":"GET URL REQ => http://localhost:6201/api/v1/staff/userManagementPage","timestamp":"2024-12-31T16:08:19.650Z"}
{"level":"info","message":"GET URL REQ => http://localhost:6201/api/v1/staff/userManagementPage","timestamp":"2024-12-31T16:08:19.671Z"}
{"level":"info","message":"GET URL REQ => http://localhost:6201/api/v1/staff/userManagementPage","timestamp":"2024-12-31T16:08:33.912Z"}
{"level":"info","message":"GET URL REQ => http://localhost:6201/api/v1/director/userData","timestamp":"2024-12-31T16:08:36.568Z"}
{"level":"info","message":"GET URL REQ => http://localhost:6201/api/v1/profile/passRegisterData","timestamp":"2024-12-31T16:08:36.577Z"}
{"level":"info","message":"GET URL REQ line 1133=> http://localhost:6201/api/v1/user/profileData","timestamp":"2024-12-31T16:08:36.961Z"}
{"level":"info","message":"GET URL REQ line 1133=> http://localhost:6201/api/v1/user/profileData","timestamp":"2024-12-31T16:08:36.970Z"}
{"level":"info","message":"GET URL REQ line 1133=> http://localhost:6201/api/v1/user/profileData","timestamp":"2024-12-31T16:08:39.573Z"}
{"level":"info","message":"GET URL REQ line 1133=> http://localhost:6201/api/v1/user/profileData","timestamp":"2024-12-31T16:08:39.584Z"}
{"level":"info","message":"GET URL REQ => http://localhost:6201/api/v1/staff/userDataUpdate","timestamp":"2024-12-31T16:09:06.158Z"}
{"level":"info","message":"GET URL REQ => http://localhost:6201/api/v1/director/userData","timestamp":"2024-12-31T16:09:25.452Z"}
{"level":"info","message":"GET URL REQ => http://localhost:6201/api/v1/profile/passRegisterData","timestamp":"2024-12-31T16:09:25.464Z"}
{"level":"info","message":"GET URL REQ line 1133=> http://localhost:6201/api/v1/user/profileData","timestamp":"2024-12-31T16:09:25.627Z"}
{"level":"info","message":"GET URL REQ line 1133=> http://localhost:6201/api/v1/user/profileData","timestamp":"2024-12-31T16:09:25.648Z"}
{"level":"info","message":"GET URL REQ line 1133=> http://localhost:6201/api/v1/user/profileData","timestamp":"2024-12-31T16:09:29.814Z"}
{"level":"info","message":"GET URL REQ line 1133=> http://localhost:6201/api/v1/user/profileData","timestamp":"2024-12-31T16:09:29.824Z"}
{"level":"info","message":"Router-----store Register Form Data","timestamp":"2024-12-31T16:09:34.719Z"}
{"level":"info","message":"GET URL REQ => http://localhost:6201/api/v1/validateTokenData","timestamp":"2024-12-31T16:09:34.720Z"}
{"level":"info","message":"Router-----store Register Form Data","timestamp":"2024-12-31T16:09:34.726Z"}
{"level":"info","message":"GET URL REQ => http://localhost:6201/api/v1/validateTokenData","timestamp":"2024-12-31T16:09:34.727Z"}
{"level":"info","message":"GET URL REQ => http://localhost:6201/api/v1/director/userAuditList","timestamp":"2024-12-31T16:09:35.100Z"}
{"level":"info","message":"GET URL REQ => http://localhost:6201/api/v1/director/userAuditList","timestamp":"2024-12-31T16:09:35.107Z"}
{"level":"info","message":"GET URL REQ => http://localhost:6201/api/v1/director/userAuditList","timestamp":"2024-12-31T16:09:35.159Z"}
{"level":"info","message":"GET URL REQ => http://localhost:6201/api/v1/director/userUpdateAuditList","timestamp":"2024-12-31T16:09:37.110Z"}
{"level":"info","message":"GET URL REQ => http://localhost:6201/api/v1/director/userDataListApproval","timestamp":"2024-12-31T16:09:37.124Z"}
{"level":"info","message":"GET URL REQ => http://localhost:6201/api/v1/director/userDataUpdateApprovalBtn","timestamp":"2024-12-31T16:09:43.512Z"}
{"level":"info","message":"GET URL REQ => http://localhost:6201/api/v1/director/userDataListApproval","timestamp":"2024-12-31T16:09:44.871Z"}
{"level":"info","message":"GET URL REQ => http://localhost:6201/api/v1/director/userDataListApproval","timestamp":"2024-12-31T16:09:44.954Z"}
{"level":"info","message":"GET URL REQ => http://localhost:6201/api/v1/director/userAuditList","timestamp":"2024-12-31T16:09:44.961Z"}
{"level":"info","message":"GET URL REQ => http://localhost:6201/api/v1/director/userDataUpdateApprovalBtn","timestamp":"2024-12-31T16:09:48.326Z"}
{"level":"info","message":"GET URL REQ => http://localhost:6201/api/v1/director/userDataListApproval","timestamp":"2024-12-31T16:09:49.616Z"}
{"level":"info","message":"GET URL REQ => http://localhost:6201/api/v1/director/userDataListApproval","timestamp":"2024-12-31T16:09:49.695Z"}
{"level":"info","message":"GET URL REQ => http://localhost:6201/api/v1/director/userAuditList","timestamp":"2024-12-31T16:09:49.700Z"}
{"level":"info","message":"Router-----store Register Form Data","timestamp":"2024-12-31T16:10:33.535Z"}
{"level":"info","message":"GET URL REQ => http://localhost:6201/api/v1/validateTokenData","timestamp":"2024-12-31T16:10:33.537Z"}
{"level":"info","message":"Router-----store Register Form Data","timestamp":"2024-12-31T16:10:33.545Z"}
{"level":"info","message":"GET URL REQ => http://localhost:6201/api/v1/validateTokenData","timestamp":"2024-12-31T16:10:33.547Z"}
{"level":"info","message":"GET URL REQ => http://localhost:6201/api/v1/staff/userManagementPage","timestamp":"2024-12-31T16:10:34.102Z"}
{"level":"info","message":"GET URL REQ => http://localhost:6201/api/v1/staff/userManagementPage","timestamp":"2024-12-31T16:10:34.117Z"}
{"level":"info","message":"GET URL REQ => http://localhost:6201/api/v1/director/userData","timestamp":"2024-12-31T16:10:36.514Z"}
{"level":"info","message":"GET URL REQ => http://localhost:6201/api/v1/profile/passRegisterData","timestamp":"2024-12-31T16:10:36.524Z"}
{"level":"info","message":"GET URL REQ => http://localhost:6201/api/v1/director/userData","timestamp":"2024-12-31T16:10:42.748Z"}
{"level":"info","message":"GET URL REQ => http://localhost:6201/api/v1/profile/passRegisterData","timestamp":"2024-12-31T16:10:42.756Z"}
{"level":"info","message":"GET URL REQ line 1133=> http://localhost:6201/api/v1/user/profileData","timestamp":"2024-12-31T16:10:43.171Z"}
{"level":"info","message":"GET URL REQ line 1133=> http://localhost:6201/api/v1/user/profileData","timestamp":"2024-12-31T16:10:43.178Z"}
{"level":"info","message":"GET URL REQ => http://localhost:6201/api/v1/profile/MemberList","timestamp":"2024-12-31T16:11:28.674Z"}
{"level":"info","message":"GET URL REQ => http://localhost:6201/api/v1/profile/sectionTime","timestamp":"2024-12-31T16:11:31.602Z"}
{"level":"info","message":"GET URL REQ => http://localhost:6201/api/v1/profile/PackageTime","timestamp":"2024-12-31T16:11:33.665Z"}
{"level":"info","message":"\n\n\nGET URL REQ line 514=> http://localhost:6201/api/v1/profile/SessionUpdate\n\n\n","timestamp":"2024-12-31T16:11:37.249Z"}
{"level":"info","message":"Router-----store Register Form Data","timestamp":"2024-12-31T16:11:48.696Z"}
{"level":"info","message":"GET URL REQ => http://localhost:6201/api/v1/validateTokenData","timestamp":"2024-12-31T16:11:48.697Z"}
{"level":"info","message":"Router-----store Register Form Data","timestamp":"2024-12-31T16:11:48.704Z"}
{"level":"info","message":"GET URL REQ => http://localhost:6201/api/v1/validateTokenData","timestamp":"2024-12-31T16:11:48.705Z"}
{"level":"info","message":"GET URL REQ => http://localhost:6201/api/v1/staff/userManagementPage","timestamp":"2024-12-31T16:11:49.164Z"}
{"level":"info","message":"GET URL REQ => http://localhost:6201/api/v1/staff/userManagementPage","timestamp":"2024-12-31T16:11:49.184Z"}
{"level":"info","message":"GET URL REQ => http://localhost:6201/api/v1/director/userData","timestamp":"2024-12-31T16:11:53.124Z"}
{"level":"info","message":"GET URL REQ => http://localhost:6201/api/v1/profile/passRegisterData","timestamp":"2024-12-31T16:11:53.132Z"}
{"level":"info","message":"GET URL REQ line 1133=> http://localhost:6201/api/v1/user/profileData","timestamp":"2024-12-31T16:11:53.736Z"}
{"level":"info","message":"GET URL REQ line 1133=> http://localhost:6201/api/v1/user/profileData","timestamp":"2024-12-31T16:11:53.745Z"}
{"level":"info","message":"GET URL REQ => http://localhost:6201/api/v1/staff/userManagementPage","timestamp":"2024-12-31T16:12:58.707Z"}
{"level":"info","message":"GET URL REQ => http://localhost:6201/api/v1/staff/userManagementPage","timestamp":"2024-12-31T16:13:56.415Z"}
{"level":"info","message":"GET URL REQ => http://localhost:6201/api/v1/staff/userManagementPage","timestamp":"2024-12-31T16:14:01.706Z"}
{"level":"info","message":"GET URL REQ => http://localhost:6201/api/v1/staff/userManagementPage","timestamp":"2024-12-31T16:14:12.803Z"}
{"level":"info","message":"GET URL REQ => http://localhost:6201/api/v1/staff/userManagementPage","timestamp":"2024-12-31T16:14:18.083Z"}
{"level":"info","message":"GET URL REQ => http://localhost:6201/api/v1/staff/userManagementPage","timestamp":"2024-12-31T16:14:34.390Z"}
{"level":"info","message":"GET URL REQ => http://localhost:6201/api/v1/staff/userManagementPage","timestamp":"2024-12-31T16:14:37.313Z"}
{"level":"info","message":"GET URL REQ => http://localhost:6201/api/v1/staff/userManagementPage","timestamp":"2024-12-31T16:14:41.793Z"}
{"level":"info","message":"GET URL REQ => http://localhost:6201/api/v1/staff/userManagementPage","timestamp":"2024-12-31T16:14:46.749Z"}
{"level":"info","message":"GET URL REQ => http://localhost:6201/api/v1/staff/userManagementPage","timestamp":"2024-12-31T16:14:56.387Z"}
{"level":"info","message":"GET URL REQ => http://localhost:6201/api/v1/profile/MemberList","timestamp":"2024-12-31T16:15:05.239Z"}
{"level":"info","message":"GET URL REQ => http://localhost:6201/api/v1/profile/sectionTime","timestamp":"2024-12-31T16:15:09.438Z"}
{"level":"info","message":"GET URL REQ => http://localhost:6201/api/v1/profile/PackageTime","timestamp":"2024-12-31T16:15:11.002Z"}
{"level":"info","message":"\n\n\nGET URL REQ line 514=> http://localhost:6201/api/v1/profile/SessionUpdate\n\n\n","timestamp":"2024-12-31T16:15:14.100Z"}
{"level":"info","message":"GET URL REQ => http://localhost:6201/api/v1/staff/userManagementPage","timestamp":"2024-12-31T16:15:14.324Z"}
{"level":"info","message":"GET URL REQ line 1133=> http://localhost:6201/api/v1/user/profileData","timestamp":"2024-12-31T16:15:21.814Z"}
{"level":"info","message":"GET URL REQ line 1133=> http://localhost:6201/api/v1/user/profileData","timestamp":"2024-12-31T16:15:21.822Z"}
